index,cluster
0,2
1,2
2,1
3,1
4,2
5,2
6,1
7,1
8,2
9,2
10,0
11,2
12,2
13,2
14,1
15,1
16,1
17,1
18,2
19,2
20,1
21,1
22,3
23,1
24,2
25,1
26,0
27,1
28,0
29,1
30,3
31,1
32,1
33,1
34,1
35,1
36,2
37,1
38,2
39,2
40,1
41,1
42,2
43,1
44,2
45,1
46,2
47,1
48,3
49,0
50,0
51,1
52,1
53,1
54,1
55,1
56,2
57,1
58,2
59,0
60,1
61,1
62,1
63,0
64,1
65,2
66,0
67,1
68,1
69,1
70,2
71,1
72,1
73,1
74,2
75,1
76,0
77,1
78,1
79,1
80,2
81,1
82,2
83,2
84,1
85,1
86,2
87,0
88,3
89,0
90,2
91,1
92,2
93,2
94,2
95,1
96,1
97,1
98,1
99,1
100,1
101,2
102,2
103,3
104,1
105,1
106,1
107,0
108,2
109,0
110,1
111,1
112,0
113,2
114,2
115,1
116,2
117,3
118,2
119,1
120,0
121,3
122,1
123,2
124,2
125,2
126,0
127,1
128,1
129,1
130,1
131,1
132,1
133,3
134,1
135,1
136,1
137,1
138,3
139,1
140,1
141,2
142,1
143,1
144,2
145,3
146,0
147,2
148,1
149,2
150,1
151,2
152,1
153,2
154,2
155,1
156,1
157,3
158,1
159,3
160,2
161,2
162,1
163,1
164,1
165,1
166,0
167,1
168,1
169,1
170,1
171,1
172,1
173,2
174,2
175,2
176,1
177,1
178,2
179,1
180,2
181,1
182,1
183,2
184,2
185,1
186,3
187,2
188,3
189,1
190,1
191,2
192,0
193,1
194,1
195,1
196,1
197,1
198,1
199,1
200,0
201,2
202,2
203,2
204,1
205,1
206,3
207,1
208,1
209,1
210,0
211,1
212,1
213,1
214,1
215,1
216,1
217,2
218,1
219,1
220,2
221,0
222,1
223,2
224,1
225,2
226,3
227,1
228,1
229,3
230,2
231,2
232,1
233,1
234,1
235,1
236,1
237,1
238,2
239,1
240,2
241,0
242,1
243,1
244,1
245,0
246,1
247,2
248,1
249,1
250,1
251,0
252,2
253,1
254,1
255,1
256,1
257,1
258,0
259,2
260,1
261,2
262,2
263,1
264,2
265,2
266,1
267,2
268,1
269,2
270,1
271,0
272,1
273,2
274,1
275,0
276,1
277,0
278,2
279,1
280,1
281,1
282,1
283,1
284,2
285,2
286,2
287,0
288,2
289,2
290,2
291,1
292,1
293,1
294,1
295,1
296,1
297,1
298,3
299,1
300,1
301,2
302,1
303,3
304,1
305,0
306,1
307,2
308,1
309,1
310,1
311,1
312,1
313,0
314,1
315,1
316,2
317,2
318,1
319,1
320,1
321,2
322,2
323,2
324,2
325,1
326,2
327,1
328,1
329,1
330,1
331,1
332,1
333,1
334,2
335,2
336,3
337,0
338,1
339,1
340,1
341,2
342,1
343,1
344,1
345,1
346,1
347,1
348,1
349,1
350,1
351,2
352,0
353,1
354,3
355,1
356,1
357,1
358,1
359,1
360,3
361,1
362,1
363,1
364,2
365,2
366,1
367,1
368,1
369,0
370,2
371,1
372,1
373,2
374,0
375,3
376,3
377,1
378,1
379,0
380,1
381,1
382,1
383,2
384,1
385,0
386,1
387,1
388,1
389,1
390,1
391,1
392,2
393,1
394,1
395,0
396,3
397,0
398,1
399,2
400,2
401,2
402,3
403,2
404,0
405,1
406,1
407,1
408,2
409,1
410,1
411,1
412,1
413,1
414,1
415,1
416,1
417,1
418,0
419,1
420,1
421,1
422,1
423,0
424,0
425,2
426,1
427,2
428,1
429,2
430,0
431,1
432,1
433,3
434,2
435,1
436,1
437,0
438,1
439,2
440,1
441,1
442,1
443,1
444,2
445,1
446,2
447,1
448,1
449,1
450,2
451,2
452,1
453,1
454,0
455,1
456,2
457,1
458,1
459,1
460,1
461,1
462,1
463,1
464,1
465,2
466,2
467,1
468,1
469,1
470,1
471,3
472,2
473,0
474,1
475,1
476,2
477,0
478,0
479,0
480,1
481,0
482,1
483,2
484,1
485,0
486,2
487,1
488,1
489,1
490,2
491,2
492,0
493,1
494,1
495,2
496,1
497,2
498,1
499,1
500,0
501,1
502,1
503,1
504,1
505,1
506,0
507,1
508,1
509,1
510,1
511,1
512,1
513,1
514,1
515,0
516,2
517,0
518,1
519,0
520,1
521,2
522,1
523,1
524,2
525,1
526,1
527,1
528,3
529,0
530,2
531,2
532,2
533,1
534,1
535,1
536,1
537,2
538,1
539,0
540,1
541,3
542,0
543,1
544,2
545,2
546,1
547,3
548,1
549,2
550,2
551,1
552,1
553,1
554,2
555,1
556,2
557,1
558,1
559,1
560,2
561,1
562,0
563,2
564,2
565,0
566,1
567,1
568,0
569,2
570,2
571,1
572,1
573,0
574,1
575,0
576,1
577,0
578,1
579,2
580,1
581,1
582,0
583,2
584,0
585,1
586,2
587,2
588,1
589,2
590,0
591,1
592,1
593,0
594,1
595,2
596,1
597,1
598,2
599,1
600,0
601,2
602,1
603,1
604,1
605,1
606,1
607,1
608,1
609,0
610,1
611,2
612,1
613,2
614,1
615,1
616,3
617,1
618,1
619,2
620,0
621,1
622,1
623,1
624,1
625,0
626,0
627,1
628,1
629,1
630,1
631,1
632,2
633,2
634,1
635,1
636,1
637,0
638,1
639,2
640,0
641,3
642,2
643,1
644,2
645,3
646,1
647,1
648,2
649,2
650,1
651,1
652,1
653,1
654,2
655,1
656,2
657,2
658,1
659,1
660,1
661,1
662,2
663,1
664,3
665,2
666,1
667,2
668,1
669,1
670,1
671,1
672,1
673,3
674,1
675,1
676,1
677,2
678,1
679,2
680,1
681,0
682,2
683,1
684,1
685,2
686,1
687,1
688,1
689,2
690,2
691,2
692,1
693,0
694,1
695,1
696,1
697,2
698,1
699,1
700,1
701,1
702,1
703,0
704,0
705,1
706,1
707,1
708,2
709,1
710,1
711,1
712,0
713,1
714,1
715,0
716,1
717,2
718,1
719,3
720,0
721,0
722,0
723,1
724,3
725,1
726,0
727,2
728,1
729,0
730,1
731,1
732,1
733,2
734,3
735,2
736,3
737,1
738,1
739,1
740,0
741,2
742,2
743,1
744,1
745,1
746,1
747,1
748,0
749,0
750,0
751,1
752,0
753,1
754,2
755,1
756,1
757,3
758,1
759,1
760,1
761,1
762,2
763,1
764,1
765,1
766,1
767,1
768,2
769,2
770,1
771,1
772,0
773,1
774,2
775,1
776,1
777,0
778,2
779,2
780,1
781,2
782,0
783,0
784,2
785,2
786,1
787,1
788,1
789,2
790,0
791,1
792,1
793,1
794,0
795,1
796,1
797,1
798,1
799,0
800,2
801,2
802,0
803,2
804,3
805,1
806,0
807,1
808,1
809,1
810,1
811,1
812,2
813,0
814,2
815,0
816,2
817,1
818,2
819,2
820,1
821,2
822,0
823,2
824,0
825,2
826,2
827,1
828,0
829,1
830,1
831,1
832,1
833,0
834,2
835,1
836,1
837,1
838,1
839,0
840,1
841,1
842,2
843,2
844,1
845,1
846,1
847,1
848,1
849,1
850,1
851,1
852,1
853,0
854,1
855,1
856,0
857,1
858,1
859,1
860,0
861,2
862,3
863,1
864,2
865,2
866,1
867,1
868,1
869,1
870,1
871,1
872,3
873,1
874,1
875,1
876,2
877,1
878,1
879,1
880,0
881,1
882,2
883,2
884,1
885,1
886,0
887,1
888,1
889,1
890,0
891,1
892,2
893,1
894,2
895,3
896,1
897,0
898,1
899,1
900,2
901,1
902,1
903,1
904,2
905,1
906,1
907,1
908,1
909,1
910,1
911,1
912,3
913,1
914,1
915,0
916,1
917,0
918,2
919,0
920,1
921,2
922,1
923,3
924,1
925,0
926,1
927,2
928,1
929,1
930,0
931,0
932,1
933,1
934,1
935,1
936,2
937,1
938,1
939,1
940,1
941,0
942,2
943,1
944,1
945,1
946,0
947,0
948,1
949,2
950,1
951,3
952,1
953,1
954,0
955,1
956,1
957,1
958,1
959,0
960,1
961,2
962,1
963,0
964,3
965,1
966,2
967,2
968,0
969,1
970,2
971,0
972,1
973,3
974,1
975,1
976,1
977,1
978,2
979,0
980,1
981,3
982,1
983,2
984,0
985,2
986,3
987,0
988,3
989,1
990,1
991,3
992,2
993,1
994,2
995,2
996,1
997,0
998,1
999,1
1000,1
1001,1
1002,2
1003,0
1004,1
1005,2
1006,2
1007,2
1008,1
1009,1
1010,2
1011,1
1012,3
1013,1
1014,0
1015,3
1016,2
1017,2
1018,1
1019,2
1020,1
1021,2
1022,0
1023,2
1024,2
1025,2
1026,1
1027,1
1028,1
1029,0
1030,2
1031,2
1032,1
1033,1
1034,1
1035,2
1036,1
1037,1
1038,0
1039,1
1040,1
1041,2
1042,1
1043,1
1044,1
1045,0
1046,2
1047,0
1048,0
1049,1
1050,1
1051,1
1052,1
1053,2
1054,0
1055,2
1056,0
1057,0
1058,1
1059,1
1060,1
1061,1
1062,0
1063,1
1064,0
1065,1
1066,2
1067,1
1068,2
1069,1
1070,0
1071,2
1072,3
1073,1
1074,2
1075,2
1076,1
1077,1
1078,1
1079,0
1080,1
1081,1
1082,1
1083,0
1084,1
1085,1
1086,2
1087,2
1088,1
1089,1
1090,1
1091,1
1092,0
1093,2
1094,1
1095,1
1096,0
1097,2
1098,1
1099,2
1100,0
1101,2
1102,1
1103,0
1104,2
1105,2
1106,2
1107,1
1108,2
1109,1
1110,2
1111,1
1112,0
1113,0
1114,1
1115,2
1116,1
1117,1
1118,2
1119,2
1120,1
1121,1
1122,1
1123,1
1124,1
1125,0
1126,0
1127,1
1128,2
1129,3
1130,1
1131,2
1132,1
1133,1
1134,1
1135,1
1136,1
1137,1
1138,1
1139,2
1140,1
1141,1
1142,0
1143,1
1144,1
1145,2
1146,1
1147,1
1148,1
1149,2
1150,0
1151,1
1152,3
1153,1
1154,2
1155,0
1156,2
1157,1
1158,1
1159,0
1160,1
1161,1
1162,1
1163,3
1164,1
1165,1
1166,2
1167,2
1168,1
1169,0
1170,1
1171,1
1172,2
1173,3
1174,2
1175,1
1176,1
1177,3
1178,2
1179,1
1180,1
1181,1
1182,2
1183,1
1184,2
1185,1
1186,1
1187,0
1188,2
1189,1
1190,3
1191,0
1192,2
1193,1
1194,1
1195,0
1196,1
1197,1
1198,2
1199,0
1200,2
1201,1
1202,1
1203,1
1204,1
1205,2
1206,2
1207,1
1208,0
1209,1
1210,2
1211,2
1212,2
1213,1
1214,1
1215,0
1216,1
1217,1
1218,1
1219,1
1220,1
1221,1
1222,1
1223,1
1224,2
1225,2
1226,1
1227,2
1228,1
1229,2
1230,1
1231,2
1232,2
1233,1
1234,1
1235,1
1236,2
1237,2
1238,0
1239,2
1240,1
1241,1
1242,1
1243,3
1244,0
1245,2
1246,0
1247,1
1248,1
1249,1
1250,1
1251,1
1252,2
1253,1
1254,1
1255,1
1256,2
1257,1
1258,2
1259,2
1260,2
1261,1
1262,1
1263,0
1264,1
1265,2
1266,2
1267,1
1268,2
1269,2
1270,0
1271,0
1272,1
1273,1
1274,3
1275,1
1276,2
1277,3
1278,1
1279,1
1280,1
1281,1
1282,2
1283,1
1284,0
1285,1
1286,2
1287,1
1288,0
1289,1
1290,1
1291,2
1292,0
1293,1
1294,1
1295,0
1296,2
1297,1
1298,0
1299,1
1300,0
1301,0
1302,2
1303,1
1304,1
1305,2
1306,1
1307,1
1308,1
1309,2
1310,1
1311,1
1312,3
1313,1
1314,1
1315,0
1316,1
1317,1
1318,2
1319,2
1320,2
1321,1
1322,3
1323,0
1324,1
1325,3
1326,2
1327,1
1328,0
1329,1
1330,0
1331,0
1332,1
1333,2
1334,0
1335,1
1336,1
1337,1
1338,2
1339,1
1340,1
1341,1
1342,1
1343,1
1344,1
1345,3
1346,0
1347,0
1348,2
1349,2
1350,2
1351,2
1352,2
1353,1
1354,1
1355,1
1356,1
1357,1
1358,1
1359,1
1360,1
1361,2
1362,1
1363,2
1364,1
1365,3
1366,1
1367,1
1368,0
1369,0
1370,1
1371,1
1372,1
1373,1
1374,0
1375,1
1376,3
1377,0
1378,1
1379,0
1380,1
1381,1
1382,2
1383,2
1384,1
1385,0
1386,1
1387,1
1388,1
1389,0
1390,2
1391,0
1392,2
1393,2
1394,0
1395,2
1396,3
1397,1
1398,2
1399,1
1400,1
1401,1
1402,3
1403,1
1404,1
1405,1
1406,2
1407,1
1408,1
1409,1
1410,2
1411,1
1412,1
1413,2
1414,1
1415,1
1416,1
1417,1
1418,1
1419,3
1420,1
1421,1
1422,2
1423,1
1424,2
1425,3
1426,1
1427,1
1428,1
1429,1
1430,1
1431,1
1432,2
1433,0
1434,1
1435,1
1436,1
1437,1
1438,1
1439,1
1440,1
1441,1
1442,2
1443,3
1444,1
1445,1
1446,1
1447,0
1448,0
1449,2
1450,0
1451,2
1452,1
1453,0
1454,1
1455,1
1456,1
1457,1
1458,2
1459,1
1460,2
1461,2
1462,0
1463,0
1464,2
1465,0
1466,2
1467,1
1468,0
1469,1
1470,1
1471,1
1472,1
1473,1
1474,1
1475,1
1476,0
1477,2
1478,2
1479,1
1480,2
1481,1
1482,2
1483,1
1484,1
1485,1
1486,0
1487,3
1488,1
1489,1
1490,1
1491,2
1492,1
1493,2
1494,3
1495,0
1496,1
1497,2
1498,1
1499,1
1500,0
1501,1
1502,0
1503,0
1504,0
1505,1
1506,2
1507,2
1508,2
1509,2
1510,1
1511,1
1512,1
1513,0
1514,1
1515,1
1516,1
1517,1
1518,1
1519,1
1520,2
1521,1
1522,1
1523,1
1524,3
1525,2
1526,2
1527,1
1528,1
1529,0
1530,1
1531,1
1532,2
1533,2
1534,0
1535,1
1536,1
1537,2
1538,2
1539,1
1540,0
1541,1
1542,1
1543,0
1544,2
1545,1
1546,0
1547,3
1548,1
1549,3
1550,1
1551,2
1552,1
1553,1
1554,0
1555,1
1556,0
1557,3
1558,1
1559,1
1560,1
1561,0
1562,1
1563,1
1564,1
1565,0
1566,1
1567,1
1568,2
1569,3
1570,1
1571,1
1572,2
1573,1
1574,1
1575,2
1576,2
1577,2
1578,1
1579,1
1580,0
1581,2
1582,1
1583,1
1584,1
1585,1
1586,1
1587,2
1588,1
1589,0
1590,1
1591,1
1592,2
1593,0
1594,2
1595,2
1596,3
1597,0
1598,2
1599,1
1600,1
1601,2
1602,0
1603,0
1604,2
1605,1
1606,1
1607,1
1608,1
1609,0
1610,1
1611,1
1612,1
1613,2
1614,0
1615,0
1616,1
1617,0
1618,2
1619,1
1620,2
1621,2
1622,1
1623,1
1624,1
1625,1
1626,1
1627,2
1628,0
1629,1
1630,1
1631,1
1632,3
1633,1
1634,2
1635,1
1636,1
1637,2
1638,2
1639,2
1640,2
1641,2
1642,2
1643,1
1644,1
1645,2
1646,1
1647,2
1648,1
1649,1
1650,2
1651,2
1652,1
1653,1
1654,2
1655,1
1656,1
1657,2
1658,1
1659,2
1660,1
1661,0
1662,1
1663,1
1664,0
1665,0
1666,0
1667,1
1668,1
1669,1
1670,3
1671,1
1672,2
1673,1
1674,1
1675,1
1676,0
1677,2
1678,2
1679,1
1680,1
1681,0
1682,1
1683,1
1684,1
1685,2
1686,1
1687,1
1688,2
1689,1
1690,1
1691,2
1692,1
1693,3
1694,2
1695,1
1696,1
1697,1
1698,1
1699,2
1700,1
1701,1
1702,1
1703,2
1704,1
1705,2
1706,2
1707,1
1708,1
1709,2
1710,1
1711,1
1712,2
1713,1
1714,0
1715,1
1716,0
1717,1
1718,2
1719,1
1720,1
1721,0
1722,2
1723,1
1724,1
1725,1
1726,0
1727,1
1728,1
1729,2
1730,1
1731,2
1732,1
1733,1
1734,1
1735,0
1736,1
1737,1
1738,1
1739,1
1740,1
1741,2
1742,1
1743,2
1744,0
1745,1
1746,1
1747,2
1748,1
1749,0
1750,1
1751,0
1752,1
1753,2
1754,2
1755,1
1756,1
1757,1
1758,1
1759,2
1760,1
1761,1
1762,3
1763,0
1764,2
1765,2
1766,2
1767,1
1768,2
1769,1
1770,2
1771,0
1772,3
1773,3
1774,1
1775,0
1776,0
1777,1
1778,1
1779,1
1780,2
1781,2
1782,2
1783,2
1784,1
1785,1
1786,1
1787,1
1788,1
1789,1
1790,3
1791,2
1792,1
1793,2
1794,2
1795,2
1796,1
1797,2
1798,1
1799,1
1800,1
1801,1
1802,1
1803,2
1804,1
1805,1
1806,2
1807,2
1808,2
1809,2
1810,1
1811,1
1812,1
1813,1
1814,0
1815,1
1816,2
1817,0
1818,1
1819,2
1820,2
1821,1
1822,0
1823,1
1824,2
1825,1
1826,2
1827,1
1828,0
1829,1
1830,1
1831,0
1832,1
1833,1
1834,0
1835,1
1836,2
1837,0
1838,0
1839,2
1840,0
1841,1
1842,1
1843,1
1844,1
1845,1
1846,2
1847,1
1848,1
1849,1
1850,0
1851,0
1852,3
1853,1
1854,1
1855,2
1856,3
1857,2
1858,3
1859,2
1860,1
1861,2
1862,2
1863,1
1864,2
1865,2
1866,1
1867,1
1868,1
1869,2
1870,3
1871,1
1872,1
1873,1
1874,1
1875,1
1876,1
1877,1
1878,1
1879,2
1880,1
1881,1
1882,0
1883,0
1884,1
1885,1
1886,3
1887,2
1888,1
1889,2
1890,1
1891,0
1892,1
1893,1
1894,2
1895,1
1896,1
1897,1
1898,1
1899,2
1900,3
1901,1
1902,1
1903,1
1904,1
1905,2
1906,1
1907,2
1908,1
1909,1
1910,1
1911,1
1912,1
1913,1
1914,1
1915,1
1916,1
1917,2
1918,0
1919,1
1920,0
1921,2
1922,1
1923,1
1924,1
1925,2
1926,0
1927,2
1928,3
1929,2
1930,1
1931,1
1932,2
1933,1
1934,1
1935,2
1936,3
1937,1
1938,1
1939,1
1940,0
1941,1
1942,3
1943,1
1944,2
1945,1
1946,3
1947,2
1948,1
1949,0
1950,1
1951,1
1952,2
1953,1
1954,1
1955,0
1956,1
1957,0
1958,1
1959,2
1960,1
1961,2
1962,2
1963,1
1964,1
1965,1
1966,1
1967,2
1968,2
1969,1
1970,1
1971,2
1972,1
1973,1
1974,1
1975,1
1976,2
1977,0
1978,1
1979,0
1980,3
1981,0
1982,1
1983,2
1984,0
1985,0
1986,1
1987,1
1988,1
1989,1
1990,1
1991,2
1992,0
1993,1
1994,0
1995,1
1996,1
1997,1
1998,0
1999,2
2000,1
2001,1
2002,2
2003,2
2004,2
2005,2
2006,0
2007,0
2008,1
2009,2
2010,0
2011,1
2012,1
2013,0
2014,1
2015,1
2016,1
2017,2
2018,1
2019,1
2020,2
2021,2
2022,1
2023,0
2024,0
2025,2
2026,2
2027,1
2028,1
2029,1
2030,1
2031,0
2032,1
2033,1
2034,1
2035,1
2036,0
2037,1
2038,2
2039,1
2040,1
2041,1
2042,1
2043,1
2044,1
2045,2
2046,1
2047,2
2048,2
2049,1
2050,2
2051,2
2052,1
2053,0
2054,1
2055,2
2056,1
2057,2
2058,1
2059,0
2060,3
2061,1
2062,1
2063,2
2064,1
2065,1
2066,2
2067,1
2068,1
2069,2
2070,2
2071,1
2072,2
2073,1
2074,1
2075,1
2076,2
2077,1
2078,2
2079,3
2080,1
2081,2
2082,1
2083,0
2084,1
2085,0
2086,1
2087,1
2088,1
2089,2
2090,1
2091,1
2092,3
2093,1
2094,1
2095,3
2096,2
2097,1
2098,1
2099,0
2100,1
2101,1
2102,2
2103,2
2104,2
2105,2
2106,2
2107,1
2108,1
2109,3
2110,1
2111,1
2112,1
2113,1
2114,1
2115,2
2116,0
2117,1
2118,0
2119,1
2120,0
2121,1
2122,3
2123,2
2124,1
2125,1
2126,2
2127,1
2128,1
2129,1
2130,2
2131,2
2132,2
2133,1
2134,2
2135,1
2136,2
2137,2
2138,1
2139,1
2140,0
2141,2
2142,3
2143,1
2144,1
2145,0
2146,3
2147,2
2148,0
2149,0
2150,3
2151,1
2152,1
2153,1
2154,1
2155,2
2156,1
2157,1
2158,1
2159,2
2160,2
2161,0
2162,1
2163,1
2164,1
2165,2
2166,2
2167,2
2168,2
2169,2
2170,1
2171,0
2172,2
2173,1
2174,1
2175,1
2176,1
2177,2
2178,2
2179,1
2180,1
2181,1
2182,1
2183,2
2184,1
2185,1
2186,1
2187,1
2188,3
2189,1
2190,1
2191,1
2192,2
2193,2
2194,2
2195,1
2196,2
2197,0
2198,2
2199,3
2200,1
2201,1
2202,3
2203,3
2204,1
2205,1
2206,1
2207,1
2208,1
2209,2
2210,0
2211,1
2212,1
2213,1
2214,1
2215,1
2216,1
2217,0
2218,1
2219,1
2220,3
2221,2
2222,1
2223,1
2224,1
2225,1
2226,3
2227,0
2228,2
2229,1
2230,1
2231,3
2232,1
2233,0
2234,1
2235,0
2236,2
2237,2
2238,2
2239,1
2240,2
2241,1
2242,1
2243,1
2244,1
2245,1
2246,1
2247,2
2248,1
2249,1
2250,1
2251,1
2252,1
2253,1
2254,2
2255,1
2256,1
2257,1
2258,1
2259,1
2260,1
2261,1
2262,1
2263,1
2264,2
2265,2
2266,2
2267,1
2268,1
2269,0
2270,1
2271,3
2272,0
2273,2
2274,2
2275,1
2276,3
2277,1
2278,1
2279,1
2280,2
2281,1
2282,0
2283,2
2284,1
2285,2
2286,2
2287,1
2288,1
2289,1
2290,0
2291,1
2292,1
2293,1
2294,0
2295,2
2296,0
2297,2
2298,1
2299,1
2300,3
2301,1
2302,0
2303,1
2304,0
2305,2
2306,1
2307,2
2308,1
2309,1
2310,1
2311,1
2312,1
2313,0
2314,2
2315,0
2316,1
2317,1
2318,1
2319,1
2320,1
2321,3
2322,2
2323,2
2324,1
2325,1
2326,1
2327,1
2328,0
2329,1
2330,1
2331,0
2332,0
2333,1
2334,1
2335,1
2336,0
2337,1
2338,0
2339,0
2340,1
2341,2
2342,1
2343,1
2344,1
2345,1
2346,1
2347,0
2348,2
2349,1
2350,2
2351,1
2352,1
2353,1
2354,1
2355,1
2356,1
2357,1
2358,2
2359,0
2360,0
2361,1
2362,2
2363,1
2364,0
2365,0
2366,1
2367,0
2368,1
2369,1
2370,2
2371,1
2372,1
2373,0
2374,2
2375,1
2376,1
2377,2
2378,2
2379,1
2380,2
2381,0
2382,2
2383,0
2384,1
2385,2
2386,1
2387,1
2388,1
2389,3
2390,1
2391,1
2392,1
2393,1
2394,1
2395,1
2396,2
2397,2
2398,1
2399,1
2400,1
2401,1
2402,1
2403,2
2404,0
2405,2
2406,2
2407,0
2408,1
2409,1
2410,0
2411,1
2412,3
2413,2
2414,0
2415,2
2416,1
2417,2
2418,1
2419,2
2420,1
2421,2
2422,1
2423,1
2424,1
2425,1
2426,0
2427,1
2428,1
2429,2
2430,2
2431,1
2432,0
2433,2
2434,1
2435,1
2436,0
2437,2
2438,1
2439,1
2440,1
2441,0
2442,2
2443,0
2444,1
2445,0
2446,1
2447,1
2448,1
2449,1
2450,2
2451,1
2452,1
2453,1
2454,1
2455,1
2456,2
2457,1
2458,2
2459,1
2460,2
2461,1
2462,1
2463,2
2464,0
2465,1
2466,2
2467,1
2468,2
2469,0
2470,0
2471,1
2472,0
2473,1
2474,2
2475,1
2476,1
2477,2
2478,1
2479,1
2480,1
2481,0
2482,2
2483,1
2484,1
2485,1
2486,0
2487,1
2488,1
2489,1
2490,1
2491,2
2492,2
2493,0
2494,1
2495,0
2496,1
2497,1
2498,2
2499,2
2500,2
2501,1
2502,1
2503,1
2504,1
2505,2
2506,0
2507,1
2508,1
2509,1
2510,1
2511,1
2512,1
2513,2
2514,1
2515,1
2516,3
2517,1
2518,1
2519,1
2520,1
2521,0
2522,1
2523,0
2524,1
2525,0
2526,1
2527,1
2528,3
2529,1
2530,1
2531,0
2532,1
2533,1
2534,1
2535,1
2536,1
2537,2
2538,1
2539,1
2540,1
2541,0
2542,1
2543,1
2544,2
2545,2
2546,0
2547,1
2548,0
2549,1
2550,1
2551,1
2552,0
2553,3
2554,2
2555,0
2556,0
2557,2
2558,0
2559,1
2560,1
2561,0
2562,1
2563,1
2564,3
2565,2
2566,1
2567,2
2568,2
2569,1
2570,0
2571,2
2572,2
2573,1
2574,2
2575,1
2576,1
2577,2
2578,0
2579,1
2580,1
2581,3
2582,2
2583,1
2584,1
2585,1
2586,2
2587,1
2588,2
2589,0
2590,1
2591,1
2592,2
2593,0
2594,1
2595,1
2596,2
2597,0
2598,0
2599,0
2600,0
2601,3
2602,2
2603,1
2604,1
2605,1
2606,1
2607,1
2608,2
2609,3
2610,2
2611,3
2612,0
2613,1
2614,2
2615,0
2616,1
2617,2
2618,1
2619,1
2620,1
2621,1
2622,1
2623,3
2624,2
2625,1
2626,1
2627,2
2628,1
2629,1
2630,1
2631,1
2632,2
2633,1
2634,1
2635,0
2636,2
2637,2
2638,2
2639,1
2640,1
2641,1
2642,1
2643,1
2644,1
2645,1
2646,2
2647,2
2648,1
2649,0
2650,1
2651,2
2652,1
2653,1
2654,1
2655,2
2656,1
2657,2
2658,1
2659,1
2660,1
2661,2
2662,1
2663,0
2664,3
2665,1
2666,1
2667,3
2668,1
2669,1
2670,3
2671,1
2672,1
2673,1
2674,1
2675,2
2676,1
2677,2
2678,1
2679,1
2680,2
2681,0
2682,0
2683,1
2684,1
2685,0
2686,1
2687,3
2688,1
2689,2
2690,0
2691,1
2692,2
2693,2
2694,3
2695,1
2696,1
2697,1
2698,1
2699,1
2700,1
2701,1
2702,2
2703,1
2704,1
2705,1
2706,2
2707,1
2708,2
2709,3
2710,2
2711,1
2712,1
2713,2
2714,2
2715,1
2716,0
2717,2
2718,2
2719,0
2720,1
2721,1
2722,1
2723,1
2724,2
2725,1
2726,2
2727,2
2728,1
2729,1
2730,1
2731,1
2732,1
2733,1
2734,0
2735,1
2736,2
2737,1
2738,1
2739,1
2740,1
2741,2
2742,1
2743,1
2744,1
2745,2
2746,1
2747,1
2748,1
2749,1
2750,0
2751,1
2752,2
2753,1
2754,1
2755,1
2756,0
2757,1
2758,1
2759,2
2760,0
2761,1
2762,1
2763,1
2764,0
2765,2
2766,2
2767,2
2768,1
2769,0
2770,2
2771,2
2772,0
2773,1
2774,2
2775,3
2776,2
2777,3
2778,1
2779,1
2780,3
2781,1
2782,2
2783,1
2784,3
2785,0
2786,0
2787,0
2788,2
2789,1
2790,0
2791,0
2792,2
2793,2
2794,1
2795,1
2796,3
2797,1
2798,2
2799,1
2800,2
2801,2
2802,2
2803,0
2804,0
2805,0
2806,1
2807,1
2808,1
2809,1
2810,1
2811,1
2812,2
2813,1
2814,1
2815,1
2816,1
2817,2
2818,0
2819,1
2820,1
2821,0
2822,1
2823,1
2824,1
2825,2
2826,0
2827,1
2828,2
2829,2
2830,1
2831,1
2832,1
2833,1
2834,3
2835,0
2836,1
2837,2
2838,1
2839,3
2840,3
2841,2
2842,0
2843,2
2844,2
2845,1
2846,1
2847,1
2848,3
2849,1
2850,1
2851,1
2852,2
2853,3
2854,0
2855,1
2856,2
2857,2
2858,1
2859,2
2860,1
2861,0
2862,0
2863,2
2864,1
2865,1
2866,1
2867,1
2868,1
2869,1
2870,3
2871,1
2872,0
2873,1
2874,2
2875,1
2876,1
2877,0
2878,2
2879,1
2880,0
2881,3
2882,1
2883,1
2884,0
2885,0
2886,1
2887,3
2888,2
2889,1
2890,2
2891,1
2892,1
2893,1
2894,2
2895,2
2896,2
2897,0
2898,1
2899,2
2900,1
2901,1
2902,2
2903,2
2904,1
2905,1
2906,0
2907,1
2908,2
2909,0
2910,1
2911,1
2912,0
2913,1
2914,1
2915,1
2916,2
2917,2
2918,1
2919,1
2920,1
2921,1
2922,1
2923,2
2924,1
2925,2
2926,0
2927,2
2928,1
2929,0
2930,0
2931,1
2932,0
2933,1
2934,1
2935,1
2936,1
2937,0
2938,1
2939,1
2940,1
2941,0
2942,2
2943,0
2944,1
2945,3
2946,1
2947,1
2948,2
2949,3
2950,1
2951,1
2952,0
2953,2
2954,0
2955,2
2956,1
2957,0
2958,3
2959,1
2960,0
2961,2
2962,3
2963,1
2964,2
2965,1
2966,2
2967,1
2968,1
2969,1
2970,1
2971,1
2972,2
2973,1
2974,1
2975,1
2976,1
2977,2
2978,1
2979,0
2980,2
2981,3
2982,1
2983,1
2984,2
2985,0
2986,1
2987,3
2988,0
2989,2
2990,3
2991,1
2992,1
2993,1
2994,2
2995,0
2996,2
2997,1
2998,2
2999,1
3000,2
3001,1
3002,0
3003,2
3004,1
3005,2
3006,1
3007,1
3008,2
3009,0
3010,2
3011,0
3012,1
3013,2
3014,1
3015,1
3016,0
3017,2
3018,1
3019,1
3020,2
3021,1
3022,1
3023,0
3024,1
3025,1
3026,1
3027,2
3028,1
3029,1
3030,2
3031,1
3032,2
3033,1
3034,1
3035,1
3036,2
3037,1
3038,2
3039,0
3040,2
3041,1
3042,1
3043,1
3044,1
3045,0
3046,3
3047,1
3048,2
3049,1
3050,1
3051,2
3052,1
3053,3
3054,1
3055,0
3056,2
3057,1
3058,1
3059,1
3060,1
3061,1
3062,1
3063,2
3064,1
3065,1
3066,0
3067,1
3068,3
3069,1
3070,1
3071,1
3072,1
3073,1
3074,2
3075,1
3076,1
3077,1
3078,1
3079,2
3080,1
3081,0
3082,1
3083,2
3084,2
3085,1
3086,1
3087,1
3088,1
3089,2
3090,1
3091,2
3092,2
3093,0
3094,2
3095,1
3096,1
3097,1
3098,0
3099,1
3100,2
3101,0
3102,1
3103,1
3104,2
3105,1
3106,1
3107,1
3108,1
3109,1
3110,2
3111,2
3112,2
3113,1
3114,2
3115,2
3116,1
3117,2
3118,2
3119,1
3120,2
3121,0
3122,1
3123,1
3124,1
3125,1
3126,1
3127,1
3128,1
3129,2
3130,1
3131,2
3132,1
3133,1
3134,0
3135,1
3136,1
3137,1
3138,1
3139,2
3140,1
3141,0
3142,1
3143,1
3144,2
3145,1
3146,1
3147,0
3148,2
3149,0
3150,1
3151,2
3152,1
3153,1
3154,1
3155,1
3156,1
3157,1
3158,1
3159,0
3160,0
3161,1
3162,1
3163,1
3164,2
3165,2
3166,1
3167,1
3168,0
3169,2
3170,0
3171,2
3172,2
3173,2
3174,1
3175,1
3176,2
3177,1
3178,0
3179,1
3180,2
3181,2
3182,2
3183,1
3184,2
3185,0
3186,1
3187,0
3188,2
3189,1
3190,2
3191,0
3192,1
3193,1
3194,2
3195,2
3196,2
3197,1
3198,1
3199,2
3200,2
3201,1
3202,3
3203,2
3204,1
3205,1
3206,2
3207,1
3208,2
3209,1
3210,0
3211,0
3212,2
3213,2
3214,2
3215,2
3216,0
3217,2
3218,2
3219,1
3220,2
3221,0
3222,1
3223,1
3224,1
3225,1
3226,1
3227,1
3228,2
3229,1
3230,2
3231,1
3232,1
3233,1
3234,0
3235,2
3236,1
3237,0
3238,1
3239,1
3240,1
3241,1
3242,0
3243,1
3244,1
3245,1
3246,2
3247,1
3248,2
3249,1
3250,2
3251,0
3252,2
3253,3
3254,2
3255,1
3256,1
3257,1
3258,1
3259,2
3260,1
3261,1
3262,3
3263,1
3264,0
3265,1
3266,2
3267,2
3268,2
3269,0
3270,1
3271,1
3272,1
3273,0
3274,1
3275,2
3276,1
3277,1
3278,1
3279,1
3280,0
3281,3
3282,3
3283,1
3284,2
3285,0
3286,1
3287,0
3288,1
3289,3
3290,0
3291,1
3292,1
3293,1
3294,1
3295,0
3296,2
3297,1
3298,1
3299,1
3300,1
3301,0
3302,1
3303,2
3304,3
3305,1
3306,1
3307,1
3308,1
3309,1
3310,1
3311,1
3312,1
3313,0
3314,2
3315,2
3316,1
3317,1
3318,2
3319,0
3320,1
3321,1
3322,1
3323,2
3324,0
3325,1
3326,1
3327,0
3328,1
3329,2
3330,2
3331,3
3332,2
3333,1
3334,1
3335,1
3336,1
3337,1
3338,1
3339,3
3340,2
3341,2
3342,1
3343,1
3344,1
3345,1
3346,1
3347,2
3348,2
3349,1
3350,1
3351,2
3352,2
3353,0
3354,1
3355,3
3356,1
3357,2
3358,1
3359,1
3360,0
3361,1
3362,0
3363,1
3364,0
3365,2
3366,2
3367,2
3368,1
3369,1
3370,1
3371,2
3372,0
3373,2
3374,1
3375,1
3376,2
3377,2
3378,1
3379,2
3380,1
3381,0
3382,1
3383,1
3384,1
3385,1
3386,1
3387,0
3388,1
3389,1
3390,3
3391,1
3392,1
3393,1
3394,1
3395,1
3396,3
3397,0
3398,1
3399,0
3400,1
3401,1
3402,2
3403,1
3404,1
3405,0
3406,1
3407,3
3408,1
3409,0
3410,1
3411,1
3412,2
3413,1
3414,2
3415,2
3416,1
3417,1
3418,1
3419,0
3420,0
3421,0
3422,3
3423,1
3424,1
3425,1
3426,1
3427,2
3428,1
3429,0
3430,2
3431,1
3432,1
3433,1
3434,1
3435,1
3436,1
3437,1
3438,1
3439,1
3440,1
3441,1
3442,0
3443,0
3444,1
3445,1
3446,1
3447,2
3448,2
3449,3
3450,2
3451,0
3452,0
3453,2
3454,2
3455,1
3456,1
3457,0
3458,2
3459,1
3460,1
3461,2
3462,1
3463,2
3464,1
3465,0
3466,0
3467,0
3468,3
3469,1
3470,1
3471,1
3472,1
3473,1
3474,0
3475,1
3476,1
3477,3
3478,1
3479,0
3480,2
3481,2
3482,0
3483,2
3484,1
3485,1
3486,0
3487,1
3488,2
3489,1
3490,1
3491,1
3492,1
3493,0
3494,1
3495,1
3496,2
3497,2
3498,2
3499,1
3500,2
3501,0
3502,1
3503,1
3504,2
3505,1
3506,2
3507,2
3508,0
3509,1
3510,2
3511,1
3512,0
3513,0
3514,1
3515,0
3516,1
3517,1
3518,2
3519,1
3520,3
3521,1
3522,1
3523,1
3524,2
3525,1
3526,1
3527,1
3528,1
3529,1
3530,1
3531,2
3532,2
3533,1
3534,1
3535,1
3536,1
3537,3
3538,1
3539,1
3540,1
3541,1
3542,0
3543,1
3544,3
3545,1
3546,3
3547,1
3548,1
3549,0
3550,1
3551,2
3552,2
3553,1
3554,1
3555,1
3556,1
3557,1
3558,1
3559,1
3560,1
3561,2
3562,1
3563,0
3564,1
3565,1
3566,1
3567,2
3568,1
3569,2
3570,1
3571,1
3572,1
3573,1
3574,0
3575,3
3576,1
3577,1
3578,1
3579,1
3580,3
3581,1
3582,1
3583,3
3584,2
3585,1
3586,2
3587,0
3588,1
3589,1
3590,2
3591,1
3592,1
3593,1
3594,1
3595,0
3596,0
3597,1
3598,1
3599,1
3600,1
3601,0
3602,1
3603,1
3604,2
3605,1
3606,1
3607,1
3608,1
3609,1
3610,1
3611,2
3612,1
3613,1
3614,2
3615,1
3616,0
3617,2
3618,1
3619,1
3620,1
3621,2
3622,0
3623,1
3624,3
3625,0
3626,1
3627,1
3628,1
3629,3
3630,2
3631,1
3632,0
3633,1
3634,1
3635,1
3636,2
3637,1
3638,3
3639,1
3640,3
3641,2
3642,0
3643,1
3644,1
3645,1
3646,2
3647,0
3648,2
3649,0
3650,2
3651,1
3652,2
3653,1
3654,1
3655,0
3656,1
3657,2
3658,1
3659,1
3660,1
3661,0
3662,2
3663,1
3664,0
3665,1
3666,3
3667,1
3668,1
3669,2
3670,1
3671,2
3672,2
3673,1
3674,0
3675,1
3676,2
3677,1
3678,1
3679,1
3680,1
3681,1
3682,0
3683,1
3684,0
3685,1
3686,1
3687,1
3688,1
3689,1
3690,0
3691,0
3692,1
3693,0
3694,1
3695,3
3696,1
3697,2
3698,0
3699,2
3700,2
3701,1
3702,0
3703,1
3704,2
3705,1
3706,2
3707,1
3708,1
3709,0
3710,1
3711,1
3712,1
3713,1
3714,0
3715,2
3716,1
3717,2
3718,2
3719,2
3720,1
3721,1
3722,2
3723,1
3724,0
3725,1
3726,1
3727,1
3728,0
3729,1
3730,1
3731,0
3732,2
3733,1
3734,1
3735,1
3736,2
3737,1
3738,3
3739,1
3740,0
3741,3
3742,1
3743,1
3744,1
3745,1
3746,1
3747,0
3748,2
3749,0
3750,1
3751,3
3752,2
3753,2
3754,1
3755,0
3756,1
3757,3
3758,1
3759,0
3760,2
3761,0
3762,1
3763,1
3764,0
3765,1
3766,2
3767,1
3768,2
3769,0
3770,1
3771,1
3772,1
3773,2
3774,1
3775,1
3776,1
3777,2
3778,1
3779,1
3780,1
3781,1
3782,1
3783,2
3784,1
3785,1
3786,2
3787,2
3788,1
3789,1
3790,3
3791,0
3792,0
3793,1
3794,1
3795,2
3796,3
3797,1
3798,1
3799,1
3800,1
3801,1
3802,1
3803,1
3804,2
3805,1
3806,2
3807,1
3808,1
3809,0
3810,0
3811,2
3812,1
3813,1
3814,1
3815,1
3816,0
3817,1
3818,1
3819,1
3820,2
3821,1
3822,1
3823,1
3824,0
3825,0
3826,2
3827,1
3828,1
3829,3
3830,1
3831,2
3832,1
3833,1
3834,1
3835,1
3836,2
3837,1
3838,1
3839,1
3840,1
3841,1
3842,1
3843,1
3844,1
3845,1
3846,1
3847,1
3848,1
3849,0
3850,1
3851,3
3852,1
3853,2
3854,0
3855,1
3856,1
3857,2
3858,2
3859,1
3860,2
3861,1
3862,1
3863,1
3864,1
3865,1
3866,2
3867,1
3868,1
3869,1
3870,1
3871,1
3872,1
3873,1
3874,1
3875,1
3876,1
3877,1
3878,1
3879,1
3880,0
3881,1
3882,2
3883,2
3884,2
3885,0
3886,1
3887,2
3888,1
3889,1
3890,3
3891,2
3892,1
3893,1
3894,2
3895,0
3896,1
3897,1
3898,1
3899,2
3900,1
3901,1
3902,0
3903,0
3904,0
3905,0
3906,1
3907,1
3908,1
3909,2
3910,0
3911,2
3912,3
3913,1
3914,1
3915,1
3916,0
3917,1
3918,2
3919,1
3920,2
3921,1
3922,0
3923,1
3924,1
3925,1
3926,1
3927,1
3928,1
3929,3
3930,1
3931,2
3932,1
3933,1
3934,1
3935,2
3936,1
3937,0
3938,1
3939,1
3940,2
3941,1
3942,1
3943,1
3944,1
3945,0
3946,3
3947,1
3948,1
3949,0
3950,1
3951,2
3952,0
3953,1
3954,1
3955,1
3956,2
3957,1
3958,1
3959,1
3960,1
3961,2
3962,0
3963,2
3964,2
3965,0
3966,1
3967,2
3968,1
3969,1
3970,2
3971,0
3972,1
3973,1
3974,1
3975,2
3976,2
3977,1
3978,0
3979,1
3980,2
3981,0
3982,1
3983,1
3984,1
3985,0
3986,0
3987,1
3988,1
3989,0
3990,1
3991,2
3992,1
3993,1
3994,1
3995,2
3996,2
3997,1
3998,2
3999,1
4000,1
4001,0
4002,2
4003,2
4004,1
4005,1
4006,1
4007,1
4008,1
4009,1
4010,3
4011,0
4012,3
4013,1
4014,1
4015,1
4016,3
4017,2
4018,1
4019,1
4020,1
4021,1
4022,1
4023,1
4024,0
4025,2
4026,2
4027,1
4028,1
4029,0
4030,1
4031,2
4032,3
4033,1
4034,1
4035,1
4036,2
4037,0
4038,1
4039,1
4040,0
4041,1
4042,1
4043,2
4044,2
4045,1
4046,1
4047,1
4048,0
4049,1
4050,2
4051,1
4052,2
4053,1
4054,1
4055,2
4056,0
4057,1
4058,2
4059,1
4060,1
4061,1
4062,2
4063,2
4064,0
4065,1
4066,2
4067,1
4068,2
4069,0
4070,0
4071,1
4072,0
4073,2
4074,1
4075,1
4076,1
4077,0
4078,0
4079,1
4080,2
4081,1
4082,1
4083,1
4084,2
4085,1
4086,0
4087,2
4088,1
4089,1
4090,3
4091,1
4092,1
4093,1
4094,1
4095,1
4096,3
4097,1
4098,1
4099,2
4100,2
4101,1
4102,1
4103,2
4104,2
4105,2
4106,3
4107,1
4108,2
4109,0
4110,1
4111,1
4112,1
4113,1
4114,2
4115,2
4116,1
4117,2
4118,1
4119,0
4120,2
4121,0
4122,1
4123,1
4124,1
4125,2
4126,2
4127,2
4128,0
4129,0
4130,1
4131,1
4132,1
4133,2
4134,2
4135,1
4136,2
4137,1
4138,1
4139,1
4140,1
4141,0
4142,1
4143,1
4144,2
4145,1
4146,1
4147,1
4148,1
4149,1
4150,1
4151,1
4152,1
4153,1
4154,1
4155,0
4156,2
4157,2
4158,1
4159,2
4160,2
4161,1
4162,1
4163,0
4164,1
4165,2
4166,2
4167,0
4168,2
4169,1
4170,1
4171,1
4172,1
4173,1
4174,1
4175,2
4176,1
4177,3
4178,1
4179,1
4180,1
4181,2
4182,1
4183,2
4184,1
4185,2
4186,1
4187,0
4188,1
4189,3
4190,1
4191,1
4192,0
4193,2
4194,1
4195,2
4196,1
4197,1
4198,1
4199,2
4200,1
4201,1
4202,2
4203,1
4204,1
4205,1
4206,1
4207,2
4208,1
4209,2
4210,0
4211,1
4212,1
4213,2
4214,2
4215,1
4216,0
4217,1
4218,1
4219,1
4220,1
4221,1
4222,1
4223,1
4224,0
4225,2
4226,0
4227,1
4228,2
4229,2
4230,2
4231,1
4232,2
4233,2
4234,1
4235,1
4236,2
4237,1
4238,1
4239,1
4240,0
4241,1
4242,3
4243,1
4244,1
4245,2
4246,2
4247,0
4248,1
4249,1
4250,0
4251,1
4252,1
4253,1
4254,1
4255,1
4256,1
4257,1
4258,1
4259,1
4260,1
4261,1
4262,1
4263,0
4264,2
4265,0
4266,0
4267,2
4268,0
4269,2
4270,1
4271,1
4272,1
4273,1
4274,1
4275,2
4276,0
4277,2
4278,1
4279,1
4280,0
4281,1
4282,0
4283,2
4284,1
4285,2
4286,1
4287,2
4288,2
4289,2
4290,2
4291,1
4292,1
4293,1
4294,2
4295,1
4296,1
4297,2
4298,1
4299,1
4300,1
4301,1
4302,1
4303,1
4304,1
4305,1
4306,0
4307,1
4308,1
4309,1
4310,1
4311,1
4312,2
4313,1
4314,2
4315,1
4316,1
4317,1
4318,1
4319,1
4320,3
4321,1
4322,2
4323,1
4324,1
4325,0
4326,0
4327,1
4328,3
4329,2
4330,2
4331,1
4332,1
4333,1
4334,1
4335,1
4336,1
4337,0
4338,1
4339,1
4340,1
4341,2
4342,2
4343,3
4344,2
4345,0
4346,2
4347,2
4348,0
4349,2
4350,1
4351,2
4352,0
4353,1
4354,2
4355,1
4356,1
4357,1
4358,0
4359,2
4360,0
4361,2
4362,3
4363,0
4364,1
4365,3
4366,1
4367,1
4368,0
4369,0
4370,2
4371,2
4372,0
4373,1
4374,1
4375,2
4376,2
4377,1
4378,3
4379,1
4380,1
4381,2
4382,1
4383,1
4384,1
4385,1
4386,1
4387,1
4388,2
4389,1
4390,2
4391,1
4392,2
4393,1
4394,1
4395,2
4396,0
4397,3
4398,1
4399,0
4400,2
4401,1
4402,3
4403,2
4404,1
4405,1
4406,2
4407,2
4408,2
4409,2
4410,1
4411,2
4412,2
4413,1
4414,1
4415,1
4416,1
4417,1
4418,1
4419,1
4420,1
4421,1
4422,0
4423,1
4424,0
4425,1
4426,1
4427,3
4428,1
4429,1
4430,1
4431,1
4432,1
4433,2
4434,0
4435,0
4436,0
4437,1
4438,2
4439,1
4440,1
4441,3
4442,1
4443,0
4444,2
4445,0
4446,1
4447,2
4448,1
4449,0
4450,2
4451,3
4452,3
4453,1
4454,1
4455,0
4456,0
4457,2
4458,1
4459,0
4460,2
4461,3
4462,2
4463,2
4464,1
4465,1
4466,2
4467,0
4468,2
4469,1
4470,1
4471,2
4472,1
4473,2
4474,2
4475,1
4476,0
4477,1
4478,2
4479,1
4480,2
4481,0
4482,1
4483,3
4484,2
4485,3
4486,1
4487,2
4488,1
4489,3
4490,1
4491,1
4492,2
4493,1
4494,2
4495,2
4496,1
4497,2
4498,1
4499,2
4500,1
4501,1
4502,1
4503,1
4504,0
4505,1
4506,1
4507,0
4508,1
4509,1
4510,1
4511,1
4512,1
4513,2
4514,0
4515,1
4516,1
4517,1
4518,2
4519,1
4520,1
4521,1
4522,1
4523,3
4524,1
4525,1
4526,1
4527,2
4528,2
4529,1
4530,0
4531,1
4532,1
4533,0
4534,2
4535,0
4536,0
4537,3
4538,1
4539,1
4540,2
4541,2
4542,1
4543,1
4544,1
4545,2
4546,2
4547,1
4548,2
4549,1
4550,3
4551,0
4552,1
4553,1
4554,3
4555,1
4556,2
4557,1
4558,2
4559,1
4560,2
4561,1
4562,2
4563,2
4564,1
4565,1
4566,1
4567,2
4568,0
4569,0
4570,0
4571,1
4572,1
4573,1
4574,0
4575,1
4576,1
4577,1
4578,0
4579,0
4580,2
4581,3
4582,1
4583,1
4584,1
4585,0
4586,1
4587,2
4588,2
4589,1
4590,2
4591,1
4592,2
4593,2
4594,1
4595,1
4596,1
4597,1
4598,0
4599,1
4600,1
4601,0
4602,1
4603,3
4604,1
4605,2
4606,1
4607,0
4608,1
4609,1
4610,2
4611,1
4612,3
4613,0
4614,1
4615,2
4616,2
4617,2
4618,1
4619,1
4620,1
4621,1
4622,2
4623,3
4624,1
4625,1
4626,1
4627,1
4628,2
4629,0
4630,0
4631,1
4632,3
4633,1
4634,1
4635,1
4636,1
4637,2
4638,1
4639,1
4640,1
4641,1
4642,1
4643,1
4644,0
4645,1
4646,1
4647,2
4648,1
4649,1
4650,1
4651,2
4652,1
4653,1
4654,1
4655,2
4656,1
4657,1
4658,1
4659,2
4660,1
4661,0
4662,0
4663,1
4664,1
4665,1
4666,0
4667,1
4668,1
4669,0
4670,1
4671,1
4672,1
4673,1
4674,0
4675,2
4676,1
4677,0
4678,2
4679,1
4680,0
4681,1
4682,1
4683,3
4684,2
4685,0
4686,2
4687,1
4688,1
4689,2
4690,1
4691,0
4692,1
4693,1
4694,2
4695,2
4696,1
4697,0
4698,1
4699,1
4700,3
4701,1
4702,1
4703,1
4704,2
4705,1
4706,2
4707,1
4708,1
4709,2
4710,1
4711,1
4712,1
4713,1
4714,3
4715,1
4716,1
4717,0
4718,1
4719,2
4720,0
4721,3
4722,1
4723,0
4724,1
4725,1
4726,1
4727,0
4728,1
4729,1
4730,2
4731,1
4732,1
4733,2
4734,0
4735,2
4736,1
4737,1
4738,2
4739,1
4740,1
4741,1
4742,1
4743,0
4744,1
4745,1
4746,0
4747,2
4748,2
4749,1
4750,1
4751,1
4752,1
4753,2
4754,1
4755,1
4756,2
4757,2
4758,2
4759,1
4760,0
4761,1
4762,3
4763,1
4764,2
4765,1
4766,1
4767,2
4768,3
4769,2
4770,2
4771,3
4772,1
4773,1
4774,2
4775,1
4776,0
4777,1
4778,1
4779,0
4780,1
4781,0
4782,2
4783,1
4784,2
4785,2
4786,2
4787,1
4788,1
4789,1
4790,2
4791,1
4792,1
4793,1
4794,1
4795,1
4796,2
4797,1
4798,0
4799,1
4800,1
4801,1
4802,3
4803,1
4804,2
4805,1
4806,0
4807,2
4808,1
4809,2
4810,1
4811,1
4812,1
4813,1
4814,1
4815,2
4816,1
4817,2
4818,1
4819,2
4820,1
4821,1
4822,1
4823,1
4824,1
4825,1
4826,1
4827,1
4828,2
4829,1
4830,3
4831,2
4832,0
4833,1
4834,1
4835,1
4836,1
4837,1
4838,2
4839,2
4840,2
4841,1
4842,2
4843,1
4844,0
4845,1
4846,2
4847,0
4848,1
4849,1
4850,2
4851,0
4852,1
4853,0
4854,2
4855,1
4856,0
4857,1
4858,1
4859,3
4860,1
4861,0
4862,2
4863,1
4864,2
4865,3
4866,0
4867,1
4868,1
4869,2
4870,1
4871,2
4872,0
4873,1
4874,2
4875,1
4876,0
4877,2
4878,1
4879,1
4880,1
4881,1
4882,0
4883,2
4884,2
4885,2
4886,2
4887,2
4888,1
4889,1
4890,1
4891,2
4892,1
4893,2
4894,2
4895,1
4896,1
4897,1
4898,1
4899,0
4900,2
4901,2
4902,1
4903,2
4904,1
4905,1
4906,2
4907,3
4908,1
4909,1
4910,0
4911,1
4912,1
4913,1
4914,1
4915,1
4916,1
4917,0
4918,1
4919,0
4920,1
4921,2
4922,1
4923,1
4924,1
4925,2
4926,0
4927,2
4928,1
4929,1
4930,2
4931,2
4932,1
4933,1
4934,1
4935,1
4936,2
4937,1
4938,1
4939,0
4940,2
4941,3
4942,2
4943,2
4944,1
4945,3
4946,1
4947,1
4948,2
4949,2
4950,2
4951,0
4952,1
4953,2
4954,2
4955,0
4956,1
4957,3
4958,2
4959,1
4960,1
4961,1
4962,1
4963,1
4964,3
4965,1
4966,3
4967,1
4968,1
4969,0
4970,1
4971,2
4972,3
4973,1
4974,2
4975,1
4976,2
4977,1
4978,1
4979,0
4980,1
4981,2
4982,1
4983,2
4984,1
4985,1
4986,1
4987,1
4988,0
4989,0
4990,2
4991,0
4992,1
4993,0
4994,1
4995,1
4996,2
4997,1
4998,2
4999,2
5000,1
5001,1
5002,2
5003,0
5004,1
5005,2
5006,2
5007,1
5008,1
5009,0
5010,1
5011,1
5012,0
5013,1
5014,1
5015,1
5016,2
5017,1
5018,1
5019,1
5020,1
5021,2
5022,2
5023,1
5024,1
5025,2
5026,1
5027,1
5028,1
5029,1
5030,1
5031,2
5032,0
5033,2
5034,1
5035,1
5036,0
5037,1
5038,1
5039,2
5040,2
5041,1
5042,2
5043,2
5044,1
5045,1
5046,2
5047,1
5048,1
5049,0
5050,1
5051,2
5052,1
5053,1
5054,1
5055,1
5056,2
5057,1
5058,1
5059,1
5060,2
5061,1
5062,1
5063,0
5064,2
5065,1
5066,1
5067,2
5068,1
5069,2
5070,2
5071,0
5072,2
5073,1
5074,0
5075,2
5076,1
5077,2
5078,2
5079,1
5080,1
5081,2
5082,2
5083,0
5084,1
5085,0
5086,1
5087,2
5088,1
5089,1
5090,1
5091,1
5092,1
5093,1
5094,1
5095,1
5096,1
5097,1
5098,1
5099,0
5100,1
5101,2
5102,1
5103,1
5104,1
5105,2
5106,1
5107,1
5108,1
5109,2
5110,2
5111,1
5112,2
5113,0
5114,2
5115,1
5116,2
5117,1
5118,0
5119,1
5120,0
5121,1
5122,0
5123,2
5124,2
5125,2
5126,2
5127,3
5128,2
5129,1
5130,1
5131,2
5132,1
5133,1
5134,2
5135,1
5136,2
5137,3
5138,2
5139,1
5140,2
5141,1
5142,1
5143,0
5144,1
5145,0
5146,1
5147,2
5148,1
5149,2
5150,1
5151,1
5152,2
5153,1
5154,1
5155,0
5156,0
5157,1
5158,2
5159,2
5160,1
5161,1
5162,0
5163,1
5164,1
5165,1
5166,1
5167,2
5168,1
5169,1
5170,1
5171,2
5172,0
5173,1
5174,1
5175,1
5176,0
5177,1
5178,1
5179,1
5180,2
5181,2
5182,1
5183,1
5184,1
5185,2
5186,1
5187,1
5188,1
5189,3
5190,2
5191,1
5192,3
5193,1
5194,1
5195,1
5196,0
5197,2
5198,2
5199,3
5200,2
5201,1
5202,0
5203,2
5204,1
5205,2
5206,1
5207,1
5208,2
5209,2
5210,1
5211,0
5212,1
5213,2
5214,1
5215,1
5216,1
5217,1
5218,2
5219,1
5220,1
5221,1
5222,0
5223,0
5224,2
5225,1
5226,1
5227,1
5228,1
5229,1
5230,2
5231,1
5232,2
5233,0
5234,2
5235,2
5236,1
5237,1
5238,1
5239,3
5240,1
5241,1
5242,1
5243,2
5244,0
5245,1
5246,1
5247,2
5248,1
5249,1
5250,1
5251,1
5252,2
5253,2
5254,2
5255,1
5256,0
5257,1
5258,0
5259,1
5260,1
5261,1
5262,1
5263,1
5264,1
5265,0
5266,1
5267,1
5268,1
5269,2
5270,0
5271,1
5272,2
5273,0
5274,1
5275,1
5276,1
5277,1
5278,2
5279,1
5280,0
5281,2
5282,1
5283,1
5284,1
5285,1
5286,1
5287,1
5288,3
5289,1
5290,1
5291,1
5292,2
5293,1
5294,2
5295,1
5296,1
5297,2
5298,1
5299,1
5300,3
5301,1
5302,1
5303,1
5304,1
5305,1
5306,1
5307,2
5308,1
5309,1
5310,1
5311,1
5312,1
5313,1
5314,0
5315,1
5316,1
5317,2
5318,2
5319,1
5320,0
5321,1
5322,1
5323,1
5324,2
5325,1
5326,1
5327,0
5328,1
5329,1
5330,1
5331,2
5332,1
5333,2
5334,1
5335,0
5336,1
5337,2
5338,0
5339,1
5340,0
5341,2
5342,2
5343,1
5344,0
5345,1
5346,1
5347,1
5348,1
5349,1
5350,2
5351,1
5352,1
5353,0
5354,2
5355,2
5356,1
5357,0
5358,1
5359,1
5360,1
5361,1
5362,0
5363,1
5364,1
5365,2
5366,3
5367,1
5368,1
5369,1
5370,1
5371,1
5372,2
5373,1
5374,1
5375,1
5376,1
5377,2
5378,2
5379,0
5380,2
5381,0
5382,0
5383,1
5384,0
5385,1
5386,2
5387,1
5388,1
5389,1
5390,1
5391,2
5392,0
5393,1
5394,1
5395,1
5396,1
5397,2
5398,1
5399,0
5400,1
5401,1
5402,0
5403,1
5404,2
5405,2
5406,1
5407,1
5408,1
5409,2
5410,2
5411,1
5412,1
5413,2
5414,1
5415,1
5416,1
5417,0
5418,1
5419,1
5420,1
5421,0
5422,2
5423,1
5424,0
5425,1
5426,1
5427,0
5428,1
5429,1
5430,2
5431,1
5432,2
5433,1
5434,1
5435,0
5436,1
5437,2
5438,1
5439,2
5440,3
5441,2
5442,0
5443,1
5444,1
5445,1
5446,1
5447,2
5448,1
5449,1
5450,0
5451,1
5452,0
5453,1
5454,1
5455,2
5456,2
5457,1
5458,3
5459,0
5460,2
5461,1
5462,1
5463,2
5464,2
5465,1
5466,1
5467,1
5468,1
5469,3
5470,1
5471,1
5472,1
5473,1
5474,1
5475,0
5476,3
5477,1
5478,1
5479,2
5480,1
5481,2
5482,1
5483,1
5484,1
5485,1
5486,1
5487,2
5488,1
5489,3
5490,2
5491,1
5492,1
5493,2
5494,0
5495,2
5496,1
5497,1
5498,1
5499,2
5500,1
5501,1
5502,1
5503,1
5504,1
5505,0
5506,0
5507,1
5508,1
5509,1
5510,1
5511,2
5512,1
5513,2
5514,1
5515,2
5516,2
5517,1
5518,2
5519,1
5520,2
5521,2
5522,1
5523,1
5524,0
5525,1
5526,2
5527,0
5528,1
5529,0
5530,1
5531,0
5532,1
5533,1
5534,1
5535,1
5536,2
5537,0
5538,2
5539,0
5540,2
5541,2
5542,2
5543,1
5544,0
5545,0
5546,1
5547,0
5548,0
5549,1
5550,1
5551,0
5552,1
5553,2
5554,1
5555,1
5556,1
5557,2
5558,1
5559,1
5560,1
5561,1
5562,1
5563,1
5564,2
5565,0
5566,2
5567,2
5568,0
5569,1
5570,0
5571,1
5572,2
5573,0
5574,0
5575,1
5576,0
5577,1
5578,1
5579,0
5580,2
5581,2
5582,0
5583,1
5584,0
5585,1
5586,3
5587,1
5588,0
5589,1
5590,1
5591,1
5592,1
5593,1
5594,1
5595,1
5596,1
5597,1
5598,1
5599,1
5600,3
5601,1
5602,1
5603,1
5604,1
5605,3
5606,1
5607,1
5608,1
5609,1
5610,1
5611,1
5612,1
5613,2
5614,1
5615,2
5616,1
5617,2
5618,0
5619,1
5620,1
5621,1
5622,0
5623,1
5624,2
5625,2
5626,1
5627,1
5628,0
5629,3
5630,1
5631,1
5632,0
5633,2
5634,0
5635,1
5636,2
5637,2
5638,1
5639,0
5640,0
5641,1
5642,1
5643,3
5644,1
5645,2
5646,1
5647,1
5648,0
5649,0
5650,1
5651,2
5652,0
5653,1
5654,1
5655,2
5656,2
5657,0
5658,1
5659,1
5660,2
5661,1
5662,2
5663,2
5664,0
5665,1
5666,0
5667,0
5668,2
5669,1
5670,1
5671,1
5672,0
5673,0
5674,0
5675,2
5676,1
5677,1
5678,2
5679,1
5680,2
5681,2
5682,1
5683,1
5684,1
5685,2
5686,1
5687,0
5688,1
5689,1
5690,1
5691,1
5692,1
5693,1
5694,1
5695,1
5696,1
5697,1
5698,0
5699,2
5700,2
5701,1
5702,0
5703,1
5704,2
5705,1
5706,1
5707,2
5708,1
5709,1
5710,2
5711,1
5712,3
5713,2
5714,1
5715,2
5716,3
5717,1
5718,2
5719,3
5720,1
5721,0
5722,1
5723,2
5724,2
5725,1
5726,0
5727,0
5728,1
5729,1
5730,2
5731,2
5732,1
5733,1
5734,3
5735,1
5736,1
5737,1
5738,1
5739,2
5740,2
5741,1
5742,0
5743,1
5744,1
5745,0
5746,2
5747,2
5748,0
5749,1
5750,1
5751,1
5752,1
5753,0
5754,1
5755,2
5756,0
5757,1
5758,1
5759,1
5760,0
5761,1
5762,1
5763,1
5764,1
5765,1
5766,2
5767,1
5768,1
5769,1
5770,1
5771,1
5772,0
5773,1
5774,0
5775,3
5776,2
5777,1
5778,2
5779,1
5780,1
5781,1
5782,1
5783,1
5784,3
5785,1
5786,1
5787,1
5788,1
5789,1
5790,2
5791,1
5792,1
5793,1
5794,2
5795,1
5796,1
5797,1
5798,3
5799,3
5800,1
5801,1
5802,1
5803,0
5804,0
5805,2
5806,1
5807,1
5808,0
5809,1
5810,1
5811,2
5812,2
5813,0
5814,1
5815,0
5816,1
5817,2
5818,2
5819,1
5820,2
5821,1
5822,1
5823,1
5824,1
5825,2
5826,1
5827,2
5828,1
5829,2
5830,3
5831,1
5832,1
5833,1
5834,2
5835,1
5836,1
5837,1
5838,2
5839,2
5840,0
5841,2
5842,1
5843,2
5844,1
5845,1
5846,1
5847,2
5848,1
5849,1
5850,2
5851,2
5852,2
5853,0
5854,1
5855,1
5856,1
5857,1
5858,1
5859,2
5860,0
5861,1
5862,0
5863,2
5864,3
5865,1
5866,2
5867,2
5868,0
5869,1
5870,0
5871,3
5872,1
5873,0
5874,1
5875,3
5876,0
5877,1
5878,0
5879,2
5880,2
5881,1
5882,1
5883,1
5884,2
5885,1
5886,1
5887,2
5888,0
5889,1
5890,2
5891,0
5892,1
5893,0
5894,1
5895,1
5896,1
5897,0
5898,1
5899,2
5900,2
5901,1
5902,1
5903,1
5904,3
5905,1
5906,2
5907,3
5908,1
5909,1
5910,1
5911,1
5912,1
5913,1
5914,1
5915,0
5916,2
5917,1
5918,1
5919,0
5920,1
5921,1
5922,1
5923,0
5924,1
5925,0
5926,2
5927,1
5928,1
5929,1
5930,1
5931,1
5932,0
5933,1
5934,1
5935,1
5936,0
5937,2
5938,1
5939,2
5940,1
5941,3
5942,1
5943,0
5944,1
5945,1
5946,1
5947,0
5948,2
5949,2
5950,1
5951,1
5952,2
5953,1
5954,2
5955,1
5956,1
5957,2
5958,1
5959,3
5960,2
5961,1
5962,2
5963,2
5964,2
5965,2
5966,2
5967,0
5968,1
5969,1
5970,2
5971,2
5972,2
5973,1
5974,1
5975,1
5976,0
5977,0
5978,1
5979,2
5980,1
5981,1
5982,1
5983,2
5984,2
5985,1
5986,0
5987,1
5988,1
5989,2
5990,1
5991,2
5992,1
5993,1
5994,1
5995,0
5996,2
5997,2
5998,1
5999,1
6000,0
6001,1
6002,2
6003,1
6004,1
6005,1
6006,2
6007,1
6008,1
6009,0
6010,2
6011,1
6012,1
6013,1
6014,0
6015,2
6016,2
6017,2
6018,3
6019,1
6020,1
6021,3
6022,1
6023,1
6024,1
6025,2
6026,0
6027,2
6028,1
6029,1
6030,1
6031,2
6032,1
6033,1
6034,2
6035,2
6036,1
6037,2
6038,2
6039,1
6040,0
6041,1
6042,0
6043,1
6044,1
6045,1
6046,0
6047,2
6048,1
6049,0
6050,1
6051,1
6052,2
6053,1
6054,1
6055,1
6056,3
6057,3
6058,0
6059,1
6060,2
6061,0
6062,1
6063,1
6064,3
6065,1
6066,1
6067,1
6068,1
6069,1
6070,2
6071,0
6072,1
6073,1
6074,2
6075,2
6076,1
6077,1
6078,0
6079,1
6080,1
6081,1
6082,2
6083,2
6084,2
6085,1
6086,1
6087,0
6088,1
6089,2
6090,2
6091,0
6092,1
6093,0
6094,1
6095,1
6096,2
6097,1
6098,2
6099,1
6100,1
6101,1
6102,1
6103,0
6104,1
6105,1
6106,2
6107,2
6108,2
6109,0
6110,2
6111,0
6112,3
6113,0
6114,3
6115,1
6116,2
6117,2
6118,1
6119,1
6120,1
6121,0
6122,1
6123,1
6124,1
6125,1
6126,0
6127,1
6128,0
6129,1
6130,1
6131,1
6132,0
6133,2
6134,1
6135,1
6136,3
6137,3
6138,1
6139,2
6140,1
6141,3
6142,1
6143,1
6144,0
6145,1
6146,1
6147,1
6148,2
6149,1
6150,1
6151,1
6152,1
6153,1
6154,0
6155,1
6156,1
6157,2
6158,1
6159,0
6160,1
6161,1
6162,1
6163,0
6164,1
6165,1
6166,1
6167,1
6168,2
6169,0
6170,2
6171,1
6172,0
6173,2
6174,1
6175,1
6176,2
6177,1
6178,2
6179,0
6180,2
6181,0
6182,1
6183,2
6184,2
6185,1
6186,1
6187,1
6188,1
6189,1
6190,1
6191,1
6192,0
6193,3
6194,0
6195,1
6196,2
6197,2
6198,0
6199,0
6200,3
6201,2
6202,1
6203,2
6204,1
6205,2
6206,3
6207,3
6208,1
6209,1
6210,0
6211,0
6212,1
6213,2
6214,1
6215,1
6216,1
6217,0
6218,2
6219,1
6220,1
6221,1
6222,1
6223,0
6224,2
6225,1
6226,3
6227,0
6228,1
6229,2
6230,1
6231,0
6232,1
6233,1
6234,3
6235,0
6236,1
6237,2
6238,1
6239,1
6240,1
6241,1
6242,1
6243,1
6244,0
6245,1
6246,1
6247,1
6248,1
6249,1
6250,1
6251,2
6252,2
6253,1
6254,2
6255,2
6256,1
6257,2
6258,2
6259,1
6260,1
6261,1
6262,1
6263,1
6264,1
6265,1
6266,1
6267,0
6268,3
6269,1
6270,1
6271,1
6272,2
6273,0
6274,1
6275,1
6276,0
6277,1
6278,1
6279,1
6280,2
6281,1
6282,1
6283,1
6284,1
6285,0
6286,0
6287,0
6288,1
6289,0
6290,0
6291,1
6292,1
6293,1
6294,1
6295,2
6296,1
6297,2
6298,2
6299,1
6300,1
6301,1
6302,2
6303,1
6304,1
6305,1
6306,2
6307,2
6308,1
6309,1
6310,1
6311,0
6312,1
6313,0
6314,0
6315,1
6316,0
6317,1
6318,1
6319,2
6320,1
6321,1
6322,2
6323,1
6324,0
6325,0
6326,1
6327,1
6328,1
6329,2
6330,2
6331,2
6332,2
6333,1
6334,1
6335,2
6336,2
6337,1
6338,2
6339,0
6340,1
6341,1
6342,0
6343,2
6344,2
6345,1
6346,0
6347,1
6348,1
6349,2
6350,0
6351,1
6352,1
6353,1
6354,1
6355,2
6356,0
6357,1
6358,2
6359,0
6360,1
6361,2
6362,0
6363,1
6364,1
6365,2
6366,3
6367,2
6368,0
6369,1
6370,0
6371,2
6372,0
6373,2
6374,2
6375,0
6376,2
6377,2
6378,1
6379,1
6380,1
6381,2
6382,2
6383,2
6384,1
6385,0
6386,2
6387,1
6388,1
6389,1
6390,1
6391,2
6392,3
6393,1
6394,1
6395,1
6396,1
6397,2
6398,0
6399,2
6400,1
6401,1
6402,1
6403,0
6404,2
6405,2
6406,1
6407,0
6408,1
6409,2
6410,1
6411,1
6412,2
6413,1
6414,1
6415,1
6416,1
6417,1
6418,2
6419,2
6420,2
6421,0
6422,1
6423,1
6424,2
6425,1
6426,0
6427,0
6428,2
6429,1
6430,1
6431,2
6432,0
6433,1
6434,1
6435,2
6436,1
6437,2
6438,0
6439,1
6440,2
6441,1
6442,0
6443,2
6444,0
6445,1
6446,3
6447,2
6448,1
6449,1
6450,1
6451,1
6452,1
6453,2
6454,2
6455,1
6456,1
6457,1
6458,2
6459,1
6460,1
6461,2
6462,1
6463,1
6464,0
6465,1
6466,2
6467,1
6468,1
6469,2
6470,0
6471,3
6472,1
6473,2
6474,2
6475,2
6476,1
6477,1
6478,1
6479,1
6480,0
6481,2
6482,2
6483,1
6484,0
6485,2
6486,3
6487,0
6488,1
6489,1
6490,0
6491,1
6492,1
6493,1
6494,2
6495,1
6496,1
6497,3
6498,1
6499,1
6500,2
6501,2
6502,1
6503,1
6504,1
6505,2
6506,1
6507,0
6508,0
6509,2
6510,1
6511,2
6512,1
6513,2
6514,2
6515,0
6516,1
6517,1
6518,1
6519,1
6520,2
6521,1
6522,1
6523,2
6524,1
6525,2
6526,1
6527,1
6528,0
6529,2
6530,2
6531,3
6532,1
6533,2
6534,0
6535,1
6536,2
6537,1
6538,1
6539,2
6540,1
6541,1
6542,0
6543,1
6544,2
6545,0
6546,1
6547,2
6548,2
6549,2
6550,1
6551,1
6552,0
6553,1
6554,0
6555,3
6556,1
6557,2
6558,1
6559,1
6560,0
6561,2
6562,2
6563,1
6564,1
6565,1
6566,1
6567,1
6568,1
6569,2
6570,1
6571,3
6572,1
6573,2
6574,1
6575,1
6576,2
6577,1
6578,1
6579,1
6580,1
6581,0
6582,1
6583,0
6584,3
6585,1
6586,1
6587,1
6588,2
6589,3
6590,1
6591,1
6592,1
6593,1
6594,2
6595,0
6596,1
6597,1
6598,0
6599,2
6600,1
6601,1
6602,2
6603,1
6604,1
6605,2
6606,2
6607,2
6608,1
6609,2
6610,1
6611,3
6612,0
6613,1
6614,2
6615,0
6616,2
6617,1
6618,2
6619,2
6620,1
6621,1
6622,1
6623,1
6624,1
6625,1
6626,2
6627,3
6628,0
6629,1
6630,1
6631,1
6632,1
6633,1
6634,2
6635,3
6636,2
6637,1
6638,0
6639,1
6640,2
6641,1
6642,1
6643,1
6644,0
6645,1
6646,0
6647,2
6648,1
6649,1
6650,2
6651,1
6652,1
6653,2
6654,1
6655,1
6656,3
6657,2
6658,1
6659,1
6660,1
6661,1
6662,2
6663,1
6664,1
6665,1
6666,1
6667,1
6668,2
6669,1
6670,1
6671,3
6672,1
6673,1
6674,1
6675,2
6676,2
6677,1
6678,1
6679,2
6680,0
6681,2
6682,1
6683,1
6684,1
6685,2
6686,1
6687,1
6688,1
6689,1
6690,0
6691,1
6692,1
6693,0
6694,1
6695,0
6696,1
6697,0
6698,2
6699,1
6700,1
6701,2
6702,0
6703,1
6704,2
6705,1
6706,1
6707,2
6708,0
6709,1
6710,2
6711,1
6712,1
6713,1
6714,1
6715,2
6716,2
6717,1
6718,1
6719,1
6720,1
6721,2
6722,2
6723,1
6724,1
6725,2
6726,2
6727,1
6728,1
6729,1
6730,1
6731,1
6732,2
6733,2
6734,2
6735,2
6736,2
6737,0
6738,1
6739,1
6740,1
6741,1
6742,2
6743,1
6744,3
6745,1
6746,2
6747,1
6748,1
6749,2
6750,1
6751,2
6752,1
6753,1
6754,2
6755,1
6756,0
6757,2
6758,1
6759,1
6760,1
6761,1
6762,1
6763,1
6764,0
6765,0
6766,0
6767,1
6768,0
6769,1
6770,1
6771,1
6772,2
6773,1
6774,2
6775,0
6776,1
6777,2
6778,2
6779,0
6780,2
6781,1
6782,2
6783,2
6784,1
6785,1
6786,3
6787,1
6788,1
6789,1
6790,1
6791,1
6792,0
6793,1
6794,2
6795,3
6796,1
6797,0
6798,1
6799,0
6800,1
6801,1
6802,1
6803,1
6804,0
6805,1
6806,1
6807,0
6808,1
6809,2
6810,0
6811,1
6812,1
6813,2
6814,1
6815,1
6816,1
6817,3
6818,1
6819,1
6820,1
6821,2
6822,2
6823,1
6824,1
6825,0
6826,1
6827,0
6828,2
6829,1
6830,1
6831,1
6832,2
6833,1
6834,2
6835,1
6836,2
6837,1
6838,1
6839,1
6840,2
6841,2
6842,1
6843,1
6844,2
6845,1
6846,3
6847,1
6848,2
6849,0
6850,1
6851,1
6852,2
6853,1
6854,1
6855,3
6856,1
6857,2
6858,1
6859,1
6860,1
6861,2
6862,1
6863,0
6864,2
6865,2
6866,0
6867,0
6868,1
6869,1
6870,1
6871,1
6872,1
6873,1
6874,3
6875,1
6876,1
6877,1
6878,2
6879,1
6880,1
6881,2
6882,3
6883,1
6884,2
6885,1
6886,1
6887,2
6888,1
6889,3
6890,2
6891,1
6892,2
6893,1
6894,1
6895,1
6896,1
6897,1
6898,1
6899,0
6900,1
6901,1
6902,1
6903,2
6904,2
6905,0
6906,2
6907,2
6908,1
6909,1
6910,1
6911,2
6912,1
6913,2
6914,1
6915,2
6916,1
6917,3
6918,0
6919,3
6920,1
6921,3
6922,1
6923,2
6924,1
6925,1
6926,1
6927,1
6928,1
6929,1
6930,2
6931,1
6932,1
6933,2
6934,2
6935,2
6936,1
6937,1
6938,1
6939,1
6940,1
6941,1
6942,1
6943,1
6944,0
6945,1
6946,0
6947,1
6948,2
6949,2
6950,1
6951,2
6952,2
6953,1
6954,0
6955,1
6956,1
6957,2
6958,1
6959,1
6960,2
6961,1
6962,1
6963,1
6964,1
6965,1
6966,1
6967,1
6968,1
6969,2
6970,2
6971,2
6972,2
6973,0
6974,2
6975,2
6976,1
6977,1
6978,1
6979,1
6980,0
6981,1
6982,2
6983,1
6984,1
6985,2
6986,2
6987,1
6988,1
6989,0
6990,1
6991,0
6992,0
6993,1
6994,0
6995,1
6996,1
6997,1
6998,0
6999,2
7000,3
7001,1
7002,1
7003,1
7004,3
7005,1
7006,1
7007,1
7008,1
7009,1
7010,2
7011,1
7012,1
7013,0
7014,2
7015,1
7016,1
7017,0
7018,0
7019,1
7020,1
7021,3
7022,1
7023,1
7024,1
7025,1
7026,1
7027,1
7028,1
7029,1
7030,2
7031,1
7032,1
7033,2
7034,1
7035,1
7036,1
7037,1
7038,2
7039,1
7040,1
7041,0
7042,1
7043,1
7044,1
7045,2
7046,3
7047,1
7048,1
7049,0
7050,1
7051,3
7052,1
7053,1
7054,1
7055,1
7056,1
7057,1
7058,0
7059,3
7060,1
7061,1
7062,2
7063,2
7064,1
7065,0
7066,1
7067,2
7068,1
7069,1
7070,2
7071,1
7072,1
7073,2
7074,0
7075,1
7076,1
7077,0
7078,2
7079,0
7080,2
7081,2
7082,0
7083,1
7084,1
7085,0
7086,2
7087,2
7088,2
7089,1
7090,1
7091,1
7092,0
7093,3
7094,0
7095,2
7096,0
7097,2
7098,1
7099,0
7100,0
7101,0
7102,1
7103,3
7104,2
7105,1
7106,0
7107,1
7108,1
7109,1
7110,1
7111,1
7112,1
7113,2
7114,2
7115,0
7116,1
7117,1
7118,1
7119,2
7120,1
7121,0
7122,1
7123,0
7124,1
7125,0
7126,0
7127,1
7128,1
7129,0
7130,1
7131,1
7132,0
7133,1
7134,1
7135,1
7136,2
7137,1
7138,1
7139,0
7140,1
7141,1
7142,1
7143,1
7144,0
7145,1
7146,1
7147,1
7148,2
7149,0
7150,1
7151,2
7152,1
7153,2
7154,1
7155,1
7156,1
7157,3
7158,0
7159,1
7160,0
7161,1
7162,2
7163,1
7164,1
7165,2
7166,1
7167,0
7168,1
7169,1
7170,1
7171,1
7172,1
7173,1
7174,1
7175,1
7176,2
7177,2
7178,1
7179,2
7180,1
7181,2
7182,0
7183,1
7184,2
7185,1
7186,3
7187,1
7188,1
7189,2
7190,1
7191,1
7192,2
7193,3
7194,2
7195,1
7196,1
7197,2
7198,2
7199,1
7200,0
7201,2
7202,2
7203,1
7204,0
7205,1
7206,0
7207,0
7208,2
7209,1
7210,3
7211,2
7212,1
7213,1
7214,2
7215,1
7216,0
7217,1
7218,1
7219,2
7220,2
7221,1
7222,0
7223,2
7224,1
7225,1
7226,1
7227,1
7228,1
7229,1
7230,2
7231,1
7232,1
7233,2
7234,2
7235,0
7236,3
7237,1
7238,2
7239,1
7240,1
7241,1
7242,2
7243,1
7244,1
7245,1
7246,1
7247,0
7248,0
7249,2
7250,2
7251,1
7252,0
7253,2
7254,0
7255,0
7256,0
7257,1
7258,3
7259,1
7260,0
7261,3
7262,1
7263,1
7264,0
7265,1
7266,1
7267,1
7268,2
7269,0
7270,1
7271,2
7272,1
7273,1
7274,1
7275,0
7276,2
7277,0
7278,2
7279,1
7280,1
7281,2
7282,0
7283,3
7284,1
7285,2
7286,1
7287,1
7288,0
7289,1
7290,1
7291,0
7292,2
7293,1
7294,1
7295,1
7296,2
7297,1
7298,2
7299,1
7300,2
7301,1
7302,1
7303,0
7304,1
7305,0
7306,1
7307,1
7308,1
7309,1
7310,2
7311,1
7312,1
7313,2
7314,1
7315,0
7316,1
7317,2
7318,1
7319,1
7320,0
7321,1
7322,2
7323,1
7324,1
7325,1
7326,1
7327,1
7328,1
7329,1
7330,1
7331,1
7332,1
7333,1
7334,2
7335,1
7336,1
7337,2
7338,1
7339,1
7340,1
7341,1
7342,1
7343,2
7344,0
7345,1
7346,2
7347,0
7348,3
7349,3
7350,1
7351,1
7352,1
7353,1
7354,2
7355,2
7356,1
7357,2
7358,2
7359,1
7360,2
7361,2
7362,1
7363,1
7364,3
7365,3
7366,2
7367,1
7368,1
7369,1
7370,2
7371,2
7372,1
7373,1
7374,1
7375,2
7376,0
7377,2
7378,1
7379,2
7380,1
7381,1
7382,1
7383,0
7384,1
7385,1
7386,2
7387,1
7388,1
7389,1
7390,0
7391,1
7392,0
7393,1
7394,1
7395,1
7396,1
7397,1
7398,1
7399,1
7400,1
7401,1
7402,0
7403,0
7404,1
7405,2
7406,2
7407,2
7408,1
7409,1
7410,0
7411,1
7412,3
7413,1
7414,0
7415,0
7416,2
7417,1
7418,1
7419,1
7420,0
7421,2
7422,2
7423,1
7424,1
7425,0
7426,2
7427,1
7428,2
7429,2
7430,1
7431,1
7432,1
7433,0
7434,1
7435,1
7436,1
7437,2
7438,1
7439,0
7440,2
7441,2
7442,1
7443,1
7444,0
7445,0
7446,1
7447,2
7448,0
7449,1
7450,1
7451,1
7452,1
7453,2
7454,1
7455,3
7456,2
7457,2
7458,2
7459,2
7460,1
7461,2
7462,1
7463,1
7464,1
7465,1
7466,3
7467,1
7468,1
7469,3
7470,1
7471,3
7472,2
7473,1
7474,1
7475,1
7476,1
7477,1
7478,1
7479,1
7480,1
7481,1
7482,1
7483,2
7484,2
7485,2
7486,0
7487,0
7488,2
7489,1
7490,1
7491,2
7492,0
7493,2
7494,0
7495,1
7496,1
7497,1
7498,1
7499,0
7500,2
7501,1
7502,1
7503,2
7504,1
7505,2
7506,0
7507,1
7508,2
7509,1
7510,3
7511,1
7512,2
7513,0
7514,2
7515,0
7516,2
7517,0
7518,0
7519,1
7520,1
7521,1
7522,1
7523,2
7524,2
7525,1
7526,1
7527,1
7528,1
7529,1
7530,2
7531,1
7532,1
7533,2
7534,2
7535,3
7536,2
7537,1
7538,1
7539,1
7540,1
7541,1
7542,1
7543,3
7544,0
7545,0
7546,1
7547,0
7548,1
7549,2
7550,1
7551,1
7552,3
7553,1
7554,1
7555,2
7556,0
7557,1
7558,1
7559,1
7560,1
7561,1
7562,2
7563,1
7564,1
7565,2
7566,2
7567,2
7568,2
7569,1
7570,3
7571,1
7572,2
7573,1
7574,1
7575,1
7576,1
7577,3
7578,1
7579,1
7580,1
7581,2
7582,0
7583,2
7584,1
7585,1
7586,2
7587,0
7588,1
7589,2
7590,1
7591,2
7592,1
7593,1
7594,2
7595,1
7596,0
7597,1
7598,2
7599,1
7600,1
7601,1
7602,0
7603,1
7604,2
7605,2
7606,2
7607,2
7608,1
7609,1
7610,1
7611,0
7612,3
7613,1
7614,2
7615,1
7616,1
7617,1
7618,2
7619,1
7620,0
7621,2
7622,2
7623,2
7624,2
7625,3
7626,3
7627,1
7628,1
7629,1
7630,1
7631,1
7632,1
7633,1
7634,2
7635,0
7636,2
7637,2
7638,2
7639,1
7640,0
7641,2
7642,1
7643,0
7644,3
7645,0
7646,1
7647,1
7648,1
7649,1
7650,1
7651,1
7652,1
7653,1
7654,1
7655,2
7656,1
7657,1
7658,1
7659,1
7660,1
7661,1
7662,1
7663,0
7664,1
7665,1
7666,1
7667,1
7668,1
7669,1
7670,1
7671,1
7672,1
7673,1
7674,1
7675,3
7676,1
7677,0
7678,2
7679,1
7680,3
7681,2
7682,1
7683,1
7684,1
7685,1
7686,0
7687,1
7688,1
7689,1
7690,1
7691,1
7692,1
7693,1
7694,1
7695,1
7696,1
7697,1
7698,1
7699,2
7700,1
7701,1
7702,1
7703,1
7704,1
7705,1
7706,2
7707,0
7708,0
7709,1
7710,1
7711,2
7712,0
7713,2
7714,1
7715,2
7716,2
7717,2
7718,2
7719,1
7720,1
7721,1
7722,1
7723,3
7724,0
7725,0
7726,1
7727,2
7728,1
7729,1
7730,0
7731,1
7732,1
7733,2
7734,1
7735,1
7736,2
7737,2
7738,1
7739,2
7740,1
7741,3
7742,0
7743,1
7744,1
7745,1
7746,2
7747,1
7748,1
7749,2
7750,2
7751,3
7752,1
7753,2
7754,1
7755,1
7756,3
7757,2
7758,2
7759,0
7760,1
7761,0
7762,0
7763,1
7764,2
7765,2
7766,1
7767,2
7768,1
7769,2
7770,0
7771,0
7772,0
7773,2
7774,0
7775,1
7776,1
7777,1
7778,2
7779,1
7780,1
7781,0
7782,1
7783,1
7784,1
7785,2
7786,2
7787,2
7788,1
7789,1
7790,2
7791,1
7792,2
7793,1
7794,2
7795,1
7796,1
7797,0
7798,1
7799,1
7800,2
7801,1
7802,1
7803,2
7804,2
7805,2
7806,2
7807,2
7808,2
7809,1
7810,1
7811,1
7812,1
7813,2
7814,1
7815,1
7816,2
7817,2
7818,3
7819,0
7820,1
7821,2
7822,2
7823,0
7824,2
7825,1
7826,1
7827,1
7828,2
7829,1
7830,1
7831,1
7832,1
7833,0
7834,2
7835,0
7836,1
7837,1
7838,1
7839,2
7840,1
7841,2
7842,1
7843,3
7844,1
7845,1
7846,2
7847,2
7848,0
7849,1
7850,1
7851,2
7852,1
7853,2
7854,2
7855,1
7856,1
7857,1
7858,1
7859,1
7860,1
7861,1
7862,1
7863,1
7864,1
7865,1
7866,2
7867,2
7868,0
7869,1
7870,1
7871,1
7872,2
7873,3
7874,1
7875,2
7876,1
7877,2
7878,1
7879,1
7880,2
7881,1
7882,1
7883,3
7884,1
7885,1
7886,0
7887,3
7888,1
7889,1
7890,2
7891,2
7892,0
7893,1
7894,1
7895,2
7896,1
7897,1
7898,1
7899,1
7900,2
7901,1
7902,2
7903,1
7904,0
7905,1
7906,1
7907,1
7908,1
7909,3
7910,1
7911,1
7912,2
7913,2
7914,2
7915,1
7916,2
7917,1
7918,1
7919,1
7920,2
7921,1
7922,1
7923,1
7924,0
7925,1
7926,1
7927,1
7928,2
7929,2
7930,1
7931,1
7932,1
7933,1
7934,2
7935,1
7936,2
7937,2
7938,1
7939,2
7940,1
7941,0
7942,1
7943,1
7944,1
7945,0
7946,1
7947,1
7948,2
7949,3
7950,1
7951,1
7952,1
7953,2
7954,1
7955,2
7956,0
7957,1
7958,2
7959,3
7960,0
7961,1
7962,2
7963,2
7964,1
7965,1
7966,1
7967,0
7968,2
7969,1
7970,1
7971,3
7972,1
7973,0
7974,1
7975,1
7976,1
7977,1
7978,1
7979,2
7980,1
7981,1
7982,1
7983,1
7984,1
7985,1
7986,0
7987,2
7988,0
7989,2
7990,1
7991,0
7992,1
7993,2
7994,1
7995,1
7996,0
7997,1
7998,0
7999,1
8000,1
8001,2
8002,1
8003,1
8004,2
8005,1
8006,0
8007,1
8008,2
8009,1
8010,0
8011,1
8012,2
8013,1
8014,3
8015,2
8016,3
8017,1
8018,2
8019,1
8020,1
8021,1
8022,1
8023,2
8024,1
8025,1
8026,1
8027,1
8028,0
8029,1
8030,2
8031,1
8032,2
8033,2
8034,1
8035,1
8036,2
8037,1
8038,0
8039,2
8040,1
8041,2
8042,2
8043,1
8044,2
8045,0
8046,3
8047,1
8048,1
8049,1
8050,1
8051,1
8052,2
8053,1
8054,1
8055,2
8056,2
8057,1
8058,1
8059,2
8060,1
8061,1
8062,1
8063,1
8064,1
8065,1
8066,1
8067,2
8068,1
8069,2
8070,1
8071,3
8072,1
8073,0
8074,2
8075,2
8076,2
8077,2
8078,0
8079,0
8080,1
8081,1
8082,1
8083,1
8084,0
8085,1
8086,1
8087,1
8088,2
8089,2
8090,0
8091,0
8092,2
8093,0
8094,1
8095,1
8096,0
8097,2
8098,0
8099,2
8100,2
8101,1
8102,1
8103,1
8104,1
8105,1
8106,0
8107,1
8108,2
8109,1
8110,0
8111,2
8112,2
8113,2
8114,0
8115,1
8116,0
8117,1
8118,1
8119,1
8120,1
8121,0
8122,1
8123,0
8124,1
8125,3
8126,2
8127,2
8128,1
8129,1
8130,2
8131,1
8132,0
8133,2
8134,2
8135,2
8136,1
8137,1
8138,2
8139,1
8140,0
8141,1
8142,0
8143,1
8144,1
8145,1
8146,2
8147,3
8148,0
8149,1
8150,0
8151,2
8152,0
8153,1
8154,0
8155,2
8156,2
8157,2
8158,2
8159,2
8160,1
8161,2
8162,2
8163,1
8164,1
8165,1
8166,0
8167,1
8168,2
8169,1
8170,1
8171,1
8172,1
8173,2
8174,2
8175,1
8176,1
8177,0
8178,1
8179,1
8180,0
8181,2
8182,1
8183,1
8184,1
8185,2
8186,0
8187,2
8188,1
8189,2
8190,1
8191,1
8192,1
8193,1
8194,1
8195,1
8196,1
8197,1
8198,1
8199,1
8200,1
8201,2
8202,2
8203,0
8204,2
8205,3
8206,1
8207,2
8208,1
8209,1
8210,1
8211,1
8212,0
8213,1
8214,0
8215,1
8216,2
8217,2
8218,2
8219,1
8220,0
8221,1
8222,1
8223,1
8224,1
8225,1
8226,0
8227,3
8228,1
8229,2
8230,2
8231,1
8232,3
8233,1
8234,0
8235,1
8236,1
8237,0
8238,2
8239,2
8240,2
8241,2
8242,0
8243,1
8244,0
8245,1
8246,2
8247,2
8248,1
8249,1
8250,1
8251,1
8252,1
8253,0
8254,1
8255,0
8256,0
8257,2
8258,1
8259,1
8260,1
8261,0
8262,1
8263,0
8264,1
8265,1
8266,2
8267,1
8268,1
8269,2
8270,0
8271,0
8272,0
8273,1
8274,1
8275,1
8276,2
8277,2
8278,2
8279,1
8280,2
8281,2
8282,1
8283,1
8284,1
8285,1
8286,1
8287,2
8288,1
8289,1
8290,1
8291,1
8292,1
8293,2
8294,0
8295,0
8296,1
8297,1
8298,1
8299,1
8300,1
8301,3
8302,2
8303,0
8304,1
8305,1
8306,1
8307,1
8308,1
8309,1
8310,1
8311,3
8312,1
8313,1
8314,2
8315,1
8316,2
8317,1
8318,1
8319,2
8320,2
8321,1
8322,1
8323,1
8324,3
8325,1
8326,2
8327,1
8328,1
8329,1
8330,1
8331,0
8332,0
8333,1
8334,1
8335,1
8336,1
8337,0
8338,0
8339,1
8340,0
8341,1
8342,1
8343,1
8344,1
8345,1
8346,1
8347,1
8348,2
8349,1
8350,1
8351,1
8352,2
8353,1
8354,1
8355,0
8356,1
8357,1
8358,2
8359,1
8360,0
8361,1
8362,2
8363,1
8364,2
8365,0
8366,2
8367,1
8368,1
8369,2
8370,2
8371,2
8372,1
8373,1
8374,1
8375,1
8376,1
8377,2
8378,1
8379,2
8380,1
8381,1
8382,0
8383,0
8384,0
8385,2
8386,0
8387,1
8388,1
8389,1
8390,1
8391,2
8392,1
8393,3
8394,1
8395,1
8396,1
8397,1
8398,2
8399,1
8400,0
8401,1
8402,1
8403,1
8404,2
8405,2
8406,1
8407,1
8408,2
8409,1
8410,1
8411,2
8412,2
8413,1
8414,2
8415,2
8416,2
8417,1
8418,0
8419,1
8420,1
8421,2
8422,1
8423,0
8424,1
8425,2
8426,1
8427,1
8428,1
8429,2
8430,0
8431,1
8432,2
8433,1
8434,1
8435,3
8436,2
8437,0
8438,1
8439,1
8440,0
8441,1
8442,1
8443,1
8444,1
8445,3
8446,1
8447,2
8448,2
8449,2
8450,1
8451,1
8452,3
8453,1
8454,1
8455,1
8456,1
8457,1
8458,0
8459,0
8460,0
8461,1
8462,2
8463,2
8464,2
8465,1
8466,3
8467,1
8468,1
8469,1
8470,1
8471,1
8472,3
8473,1
8474,1
8475,1
8476,1
8477,0
8478,1
8479,2
8480,0
8481,1
8482,2
8483,1
8484,0
8485,1
8486,1
8487,2
8488,1
8489,1
8490,1
8491,1
8492,2
8493,2
8494,1
8495,3
8496,0
8497,1
8498,2
8499,1
8500,2
8501,2
8502,0
8503,1
8504,1
8505,1
8506,1
8507,2
8508,1
8509,1
8510,2
8511,1
8512,2
8513,3
8514,0
8515,1
8516,1
8517,1
8518,0
8519,1
8520,3
8521,1
8522,2
8523,2
8524,0
8525,1
8526,1
8527,2
8528,1
8529,2
8530,3
8531,1
8532,1
8533,1
8534,1
8535,1
8536,2
8537,1
8538,2
8539,1
8540,1
8541,1
8542,1
8543,1
8544,2
8545,3
8546,1
8547,1
8548,2
8549,1
8550,1
8551,1
8552,1
8553,0
8554,0
8555,1
8556,2
8557,1
8558,1
8559,0
8560,1
8561,1
8562,1
8563,1
8564,1
8565,1
8566,2
8567,2
8568,3
8569,2
8570,2
8571,2
8572,1
8573,1
8574,1
8575,1
8576,1
8577,0
8578,1
8579,1
8580,2
8581,1
8582,2
8583,1
8584,1
8585,3
8586,1
8587,0
8588,2
8589,1
8590,2
8591,2
8592,1
8593,1
8594,2
8595,2
8596,1
8597,1
8598,3
8599,1
8600,2
8601,3
8602,2
8603,1
8604,1
8605,1
8606,2
8607,0
8608,1
8609,1
8610,2
8611,1
8612,0
8613,0
8614,1
8615,2
8616,2
8617,1
8618,1
8619,1
8620,2
8621,1
8622,2
8623,1
8624,1
8625,1
8626,1
8627,1
8628,1
8629,2
8630,1
8631,1
8632,1
8633,0
8634,2
8635,0
8636,1
8637,2
8638,1
8639,2
8640,2
8641,2
8642,1
8643,1
8644,0
8645,0
8646,1
8647,1
8648,1
8649,1
8650,1
8651,1
8652,1
8653,2
8654,1
8655,1
8656,2
8657,2
8658,1
8659,1
8660,1
8661,1
8662,3
8663,1
8664,1
8665,1
8666,0
8667,0
8668,2
8669,1
8670,1
8671,1
8672,1
8673,1
8674,1
8675,0
8676,2
8677,1
8678,1
8679,1
8680,0
8681,3
8682,0
8683,2
8684,0
8685,2
8686,1
8687,1
8688,0
8689,1
8690,3
8691,3
8692,0
8693,1
8694,1
8695,1
8696,0
8697,1
8698,2
8699,2
8700,1
8701,2
8702,1
8703,0
8704,2
8705,1
8706,1
8707,2
8708,1
8709,0
8710,1
8711,2
8712,1
8713,0
8714,1
8715,2
8716,1
8717,0
8718,1
8719,1
8720,3
8721,3
8722,2
8723,1
8724,2
8725,1
8726,1
8727,1
8728,1
8729,1
8730,1
8731,1
8732,1
8733,1
8734,2
8735,2
8736,1
8737,1
8738,1
8739,1
8740,1
8741,1
8742,1
8743,1
8744,1
8745,0
8746,0
8747,1
8748,1
8749,2
8750,2
8751,1
8752,1
8753,0
8754,2
8755,3
8756,1
8757,1
8758,1
8759,1
8760,2
8761,1
8762,1
8763,1
8764,1
8765,2
8766,2
8767,1
8768,0
8769,2
8770,0
8771,1
8772,1
8773,1
8774,1
8775,1
8776,1
8777,1
8778,1
8779,2
8780,1
8781,1
8782,1
8783,1
8784,0
8785,1
8786,1
8787,1
8788,1
8789,1
8790,2
8791,0
8792,0
8793,2
8794,2
8795,3
8796,2
8797,1
8798,1
8799,0
8800,1
8801,1
8802,2
8803,1
8804,1
8805,2
8806,1
8807,1
8808,2
8809,0
8810,1
8811,1
8812,1
8813,1
8814,1
8815,1
8816,1
8817,1
8818,1
8819,0
8820,2
8821,1
8822,0
8823,1
8824,2
8825,1
8826,1
8827,1
8828,2
8829,1
8830,1
8831,2
8832,2
8833,2
8834,1
8835,2
8836,0
8837,1
8838,1
8839,1
8840,2
8841,1
8842,1
8843,1
8844,0
8845,1
8846,1
8847,1
8848,2
8849,1
8850,2
8851,1
8852,1
8853,0
8854,1
8855,2
8856,2
8857,1
8858,1
8859,1
8860,1
8861,1
8862,1
8863,0
8864,1
8865,1
8866,2
8867,0
8868,1
8869,1
8870,1
8871,1
8872,2
8873,1
8874,1
8875,1
8876,2
8877,2
8878,1
8879,1
8880,2
8881,2
8882,1
8883,1
8884,1
8885,0
8886,1
8887,1
8888,2
8889,2
8890,2
8891,1
8892,1
8893,2
8894,1
8895,3
8896,3
8897,2
8898,1
8899,1
8900,2
8901,1
8902,1
8903,0
8904,2
8905,1
8906,1
8907,1
8908,1
8909,1
8910,0
8911,2
8912,2
8913,1
8914,2
8915,2
8916,2
8917,1
8918,1
8919,0
8920,1
8921,1
8922,1
8923,1
8924,1
8925,1
8926,2
8927,1
8928,1
8929,1
8930,2
8931,1
8932,0
8933,1
8934,1
8935,2
8936,2
8937,1
8938,2
8939,3
8940,1
8941,1
8942,1
8943,2
8944,0
8945,0
8946,2
8947,1
8948,1
8949,1
8950,0
8951,0
8952,0
8953,2
8954,1
8955,1
8956,1
8957,1
8958,0
8959,1
8960,1
8961,1
8962,2
8963,1
8964,2
8965,1
8966,1
8967,2
8968,2
8969,1
8970,1
8971,1
8972,2
8973,2
8974,1
8975,2
8976,2
8977,3
8978,0
8979,0
8980,2
8981,2
8982,1
8983,2
8984,0
8985,1
8986,1
8987,1
8988,1
8989,1
8990,2
8991,1
8992,2
8993,1
8994,2
8995,2
8996,1
8997,2
8998,1
8999,1
9000,0
9001,1
9002,0
9003,1
9004,1
9005,1
9006,2
9007,1
9008,2
9009,0
9010,2
9011,2
9012,0
9013,1
9014,1
9015,1
9016,1
9017,2
9018,1
9019,2
9020,1
9021,2
9022,0
9023,2
9024,0
9025,3
9026,3
9027,1
9028,2
9029,1
9030,1
9031,1
9032,2
9033,1
9034,1
9035,1
9036,1
9037,1
9038,1
9039,1
9040,0
9041,1
9042,1
9043,2
9044,1
9045,0
9046,1
9047,0
9048,2
9049,2
9050,2
9051,1
9052,0
9053,1
9054,1
9055,1
9056,0
9057,1
9058,1
9059,1
9060,1
9061,0
9062,2
9063,1
9064,0
9065,1
9066,0
9067,2
9068,2
9069,2
9070,1
9071,2
9072,2
9073,1
9074,2
9075,2
9076,1
9077,2
9078,2
9079,2
9080,1
9081,0
9082,2
9083,2
9084,1
9085,0
9086,0
9087,1
9088,2
9089,1
9090,1
9091,2
9092,1
9093,2
9094,1
9095,1
9096,1
9097,0
9098,1
9099,1
9100,1
9101,1
9102,3
9103,1
9104,1
9105,1
9106,1
9107,1
9108,1
9109,2
9110,1
9111,2
9112,3
9113,2
9114,1
9115,2
9116,1
9117,1
9118,3
9119,1
9120,3
9121,1
9122,1
9123,2
9124,3
9125,0
9126,2
9127,1
9128,2
9129,0
9130,0
9131,0
9132,1
9133,0
9134,1
9135,0
9136,1
9137,1
9138,1
9139,0
9140,0
9141,1
9142,0
9143,1
9144,2
9145,1
9146,1
9147,1
9148,1
9149,1
9150,1
9151,2
9152,2
9153,0
9154,1
9155,1
9156,2
9157,2
9158,1
9159,1
9160,0
9161,1
9162,1
9163,1
9164,0
9165,0
9166,2
9167,1
9168,0
9169,2
9170,1
9171,1
9172,0
9173,1
9174,1
9175,1
9176,0
9177,2
9178,1
9179,1
9180,1
9181,1
9182,1
9183,1
9184,1
9185,2
9186,2
9187,1
9188,0
9189,1
9190,2
9191,2
9192,0
9193,1
9194,1
9195,1
9196,1
9197,1
9198,2
9199,1
9200,0
9201,0
9202,1
9203,2
9204,0
9205,1
9206,1
9207,1
9208,0
9209,1
9210,1
9211,1
9212,2
9213,1
9214,1
9215,1
9216,2
9217,1
9218,2
9219,1
9220,1
9221,1
9222,1
9223,1
9224,3
9225,2
9226,2
9227,1
9228,0
9229,1
9230,1
9231,2
9232,2
9233,1
9234,1
9235,1
9236,1
9237,1
9238,0
9239,0
9240,1
9241,1
9242,1
9243,1
9244,0
9245,2
9246,1
9247,0
9248,1
9249,2
9250,1
9251,2
9252,1
9253,2
9254,1
9255,0
9256,1
9257,2
9258,1
9259,1
9260,1
9261,1
9262,1
9263,2
9264,1
9265,2
9266,1
9267,1
9268,2
9269,1
9270,1
9271,1
9272,1
9273,1
9274,1
9275,1
9276,1
9277,1
9278,1
9279,1
9280,3
9281,2
9282,1
9283,1
9284,1
9285,0
9286,1
9287,1
9288,1
9289,1
9290,0
9291,1
9292,0
9293,1
9294,2
9295,0
9296,2
9297,2
9298,0
9299,2
9300,3
9301,2
9302,1
9303,0
9304,1
9305,1
9306,1
9307,1
9308,1
9309,1
9310,1
9311,0
9312,1
9313,1
9314,1
9315,2
9316,0
9317,1
9318,2
9319,0
9320,2
9321,1
9322,0
9323,2
9324,1
9325,2
9326,0
9327,2
9328,1
9329,0
9330,0
9331,2
9332,1
9333,1
9334,1
9335,1
9336,1
9337,1
9338,1
9339,1
9340,0
9341,1
9342,2
9343,1
9344,1
9345,0
9346,2
9347,1
9348,1
9349,0
9350,1
9351,1
9352,0
9353,2
9354,2
9355,1
9356,1
9357,0
9358,1
9359,0
9360,1
9361,1
9362,1
9363,1
9364,1
9365,2
9366,2
9367,0
9368,1
9369,1
9370,1
9371,0
9372,2
9373,2
9374,1
9375,1
9376,1
9377,2
9378,1
9379,1
9380,0
9381,0
9382,1
9383,2
9384,1
9385,1
9386,1
9387,2
9388,1
9389,1
9390,1
9391,1
9392,2
9393,1
9394,1
9395,2
9396,1
9397,2
9398,2
9399,1
9400,0
9401,1
9402,2
9403,1
9404,2
9405,1
9406,0
9407,1
9408,0
9409,1
9410,0
9411,2
9412,2
9413,2
9414,1
9415,1
9416,2
9417,1
9418,1
9419,1
9420,1
9421,2
9422,2
9423,1
9424,0
9425,1
9426,1
9427,1
9428,1
9429,2
9430,1
9431,1
9432,2
9433,0
9434,3
9435,1
9436,2
9437,1
9438,1
9439,1
9440,2
9441,1
9442,1
9443,2
9444,1
9445,0
9446,1
9447,1
9448,0
9449,1
9450,2
9451,1
9452,1
9453,1
9454,0
9455,1
9456,1
9457,1
9458,1
9459,0
9460,1
9461,2
9462,1
9463,3
9464,1
9465,1
9466,1
9467,1
9468,0
9469,1
9470,3
9471,1
9472,1
9473,1
9474,1
9475,1
9476,1
9477,1
9478,1
9479,0
9480,1
9481,0
9482,2
9483,1
9484,3
9485,1
9486,2
9487,0
9488,0
9489,3
9490,3
9491,1
9492,1
9493,1
9494,1
9495,1
9496,1
9497,2
9498,3
9499,2
9500,0
9501,0
9502,1
9503,1
9504,1
9505,1
9506,1
9507,2
9508,1
9509,3
9510,2
9511,1
9512,1
9513,1
9514,0
9515,1
9516,1
9517,1
9518,1
9519,1
9520,1
9521,2
9522,1
9523,1
9524,2
9525,1
9526,1
9527,1
9528,1
9529,2
9530,1
9531,1
9532,1
9533,1
9534,2
9535,2
9536,2
9537,0
9538,1
9539,1
9540,1
9541,1
9542,1
9543,0
9544,1
9545,2
9546,2
9547,2
9548,1
9549,1
9550,2
9551,1
9552,0
9553,0
9554,2
9555,1
9556,0
9557,1
9558,2
9559,1
9560,1
9561,1
9562,1
9563,1
9564,0
9565,2
9566,2
9567,2
9568,2
9569,2
9570,2
9571,2
9572,1
9573,1
9574,1
9575,1
9576,2
9577,0
9578,1
9579,1
9580,2
9581,2
9582,1
9583,1
9584,1
9585,0
9586,0
9587,1
9588,0
9589,1
9590,0
9591,0
9592,0
9593,2
9594,2
9595,1
9596,1
9597,2
9598,1
9599,2
9600,1
9601,1
9602,1
9603,1
9604,2
9605,1
9606,1
9607,1
9608,2
9609,0
9610,2
9611,2
9612,1
9613,1
9614,2
9615,1
9616,1
9617,2
9618,1
9619,1
9620,2
9621,1
9622,2
9623,1
9624,1
9625,2
9626,1
9627,1
9628,2
9629,1
9630,1
9631,1
9632,1
9633,1
9634,2
9635,2
9636,0
9637,1
9638,1
9639,1
9640,2
9641,1
9642,2
9643,1
9644,0
9645,2
9646,1
9647,2
9648,2
9649,1
9650,1
9651,1
9652,1
9653,2
9654,0
9655,2
9656,2
9657,1
9658,1
9659,1
9660,1
9661,1
9662,2
9663,1
9664,2
9665,1
9666,2
9667,1
9668,2
9669,3
9670,1
9671,1
9672,1
9673,1
9674,2
9675,1
9676,0
9677,0
9678,0
9679,1
9680,1
9681,1
9682,1
9683,0
9684,1
9685,1
9686,2
9687,1
9688,1
9689,3
9690,1
9691,1
9692,3
9693,2
9694,2
9695,1
9696,1
9697,2
9698,2
9699,1
9700,1
9701,0
9702,1
9703,3
9704,3
9705,3
9706,1
9707,3
9708,1
9709,2
9710,0
9711,0
9712,0
9713,1
9714,0
9715,1
9716,1
9717,1
9718,1
9719,1
9720,1
9721,1
9722,1
9723,1
9724,1
9725,1
9726,0
9727,2
9728,1
9729,2
9730,2
9731,2
9732,2
9733,2
9734,2
9735,2
9736,0
9737,1
9738,2
9739,1
9740,2
9741,1
9742,1
9743,1
9744,2
9745,1
9746,1
9747,0
9748,3
9749,0
9750,1
9751,2
9752,1
9753,2
9754,1
9755,2
9756,2
9757,1
9758,1
9759,1
9760,0
9761,1
9762,0
9763,1
9764,1
9765,1
9766,1
9767,3
9768,1
9769,0
9770,2
9771,2
9772,2
9773,1
9774,1
9775,1
9776,2
9777,3
9778,1
9779,1
9780,1
9781,0
9782,2
9783,2
9784,0
9785,2
9786,1
9787,1
9788,1
9789,0
9790,2
9791,0
9792,0
9793,0
9794,1
9795,1
9796,2
9797,2
9798,1
9799,3
9800,2
9801,0
9802,2
9803,1
9804,1
9805,1
9806,1
9807,1
9808,1
9809,2
9810,1
9811,1
9812,3
9813,1
9814,1
9815,1
9816,3
9817,1
9818,2
9819,2
9820,1
9821,0
9822,1
9823,1
9824,0
9825,0
9826,1
9827,3
9828,1
9829,0
9830,1
9831,1
9832,2
9833,3
9834,2
9835,2
9836,2
9837,1
9838,0
9839,1
9840,1
9841,1
9842,1
9843,1
9844,1
9845,2
9846,1
9847,1
9848,1
9849,1
9850,2
9851,1
9852,2
9853,1
9854,1
9855,2
9856,0
9857,3
9858,0
9859,2
9860,1
9861,2
9862,1
9863,1
9864,2
9865,2
9866,2
9867,0
9868,2
9869,1
9870,1
9871,1
9872,1
9873,2
9874,1
9875,1
9876,2
9877,2
9878,2
9879,1
9880,0
9881,1
9882,2
9883,1
9884,1
9885,2
9886,1
9887,2
9888,1
9889,1
9890,1
9891,1
9892,2
9893,0
9894,1
9895,1
9896,1
9897,2
9898,1
9899,1
9900,1
9901,1
9902,2
9903,1
9904,1
9905,1
9906,1
9907,1
9908,2
9909,2
9910,1
9911,2
9912,2
9913,2
9914,3
9915,0
9916,2
9917,2
9918,2
9919,1
9920,1
9921,1
9922,1
9923,2
9924,0
9925,1
9926,1
9927,2
9928,3
9929,1
9930,0
9931,0
9932,1
9933,2
9934,2
9935,1
9936,1
9937,2
9938,1
9939,0
9940,1
9941,3
9942,2
9943,1
9944,2
9945,1
9946,2
9947,1
9948,1
9949,1
9950,1
9951,1
9952,0
9953,2
9954,1
9955,2
9956,0
9957,1
9958,2
9959,1
9960,1
9961,0
9962,1
9963,1
9964,1
9965,1
9966,0
9967,1
9968,1
9969,1
9970,1
9971,1
9972,1
9973,2
9974,1
9975,1
9976,1
9977,1
9978,1
9979,1
9980,2
9981,0
9982,1
9983,1
9984,1
9985,1
9986,1
9987,1
9988,2
9989,1
9990,2
9991,0
9992,1
9993,1
9994,2
9995,1
9996,1
9997,0
9998,1
9999,0
10000,1
10001,2
10002,1
10003,1
10004,1
10005,1
10006,1
10007,2
10008,1
10009,2
10010,1
10011,1
10012,2
10013,2
10014,1
10015,0
10016,1
10017,1
10018,1
10019,1
10020,2
10021,2
10022,1
10023,0
10024,2
10025,2
10026,0
10027,1
10028,1
10029,2
10030,2
10031,1
10032,2
10033,0
10034,1
10035,0
10036,1
10037,1
10038,1
10039,1
10040,2
10041,0
10042,2
10043,1
10044,1
10045,0
10046,1
10047,1
10048,0
10049,1
10050,2
10051,0
10052,1
10053,1
10054,3
10055,1
10056,3
10057,1
10058,1
10059,1
10060,2
10061,2
10062,1
10063,1
10064,1
10065,0
10066,1
10067,2
10068,1
10069,2
10070,2
10071,0
10072,1
10073,0
10074,2
10075,1
10076,2
10077,1
10078,0
10079,1
10080,0
10081,1
10082,1
10083,1
10084,2
10085,1
10086,1
10087,2
10088,0
10089,1
10090,0
10091,0
10092,1
10093,2
10094,2
10095,1
10096,1
10097,1
10098,1
10099,1
10100,2
10101,1
10102,1
10103,1
10104,1
10105,1
10106,0
10107,1
10108,0
10109,2
10110,3
10111,2
10112,0
10113,1
10114,1
10115,2
10116,0
10117,1
10118,1
10119,3
10120,1
10121,1
10122,1
10123,2
10124,2
10125,0
10126,0
10127,1
10128,2
10129,2
10130,1
10131,1
10132,2
10133,1
10134,2
10135,3
10136,2
10137,1
10138,0
10139,0
10140,1
10141,1
10142,1
10143,1
10144,0
10145,1
10146,1
10147,1
10148,2
10149,2
10150,1
10151,1
10152,1
10153,0
10154,1
10155,1
10156,3
10157,1
10158,0
10159,2
10160,1
10161,2
10162,1
10163,1
10164,1
10165,0
10166,1
10167,1
10168,2
10169,1
10170,1
10171,3
10172,1
10173,2
10174,1
10175,3
10176,2
10177,1
10178,2
10179,2
10180,2
10181,0
10182,2
10183,0
10184,1
10185,1
10186,1
10187,1
10188,0
10189,2
10190,1
10191,3
10192,2
10193,0
10194,0
10195,1
10196,1
10197,1
10198,2
10199,1
10200,2
10201,0
10202,1
10203,1
10204,1
10205,2
10206,2
10207,0
10208,3
10209,3
10210,0
10211,1
10212,3
10213,1
10214,2
10215,1
10216,1
10217,1
10218,2
10219,1
10220,1
10221,1
10222,1
10223,2
10224,0
10225,1
10226,1
10227,0
10228,1
10229,3
10230,1
10231,1
10232,3
10233,1
10234,1
10235,1
10236,2
10237,1
10238,1
10239,1
10240,3
10241,0
10242,1
10243,3
10244,1
10245,2
10246,2
10247,1
10248,2
10249,0
10250,2
10251,2
10252,3
10253,2
10254,3
10255,0
10256,1
10257,2
10258,1
10259,1
10260,1
10261,0
10262,1
10263,2
10264,2
10265,1
10266,1
10267,3
10268,1
10269,1
10270,0
10271,2
10272,1
10273,1
10274,0
10275,1
10276,2
10277,1
10278,1
10279,0
10280,3
10281,0
10282,1
10283,0
10284,2
10285,1
10286,3
10287,0
10288,3
10289,1
10290,1
10291,1
10292,1
10293,0
10294,1
10295,0
10296,0
10297,1
10298,2
10299,1
10300,1
10301,1
10302,1
10303,1
10304,2
10305,1
10306,1
10307,1
10308,1
10309,1
10310,1
10311,2
10312,2
10313,1
10314,1
10315,2
10316,0
10317,1
10318,1
10319,1
10320,1
10321,0
10322,2
10323,1
10324,2
10325,2
10326,1
10327,3
10328,1
10329,0
10330,0
10331,1
10332,1
10333,2
10334,0
10335,1
10336,0
10337,1
10338,1
10339,0
10340,2
10341,3
10342,1
10343,1
10344,1
10345,1
10346,2
10347,1
10348,1
10349,1
10350,1
10351,1
10352,0
10353,0
10354,0
10355,1
10356,2
10357,3
10358,1
10359,1
10360,1
10361,2
10362,1
10363,2
10364,0
10365,3
10366,1
10367,1
10368,1
10369,2
10370,1
10371,1
10372,1
10373,1
10374,0
10375,0
10376,0
10377,3
10378,0
10379,3
10380,3
10381,1
10382,1
10383,2
10384,1
10385,0
10386,1
10387,1
10388,1
10389,0
10390,1
10391,1
10392,1
10393,1
10394,3
10395,1
10396,1
10397,2
10398,1
10399,1
10400,1
10401,1
10402,2
10403,1
10404,3
10405,1
10406,2
10407,1
10408,2
10409,2
10410,0
10411,1
10412,0
10413,1
10414,1
10415,1
10416,1
10417,1
10418,3
10419,1
10420,0
10421,1
10422,1
10423,1
10424,0
10425,2
10426,1
10427,2
10428,1
10429,1
10430,1
10431,2
10432,0
10433,1
10434,1
10435,2
10436,0
10437,1
10438,1
10439,2
10440,1
10441,1
10442,1
10443,1
10444,1
10445,0
10446,2
10447,0
10448,1
10449,2
10450,1
10451,1
10452,2
10453,1
10454,2
10455,0
10456,2
10457,1
10458,3
10459,2
10460,1
10461,1
10462,1
10463,0
10464,3
10465,1
10466,0
10467,2
10468,3
10469,1
10470,2
10471,1
10472,0
10473,2
10474,1
10475,1
10476,2
10477,3
10478,1
10479,1
10480,1
10481,1
10482,2
10483,2
10484,1
10485,2
10486,1
10487,1
10488,1
10489,2
10490,1
10491,0
10492,1
10493,2
10494,1
10495,1
10496,1
10497,2
10498,1
10499,1
10500,1
10501,3
10502,1
10503,1
10504,1
10505,2
10506,1
10507,1
10508,1
10509,0
10510,1
10511,2
10512,1
10513,1
10514,1
10515,0
10516,1
10517,3
10518,0
10519,2
10520,1
10521,1
10522,3
10523,1
10524,1
10525,0
10526,1
10527,1
10528,1
10529,2
10530,3
10531,1
10532,1
10533,2
10534,0
10535,0
10536,1
10537,1
10538,1
10539,1
10540,1
10541,2
10542,1
10543,1
10544,1
10545,2
10546,2
10547,3
10548,1
10549,1
10550,1
10551,1
10552,1
10553,1
10554,2
10555,2
10556,1
10557,1
10558,1
10559,1
10560,2
10561,0
10562,1
10563,0
10564,1
10565,0
10566,1
10567,1
10568,1
10569,2
10570,1
10571,2
10572,1
10573,1
10574,2
10575,2
10576,1
10577,0
10578,1
10579,1
10580,2
10581,1
10582,2
10583,1
10584,1
10585,0
10586,2
10587,1
10588,0
10589,1
10590,2
10591,0
10592,1
10593,1
10594,1
10595,1
10596,1
10597,2
10598,1
10599,1
10600,1
10601,2
10602,1
10603,2
10604,1
10605,0
10606,2
10607,1
10608,0
10609,0
10610,1
10611,1
10612,1
10613,2
10614,1
10615,1
10616,0
10617,1
10618,1
10619,0
10620,3
10621,1
10622,0
10623,1
10624,1
10625,1
10626,3
10627,1
10628,2
10629,0
10630,0
10631,1
10632,2
10633,1
10634,1
10635,1
10636,1
10637,2
10638,0
10639,1
10640,0
10641,2
10642,2
10643,2
10644,1
10645,1
10646,1
10647,2
10648,1
10649,1
10650,0
10651,3
10652,1
10653,1
10654,1
10655,3
10656,1
10657,1
10658,1
10659,1
10660,1
10661,1
10662,2
10663,0
10664,1
10665,2
10666,2
10667,1
10668,2
10669,1
10670,1
10671,2
10672,1
10673,1
10674,1
10675,0
10676,0
10677,2
10678,1
10679,1
10680,1
10681,1
10682,1
10683,2
10684,2
10685,1
10686,2
10687,2
10688,1
10689,1
10690,1
10691,1
10692,1
10693,1
10694,0
10695,0
10696,1
10697,2
10698,0
10699,0
10700,1
10701,1
10702,1
10703,2
10704,2
10705,3
10706,1
10707,1
10708,2
10709,0
10710,0
10711,2
10712,1
10713,2
10714,2
10715,1
10716,1
10717,0
10718,1
10719,1
10720,1
10721,1
10722,2
10723,0
10724,1
10725,1
10726,1
10727,0
10728,2
10729,0
10730,1
10731,2
10732,1
10733,0
10734,2
10735,2
10736,0
10737,1
10738,1
10739,2
10740,1
10741,1
10742,1
10743,0
10744,1
10745,1
10746,1
10747,1
10748,1
10749,1
10750,1
10751,2
10752,0
10753,1
10754,0
10755,2
10756,1
10757,1
10758,1
10759,3
10760,1
10761,2
10762,1
10763,2
10764,1
10765,1
10766,2
10767,2
10768,1
10769,1
10770,1
10771,0
10772,1
10773,2
10774,2
10775,1
10776,1
10777,0
10778,1
10779,0
10780,1
10781,0
10782,0
10783,2
10784,1
10785,3
10786,2
10787,0
10788,1
10789,2
10790,1
10791,0
10792,2
10793,0
10794,0
10795,1
10796,1
10797,1
10798,2
10799,0
10800,1
10801,2
10802,1
10803,1
10804,2
10805,1
10806,1
10807,1
10808,1
10809,1
10810,2
10811,1
10812,1
10813,1
10814,1
10815,1
10816,1
10817,1
10818,3
10819,1
10820,2
10821,2
10822,1
10823,1
10824,1
10825,1
10826,3
10827,2
10828,1
10829,1
10830,2
10831,1
10832,1
10833,2
10834,1
10835,2
10836,1
10837,1
10838,3
10839,2
10840,3
10841,1
10842,2
10843,1
10844,2
10845,1
10846,1
10847,3
10848,1
10849,1
10850,2
10851,2
10852,1
10853,2
10854,1
10855,2
10856,0
10857,0
10858,1
10859,2
10860,2
10861,1
10862,1
10863,1
10864,0
10865,1
10866,3
10867,2
10868,1
10869,1
10870,2
10871,2
10872,1
10873,1
10874,1
10875,1
10876,0
10877,1
10878,1
10879,2
10880,2
10881,1
10882,3
10883,2
10884,2
10885,2
10886,1
10887,2
10888,1
10889,1
10890,2
10891,1
10892,2
10893,1
10894,1
10895,1
10896,2
10897,0
10898,1
10899,3
10900,3
10901,1
10902,1
10903,1
10904,0
10905,0
10906,2
10907,0
10908,0
10909,1
10910,1
10911,1
10912,3
10913,1
10914,2
10915,1
10916,0
10917,1
10918,1
10919,0
10920,2
10921,1
10922,1
10923,0
10924,2
10925,1
10926,1
10927,1
10928,2
10929,1
10930,1
10931,2
10932,2
10933,1
10934,1
10935,0
10936,1
10937,0
10938,2
10939,1
10940,1
10941,1
10942,1
10943,2
10944,0
10945,1
10946,1
10947,1
10948,1
10949,2
10950,2
10951,2
10952,2
10953,2
10954,1
10955,2
10956,1
10957,1
10958,1
10959,0
10960,2
10961,1
10962,1
10963,1
10964,1
10965,1
10966,2
10967,1
10968,1
10969,1
10970,1
10971,1
10972,1
10973,2
10974,1
10975,1
10976,1
10977,1
10978,1
10979,1
10980,2
10981,1
10982,1
10983,1
10984,1
10985,2
10986,1
10987,1
10988,0
10989,2
10990,1
10991,1
10992,1
10993,1
10994,1
10995,1
10996,0
10997,0
10998,1
10999,2
11000,0
11001,0
11002,3
11003,1
11004,3
11005,1
11006,2
11007,1
11008,0
11009,1
11010,0
11011,2
11012,1
11013,0
11014,0
11015,0
11016,1
11017,2
11018,1
11019,2
11020,3
11021,0
11022,1
11023,1
11024,1
11025,1
11026,1
11027,1
11028,0
11029,2
11030,0
11031,3
11032,1
11033,0
11034,1
11035,2
11036,0
11037,1
11038,1
11039,1
11040,1
11041,1
11042,2
11043,1
11044,1
11045,1
11046,1
11047,2
11048,1
11049,1
11050,1
11051,1
11052,1
11053,3
11054,3
11055,1
11056,1
11057,1
11058,1
11059,2
11060,2
11061,2
11062,1
11063,2
11064,1
11065,1
11066,1
11067,1
11068,1
11069,1
11070,1
11071,1
11072,2
11073,2
11074,2
11075,2
11076,1
11077,2
11078,1
11079,1
11080,3
11081,1
11082,1
11083,2
11084,1
11085,2
11086,1
11087,1
11088,2
11089,1
11090,3
11091,1
11092,2
11093,0
11094,2
11095,1
11096,0
11097,0
11098,1
11099,1
11100,1
11101,2
11102,2
11103,1
11104,1
11105,1
11106,1
11107,1
11108,2
11109,2
11110,1
11111,1
11112,2
11113,1
11114,2
11115,2
11116,2
11117,1
11118,1
11119,1
11120,1
11121,1
11122,1
11123,3
11124,1
11125,1
11126,0
11127,1
11128,1
11129,2
11130,1
11131,1
11132,1
11133,1
11134,1
11135,1
11136,2
11137,2
11138,1
11139,1
11140,1
11141,3
11142,3
11143,2
11144,2
11145,1
11146,2
11147,3
11148,1
11149,1
11150,2
11151,1
11152,0
11153,0
11154,2
11155,1
11156,1
11157,1
11158,0
11159,1
11160,1
11161,1
11162,1
11163,1
11164,1
11165,2
11166,1
11167,1
11168,1
11169,1
11170,2
11171,1
11172,0
11173,1
11174,1
11175,1
11176,1
11177,1
11178,1
11179,1
11180,1
11181,1
11182,1
11183,1
11184,1
11185,1
11186,0
11187,1
11188,1
11189,0
11190,1
11191,1
11192,1
11193,1
11194,1
11195,2
11196,2
11197,2
11198,2
11199,1
11200,1
11201,1
11202,2
11203,1
11204,2
11205,1
11206,3
11207,3
11208,1
11209,1
11210,1
11211,1
11212,1
11213,1
11214,2
11215,0
11216,1
11217,1
11218,1
11219,0
11220,1
11221,1
11222,1
11223,1
11224,1
11225,2
11226,1
11227,2
11228,1
11229,1
11230,0
11231,1
11232,1
11233,1
11234,3
11235,0
11236,1
11237,1
11238,2
11239,1
11240,3
11241,1
11242,2
11243,1
11244,2
11245,1
11246,1
11247,2
11248,1
11249,3
11250,1
11251,1
11252,1
11253,2
11254,1
11255,2
11256,3
11257,3
11258,1
11259,3
11260,1
11261,1
11262,2
11263,1
11264,1
11265,2
11266,2
11267,2
11268,0
11269,1
11270,1
11271,0
11272,1
11273,1
11274,0
11275,1
11276,3
11277,2
11278,1
11279,0
11280,2
11281,0
11282,0
11283,2
11284,1
11285,1
11286,1
11287,0
11288,2
11289,2
11290,0
11291,1
11292,1
11293,2
11294,1
11295,2
11296,1
11297,1
11298,2
11299,1
11300,1
11301,1
11302,2
11303,2
11304,0
11305,1
11306,1
11307,1
11308,1
11309,1
11310,0
11311,1
11312,1
11313,1
11314,1
11315,1
11316,1
11317,1
11318,1
11319,0
11320,2
11321,1
11322,1
11323,0
11324,1
11325,1
11326,2
11327,2
11328,1
11329,2
11330,2
11331,1
11332,2
11333,1
11334,1
11335,0
11336,1
11337,2
11338,1
11339,1
11340,1
11341,1
11342,2
11343,1
11344,2
11345,1
11346,1
11347,1
11348,0
11349,2
11350,1
11351,1
11352,3
11353,2
11354,1
11355,2
11356,1
11357,1
11358,1
11359,1
11360,1
11361,2
11362,1
11363,2
11364,1
11365,1
11366,1
11367,1
11368,0
11369,2
11370,2
11371,2
11372,1
11373,1
11374,1
11375,2
11376,1
11377,2
11378,1
11379,1
11380,1
11381,1
11382,1
11383,1
11384,1
11385,1
11386,1
11387,2
11388,2
11389,3
11390,2
11391,1
11392,0
11393,0
11394,1
11395,0
11396,2
11397,1
11398,2
11399,0
11400,1
11401,0
11402,1
11403,1
11404,1
11405,1
11406,0
11407,2
11408,2
11409,1
11410,2
11411,1
11412,1
11413,2
11414,1
11415,1
11416,1
11417,1
11418,2
11419,1
11420,1
11421,1
11422,2
11423,2
11424,2
11425,0
11426,1
11427,1
11428,2
11429,1
11430,1
11431,2
11432,1
11433,1
11434,1
11435,1
11436,1
11437,2
11438,2
11439,1
11440,1
11441,3
11442,1
11443,3
11444,0
11445,2
11446,1
11447,2
11448,1
11449,2
11450,0
11451,2
11452,2
11453,1
11454,1
11455,1
11456,1
11457,2
11458,1
11459,0
11460,3
11461,1
11462,1
11463,1
11464,2
11465,1
11466,1
11467,1
11468,1
11469,1
11470,1
11471,1
11472,1
11473,1
11474,1
11475,1
11476,3
11477,2
11478,1
11479,3
11480,1
11481,1
11482,0
11483,2
11484,0
11485,1
11486,1
11487,1
11488,1
11489,1
11490,1
11491,2
11492,2
11493,2
11494,1
11495,1
11496,2
11497,1
11498,3
11499,1
11500,1
11501,0
11502,2
11503,2
11504,1
11505,0
11506,1
11507,2
11508,0
11509,3
11510,2
11511,1
11512,0
11513,2
11514,1
11515,2
11516,1
11517,2
11518,0
11519,1
11520,1
11521,0
11522,2
11523,0
11524,0
11525,1
11526,0
11527,1
11528,0
11529,0
11530,2
11531,1
11532,1
11533,1
11534,1
11535,1
11536,1
11537,0
11538,1
11539,0
11540,1
11541,1
11542,1
11543,2
11544,1
11545,1
11546,3
11547,1
11548,0
11549,1
11550,1
11551,2
11552,1
11553,1
11554,1
11555,0
11556,2
11557,1
11558,1
11559,1
11560,1
11561,0
11562,1
11563,1
11564,1
11565,1
11566,0
11567,1
11568,2
11569,1
11570,3
11571,2
11572,1
11573,1
11574,1
11575,1
11576,2
11577,1
11578,0
11579,1
11580,2
11581,1
11582,1
11583,0
11584,1
11585,1
11586,1
11587,1
11588,1
11589,2
11590,1
11591,2
11592,2
11593,1
11594,1
11595,1
11596,1
11597,2
11598,0
11599,2
11600,1
11601,1
11602,1
11603,2
11604,2
11605,0
11606,1
11607,2
11608,2
11609,1
11610,2
11611,2
11612,0
11613,0
11614,1
11615,1
11616,1
11617,1
11618,2
11619,1
11620,2
11621,1
11622,0
11623,2
11624,1
11625,1
11626,1
11627,1
11628,3
11629,1
11630,1
11631,1
11632,0
11633,1
11634,2
11635,2
11636,1
11637,2
11638,3
11639,3
11640,1
11641,1
11642,2
11643,1
11644,1
11645,0
11646,1
11647,0
11648,3
11649,3
11650,1
11651,2
11652,0
11653,2
11654,3
11655,2
11656,2
11657,1
11658,0
11659,2
11660,2
11661,1
11662,1
11663,2
11664,1
11665,1
11666,1
11667,1
11668,1
11669,1
11670,0
11671,1
11672,1
11673,2
11674,1
11675,2
11676,1
11677,0
11678,0
11679,1
11680,1
11681,1
11682,1
11683,1
11684,1
11685,2
11686,0
11687,2
11688,1
11689,0
11690,1
11691,2
11692,1
11693,0
11694,2
11695,0
11696,1
11697,1
11698,2
11699,1
11700,1
11701,1
11702,1
11703,1
11704,2
11705,1
11706,1
11707,1
11708,2
11709,2
11710,1
11711,2
11712,1
11713,1
11714,0
11715,2
11716,2
11717,2
11718,1
11719,1
11720,2
11721,2
11722,0
11723,1
11724,1
11725,2
11726,1
11727,2
11728,1
11729,1
11730,1
11731,1
11732,2
11733,2
11734,1
11735,1
11736,2
11737,2
11738,1
11739,2
11740,3
11741,0
11742,0
11743,1
11744,2
11745,1
11746,0
11747,1
11748,1
11749,1
11750,0
11751,1
11752,1
11753,1
11754,0
11755,2
11756,1
11757,1
11758,2
11759,1
11760,2
11761,2
11762,1
11763,0
11764,1
11765,0
11766,1
11767,1
11768,0
11769,1
11770,2
11771,2
11772,1
11773,1
11774,2
11775,2
11776,1
11777,2
11778,1
11779,1
11780,2
11781,0
11782,1
11783,1
11784,0
11785,1
11786,1
11787,1
11788,1
11789,2
11790,0
11791,3
11792,0
11793,1
11794,2
11795,2
11796,0
11797,1
11798,1
11799,1
11800,2
11801,1
11802,2
11803,2
11804,1
11805,1
11806,2
11807,1
11808,2
11809,1
11810,1
11811,1
11812,0
11813,2
11814,2
11815,3
11816,1
11817,1
11818,2
11819,1
11820,2
11821,1
11822,1
11823,1
11824,0
11825,1
11826,2
11827,1
11828,1
11829,1
11830,1
11831,0
11832,1
11833,2
11834,1
11835,1
11836,3
11837,1
11838,1
11839,2
11840,2
11841,1
11842,2
11843,2
11844,1
11845,1
11846,1
11847,1
11848,2
11849,3
11850,1
11851,1
11852,1
11853,1
11854,1
11855,1
11856,2
11857,1
11858,2
11859,2
11860,1
11861,2
11862,1
11863,1
11864,1
11865,2
11866,2
11867,1
11868,1
11869,2
11870,1
11871,1
11872,2
11873,0
11874,1
11875,1
11876,1
11877,1
11878,2
11879,1
11880,1
11881,1
11882,2
11883,2
11884,2
11885,1
11886,0
11887,3
11888,1
11889,1
11890,0
11891,0
11892,1
11893,2
11894,0
11895,1
11896,1
11897,1
11898,0
11899,1
11900,2
11901,1
11902,1
11903,2
11904,1
11905,2
11906,1
11907,1
11908,1
11909,1
11910,1
11911,1
11912,2
11913,3
11914,0
11915,2
11916,1
11917,2
11918,1
11919,1
11920,3
11921,1
11922,1
11923,1
11924,1
11925,1
11926,0
11927,2
11928,0
11929,1
11930,2
11931,2
11932,1
11933,0
11934,3
11935,1
11936,1
11937,0
11938,1
11939,2
11940,2
11941,1
11942,1
11943,2
11944,1
11945,2
11946,1
11947,1
11948,0
11949,2
11950,0
11951,1
11952,1
11953,1
11954,1
11955,0
11956,1
11957,1
11958,0
11959,1
11960,1
11961,0
11962,1
11963,0
11964,1
11965,1
11966,1
11967,0
11968,1
11969,1
11970,3
11971,0
11972,1
11973,1
11974,1
11975,1
11976,0
11977,1
11978,2
11979,1
11980,1
11981,2
11982,0
11983,0
11984,1
11985,0
11986,2
11987,1
11988,0
11989,1
11990,0
11991,1
11992,2
11993,0
11994,1
11995,1
11996,2
11997,1
11998,2
11999,1
12000,1
12001,1
12002,1
12003,1
12004,1
12005,1
12006,1
12007,1
12008,1
12009,2
12010,3
12011,1
12012,2
12013,2
12014,1
12015,1
12016,1
12017,1
12018,1
12019,1
12020,0
12021,1
12022,2
12023,1
12024,1
12025,1
12026,2
12027,2
12028,2
12029,1
12030,2
12031,1
12032,1
12033,0
12034,1
12035,0
12036,1
12037,1
12038,2
12039,2
12040,0
12041,2
12042,1
12043,2
12044,2
12045,1
12046,3
12047,1
12048,1
12049,1
12050,1
12051,1
12052,1
12053,1
12054,1
12055,1
12056,1
12057,2
12058,1
12059,0
12060,1
12061,1
12062,1
12063,1
12064,1
12065,1
12066,1
12067,1
12068,1
12069,1
12070,0
12071,1
12072,0
12073,1
12074,1
12075,1
12076,2
12077,2
12078,1
12079,1
12080,2
12081,1
12082,1
12083,1
12084,1
12085,1
12086,2
12087,1
12088,1
12089,1
12090,1
12091,3
12092,2
12093,1
12094,1
12095,2
12096,1
12097,1
12098,1
12099,1
12100,1
12101,1
12102,1
12103,0
12104,0
12105,1
12106,1
12107,1
12108,1
12109,1
12110,1
12111,1
12112,2
12113,1
12114,0
12115,2
12116,2
12117,1
12118,0
12119,1
12120,1
12121,1
12122,0
12123,1
12124,0
12125,1
12126,0
12127,1
12128,2
12129,2
12130,2
12131,2
12132,2
12133,1
12134,2
12135,1
12136,1
12137,1
12138,2
12139,2
12140,1
12141,2
12142,1
12143,2
12144,1
12145,1
12146,2
12147,1
12148,2
12149,1
12150,3
12151,1
12152,2
12153,1
12154,1
12155,2
12156,1
12157,2
12158,2
12159,1
12160,0
12161,2
12162,1
12163,1
12164,2
12165,1
12166,0
12167,1
12168,1
12169,1
12170,1
12171,1
12172,1
12173,1
12174,1
12175,1
12176,1
12177,2
12178,2
12179,2
12180,1
12181,2
12182,0
12183,1
12184,1
12185,1
12186,2
12187,1
12188,2
12189,1
12190,1
12191,1
12192,1
12193,2
12194,1
12195,1
12196,1
12197,0
12198,0
12199,3
12200,1
12201,0
12202,0
12203,1
12204,0
12205,2
12206,1
12207,3
12208,2
12209,2
12210,2
12211,1
12212,2
12213,2
12214,2
12215,0
12216,2
12217,2
12218,2
12219,3
12220,2
12221,1
12222,0
12223,2
12224,2
12225,2
12226,2
12227,1
12228,1
12229,1
12230,1
12231,1
12232,0
12233,1
12234,2
12235,1
12236,1
12237,1
12238,2
12239,2
12240,1
12241,2
12242,1
12243,2
12244,3
12245,3
12246,0
12247,2
12248,1
12249,1
12250,2
12251,1
12252,1
12253,1
12254,2
12255,1
12256,1
12257,1
12258,1
12259,1
12260,0
12261,2
12262,1
12263,1
12264,1
12265,1
12266,1
12267,1
12268,1
12269,0
12270,1
12271,3
12272,1
12273,0
12274,1
12275,1
12276,1
12277,1
12278,2
12279,2
12280,0
12281,0
12282,0
12283,0
12284,2
12285,2
12286,1
12287,1
12288,1
12289,1
12290,2
12291,1
12292,1
12293,1
12294,1
12295,2
12296,1
12297,0
12298,2
12299,2
12300,2
12301,2
12302,1
12303,1
12304,1
12305,1
12306,1
12307,2
12308,0
12309,1
12310,2
12311,2
12312,0
12313,1
12314,1
12315,2
12316,1
12317,0
12318,2
12319,1
12320,1
12321,2
12322,1
12323,2
12324,1
12325,1
12326,1
12327,1
12328,1
12329,0
12330,1
12331,1
12332,3
12333,1
12334,1
12335,1
12336,1
12337,2
12338,1
12339,1
12340,0
12341,3
12342,2
12343,2
12344,0
12345,1
12346,2
12347,2
12348,0
12349,1
12350,0
12351,1
12352,0
12353,1
12354,2
12355,2
12356,1
12357,1
12358,1
12359,1
12360,1
12361,1
12362,1
12363,2
12364,2
12365,1
12366,1
12367,1
12368,3
12369,2
12370,0
12371,1
12372,1
12373,1
12374,1
12375,0
12376,2
12377,2
12378,2
12379,2
12380,2
12381,1
12382,2
12383,1
12384,2
12385,0
12386,1
12387,1
12388,1
12389,0
12390,2
12391,1
12392,1
12393,2
12394,1
12395,0
12396,1
12397,2
12398,1
12399,1
12400,0
12401,1
12402,2
12403,1
12404,1
12405,1
12406,2
12407,3
12408,2
12409,1
12410,3
12411,2
12412,0
12413,2
12414,2
12415,1
12416,1
12417,1
12418,1
12419,2
12420,1
12421,1
12422,2
12423,0
12424,1
12425,1
12426,1
12427,2
12428,1
12429,1
12430,1
12431,1
12432,1
12433,1
12434,2
12435,1
12436,3
12437,1
12438,2
12439,0
12440,1
12441,1
12442,0
12443,2
12444,1
12445,1
12446,2
12447,1
12448,1
12449,1
12450,2
12451,1
12452,2
12453,3
12454,2
12455,1
12456,1
12457,1
12458,0
12459,2
12460,1
12461,1
12462,0
12463,0
12464,2
12465,2
12466,1
12467,2
12468,1
12469,1
12470,0
12471,1
12472,1
12473,1
12474,1
12475,2
12476,2
12477,1
12478,3
12479,1
12480,1
12481,1
12482,0
12483,1
12484,1
12485,1
12486,2
12487,1
12488,1
12489,1
12490,0
12491,2
12492,1
12493,2
12494,2
12495,2
12496,1
12497,2
12498,2
12499,2
12500,2
12501,3
12502,1
12503,1
12504,1
12505,1
12506,0
12507,1
12508,1
12509,2
12510,1
12511,0
12512,1
12513,1
12514,1
12515,3
12516,1
12517,2
12518,1
12519,2
12520,3
12521,2
12522,1
12523,1
12524,1
12525,1
12526,2
12527,3
12528,1
12529,1
12530,1
12531,0
12532,1
12533,1
12534,1
12535,1
12536,0
12537,1
12538,1
12539,3
12540,2
12541,2
12542,1
12543,2
12544,1
12545,1
12546,2
12547,2
12548,0
12549,2
12550,2
12551,2
12552,0
12553,1
12554,1
12555,2
12556,0
12557,1
12558,1
12559,2
12560,0
12561,1
12562,1
12563,0
12564,1
12565,1
12566,0
12567,1
12568,1
12569,0
12570,1
12571,1
12572,0
12573,1
12574,1
12575,1
12576,2
12577,1
12578,2
12579,2
12580,1
12581,2
12582,1
12583,0
12584,1
12585,2
12586,1
12587,0
12588,1
12589,1
12590,1
12591,0
12592,1
12593,1
12594,1
12595,1
12596,0
12597,1
12598,1
12599,2
12600,2
12601,1
12602,2
12603,0
12604,1
12605,3
12606,1
12607,1
12608,0
12609,1
12610,2
12611,0
12612,1
12613,0
12614,1
12615,0
12616,3
12617,1
12618,1
12619,0
12620,2
12621,1
12622,0
12623,1
12624,1
12625,2
12626,0
12627,1
12628,1
12629,2
12630,1
12631,0
12632,1
12633,1
12634,2
12635,2
12636,1
12637,1
12638,2
12639,2
12640,1
12641,1
12642,1
12643,1
12644,3
12645,2
12646,1
12647,0
12648,1
12649,2
12650,0
12651,2
12652,1
12653,0
12654,1
12655,1
12656,1
12657,1
12658,1
12659,0
12660,0
12661,1
12662,2
12663,1
12664,2
12665,1
12666,1
12667,1
12668,1
12669,2
12670,1
12671,2
12672,1
12673,1
12674,2
12675,2
12676,1
12677,1
12678,2
12679,1
12680,1
12681,1
12682,1
12683,2
12684,1
12685,0
12686,1
12687,1
12688,2
12689,1
12690,0
12691,0
12692,1
12693,1
12694,1
12695,0
12696,1
12697,1
12698,2
12699,0
12700,1
12701,1
12702,1
12703,1
12704,3
12705,1
12706,0
12707,1
12708,0
12709,1
12710,1
12711,0
12712,1
12713,0
12714,1
12715,1
12716,0
12717,1
12718,1
12719,1
12720,2
12721,1
12722,1
12723,1
12724,1
12725,1
12726,1
12727,0
12728,3
12729,3
12730,2
12731,1
12732,1
12733,1
12734,3
12735,1
12736,0
12737,1
12738,1
12739,1
12740,1
12741,1
12742,2
12743,3
12744,1
12745,1
12746,0
12747,1
12748,0
12749,2
12750,1
12751,2
12752,1
12753,1
12754,0
12755,1
12756,2
12757,2
12758,3
12759,2
12760,2
12761,2
12762,1
12763,2
12764,0
12765,2
12766,2
12767,2
12768,3
12769,1
12770,1
12771,1
12772,1
12773,0
12774,3
12775,0
12776,0
12777,2
12778,1
12779,2
12780,0
12781,1
12782,2
12783,2
12784,0
12785,1
12786,1
12787,1
12788,2
12789,1
12790,1
12791,2
12792,1
12793,2
12794,1
12795,0
12796,1
12797,1
12798,1
12799,1
12800,1
12801,1
12802,1
12803,1
12804,1
12805,1
12806,1
12807,1
12808,2
12809,3
12810,1
12811,1
12812,1
12813,3
12814,2
12815,2
12816,1
12817,2
12818,0
12819,1
12820,1
12821,1
12822,1
12823,2
12824,1
12825,3
12826,0
12827,1
12828,1
12829,0
12830,1
12831,2
12832,0
12833,2
12834,0
12835,2
12836,1
12837,1
12838,0
12839,2
12840,0
12841,1
12842,0
12843,2
12844,1
12845,2
12846,1
12847,1
12848,1
12849,1
12850,1
12851,1
12852,1
12853,0
12854,2
12855,0
12856,1
12857,2
12858,1
12859,1
12860,1
12861,1
12862,2
12863,1
12864,1
12865,3
12866,1
12867,1
12868,0
12869,2
12870,0
12871,1
12872,0
12873,2
12874,3
12875,2
12876,1
12877,1
12878,0
12879,1
12880,0
12881,1
12882,1
12883,0
12884,1
12885,1
12886,1
12887,1
12888,1
12889,2
12890,1
12891,2
12892,1
12893,1
12894,1
12895,3
12896,0
12897,1
12898,2
12899,0
12900,1
12901,0
12902,1
12903,1
12904,1
12905,1
12906,2
12907,2
12908,1
12909,1
12910,1
12911,3
12912,0
12913,2
12914,1
12915,1
12916,1
12917,1
12918,1
12919,1
12920,1
12921,1
12922,1
12923,1
12924,1
12925,3
12926,0
12927,1
12928,2
12929,1
12930,2
12931,2
12932,1
12933,0
12934,1
12935,1
12936,2
12937,0
12938,2
12939,3
12940,0
12941,1
12942,2
12943,1
12944,1
12945,0
12946,2
12947,2
12948,1
12949,1
12950,1
12951,1
12952,2
12953,1
12954,1
12955,2
12956,1
12957,1
12958,1
12959,3
12960,1
12961,2
12962,2
12963,1
12964,0
12965,2
12966,1
12967,0
12968,2
12969,1
12970,1
12971,2
12972,1
12973,2
12974,1
12975,0
12976,1
12977,1
12978,2
12979,0
12980,2
12981,1
12982,1
12983,1
12984,2
12985,2
12986,2
12987,1
12988,1
12989,1
12990,1
12991,2
12992,1
12993,0
12994,1
12995,1
12996,1
12997,0
12998,1
12999,1
13000,2
13001,1
13002,2
13003,1
13004,2
13005,2
13006,1
13007,1
13008,1
13009,1
13010,1
13011,2
13012,0
13013,1
13014,0
13015,1
13016,1
13017,1
13018,1
13019,2
13020,1
13021,1
13022,2
13023,1
13024,2
13025,1
13026,0
13027,3
13028,1
13029,2
13030,0
13031,0
13032,1
13033,1
13034,1
13035,1
13036,1
13037,0
13038,1
13039,1
13040,1
13041,1
13042,1
13043,2
13044,1
13045,1
13046,1
13047,1
13048,1
13049,1
13050,2
13051,1
13052,0
13053,1
13054,1
13055,3
13056,1
13057,1
13058,1
13059,0
13060,2
13061,1
13062,2
13063,1
13064,1
13065,2
13066,1
13067,1
13068,1
13069,1
13070,2
13071,1
13072,1
13073,1
13074,2
13075,1
13076,2
13077,1
13078,1
13079,1
13080,1
13081,1
13082,1
13083,2
13084,1
13085,2
13086,1
13087,0
13088,1
13089,1
13090,1
13091,1
13092,1
13093,1
13094,0
13095,2
13096,1
13097,2
13098,2
13099,2
13100,2
13101,1
13102,2
13103,3
13104,1
13105,1
13106,0
13107,1
13108,1
13109,1
13110,0
13111,1
13112,1
13113,2
13114,1
13115,1
13116,2
13117,1
13118,1
13119,1
13120,1
13121,1
13122,2
13123,2
13124,1
13125,1
13126,2
13127,1
13128,1
13129,1
13130,0
13131,1
13132,2
13133,2
13134,2
13135,1
13136,1
13137,0
13138,1
13139,1
13140,0
13141,1
13142,1
13143,1
13144,1
13145,2
13146,1
13147,1
13148,1
13149,2
13150,1
13151,1
13152,1
13153,1
13154,2
13155,0
13156,1
13157,2
13158,2
13159,2
13160,2
13161,2
13162,1
13163,1
13164,1
13165,2
13166,2
13167,1
13168,1
13169,3
13170,1
13171,1
13172,1
13173,3
13174,0
13175,2
13176,3
13177,1
13178,2
13179,1
13180,1
13181,0
13182,1
13183,0
13184,0
13185,1
13186,2
13187,1
13188,1
13189,1
13190,1
13191,1
13192,1
13193,1
13194,2
13195,2
13196,1
13197,2
13198,1
13199,2
13200,2
13201,1
13202,1
13203,0
13204,3
13205,1
13206,1
13207,2
13208,1
13209,1
13210,1
13211,2
13212,1
13213,1
13214,0
13215,1
13216,1
13217,0
13218,2
13219,2
13220,1
13221,0
13222,3
13223,1
13224,0
13225,1
13226,2
13227,0
13228,1
13229,2
13230,1
13231,1
13232,1
13233,1
13234,2
13235,1
13236,1
13237,0
13238,3
13239,1
13240,0
13241,2
13242,1
13243,0
13244,0
13245,1
13246,2
13247,1
13248,3
13249,2
13250,1
13251,2
13252,0
13253,1
13254,1
13255,0
13256,1
13257,1
13258,3
13259,1
13260,1
13261,0
13262,2
13263,1
13264,2
13265,1
13266,1
13267,1
13268,1
13269,0
13270,2
13271,1
13272,0
13273,2
13274,1
13275,1
13276,1
13277,1
13278,1
13279,1
13280,1
13281,1
13282,1
13283,1
13284,2
13285,2
13286,1
13287,0
13288,0
13289,1
13290,1
13291,0
13292,2
13293,1
13294,1
13295,1
13296,1
13297,0
13298,1
13299,0
13300,2
13301,0
13302,1
13303,1
13304,2
13305,2
13306,1
13307,0
13308,1
13309,1
13310,1
13311,1
13312,0
13313,2
13314,1
13315,2
13316,2
13317,1
13318,1
13319,2
13320,0
13321,1
13322,2
13323,2
13324,1
13325,2
13326,3
13327,0
13328,0
13329,1
13330,2
13331,1
13332,2
13333,0
13334,0
13335,1
13336,0
13337,1
13338,2
13339,1
13340,1
13341,3
13342,1
13343,3
13344,2
13345,1
13346,1
13347,1
13348,1
13349,2
13350,1
13351,2
13352,1
13353,2
13354,1
13355,1
13356,1
13357,1
13358,1
13359,1
13360,1
13361,2
13362,0
13363,1
13364,1
13365,1
13366,1
13367,0
13368,2
13369,1
13370,1
13371,1
13372,1
13373,1
13374,1
13375,1
13376,2
13377,1
13378,2
13379,1
13380,1
13381,1
13382,1
13383,2
13384,1
13385,1
13386,1
13387,1
13388,1
13389,2
13390,2
13391,1
13392,1
13393,1
13394,2
13395,1
13396,2
13397,3
13398,2
13399,2
13400,1
13401,0
13402,1
13403,2
13404,2
13405,1
13406,2
13407,0
13408,2
13409,0
13410,1
13411,1
13412,1
13413,2
13414,1
13415,1
13416,1
13417,0
13418,2
13419,1
13420,1
13421,1
13422,1
13423,1
13424,1
13425,0
13426,1
13427,1
13428,1
13429,1
13430,1
13431,0
13432,0
13433,1
13434,1
13435,1
13436,1
13437,1
13438,0
13439,1
13440,0
13441,1
13442,2
13443,1
13444,1
13445,1
13446,1
13447,0
13448,2
13449,1
13450,2
13451,0
13452,2
13453,1
13454,1
13455,1
13456,2
13457,1
13458,2
13459,1
13460,3
13461,1
13462,3
13463,3
13464,0
13465,2
13466,1
13467,1
13468,1
13469,1
13470,1
13471,2
13472,1
13473,1
13474,0
13475,2
13476,2
13477,1
13478,0
13479,3
13480,1
13481,1
13482,2
13483,0
13484,1
13485,1
13486,2
13487,2
13488,1
13489,1
13490,1
13491,0
13492,1
13493,2
13494,2
13495,3
13496,0
13497,2
13498,2
13499,1
13500,1
13501,2
13502,1
13503,2
13504,1
13505,2
13506,2
13507,1
13508,1
13509,0
13510,1
13511,1
13512,0
13513,2
13514,1
13515,0
13516,0
13517,2
13518,2
13519,1
13520,1
13521,0
13522,1
13523,1
13524,1
13525,2
13526,1
13527,1
13528,0
13529,2
13530,2
13531,1
13532,3
13533,1
13534,2
13535,1
13536,1
13537,1
13538,2
13539,1
13540,1
13541,0
13542,1
13543,1
13544,2
13545,1
13546,1
13547,1
13548,1
13549,2
13550,1
13551,2
13552,1
13553,2
13554,2
13555,0
13556,0
13557,1
13558,0
13559,1
13560,1
13561,1
13562,1
13563,2
13564,1
13565,0
13566,2
13567,1
13568,1
13569,2
13570,1
13571,0
13572,1
13573,1
13574,2
13575,1
13576,1
13577,0
13578,2
13579,1
13580,2
13581,2
13582,1
13583,1
13584,1
13585,2
13586,1
13587,0
13588,1
13589,1
13590,1
13591,1
13592,1
13593,0
13594,1
13595,2
13596,0
13597,2
13598,0
13599,2
13600,1
13601,1
13602,1
13603,1
13604,1
13605,1
13606,1
13607,1
13608,2
13609,0
13610,2
13611,0
13612,1
13613,1
13614,1
13615,1
13616,1
13617,2
13618,1
13619,1
13620,1
13621,1
13622,0
13623,2
13624,2
13625,0
13626,1
13627,2
13628,1
13629,1
13630,1
13631,1
13632,1
13633,2
13634,1
13635,2
13636,0
13637,1
13638,1
13639,1
13640,0
13641,0
13642,2
13643,2
13644,1
13645,0
13646,2
13647,1
13648,1
13649,1
13650,2
13651,0
13652,3
13653,1
13654,2
13655,2
13656,1
13657,2
13658,3
13659,1
13660,1
13661,3
13662,0
13663,1
13664,1
13665,2
13666,2
13667,1
13668,0
13669,2
13670,1
13671,2
13672,0
13673,2
13674,1
13675,1
13676,1
13677,0
13678,2
13679,1
13680,1
13681,1
13682,1
13683,2
13684,1
13685,3
13686,1
13687,0
13688,2
13689,1
13690,1
13691,0
13692,2
13693,1
13694,1
13695,1
13696,1
13697,2
13698,2
13699,3
13700,2
13701,1
13702,1
13703,1
13704,2
13705,1
13706,1
13707,2
13708,0
13709,1
13710,1
13711,0
13712,2
13713,1
13714,2
13715,1
13716,1
13717,1
13718,1
13719,2
13720,2
13721,1
13722,2
13723,3
13724,0
13725,2
13726,2
13727,1
13728,1
13729,1
13730,1
13731,2
13732,0
13733,1
13734,1
13735,2
13736,1
13737,3
13738,3
13739,2
13740,1
13741,0
13742,3
13743,2
13744,1
13745,1
13746,2
13747,1
13748,1
13749,1
13750,2
13751,2
13752,1
13753,1
13754,1
13755,1
13756,1
13757,1
13758,1
13759,2
13760,2
13761,1
13762,2
13763,0
13764,0
13765,3
13766,1
13767,2
13768,0
13769,3
13770,2
13771,0
13772,1
13773,0
13774,1
13775,1
13776,1
13777,1
13778,2
13779,1
13780,1
13781,2
13782,2
13783,2
13784,1
13785,2
13786,1
13787,1
13788,1
13789,1
13790,2
13791,0
13792,1
13793,2
13794,1
13795,1
13796,0
13797,1
13798,1
13799,1
13800,1
13801,2
13802,1
13803,2
13804,1
13805,2
13806,2
13807,1
13808,1
13809,1
13810,1
13811,1
13812,2
13813,1
13814,2
13815,2
13816,1
13817,0
13818,1
13819,0
13820,0
13821,1
13822,1
13823,1
13824,1
13825,0
13826,2
13827,1
13828,1
13829,2
13830,0
13831,2
13832,1
13833,1
13834,1
13835,1
13836,2
13837,0
13838,0
13839,0
13840,0
13841,1
13842,1
13843,1
13844,2
13845,2
13846,1
13847,1
13848,0
13849,2
13850,2
13851,1
13852,0
13853,1
13854,2
13855,0
13856,2
13857,2
13858,0
13859,2
13860,0
13861,0
13862,1
13863,1
13864,1
13865,1
13866,1
13867,0
13868,1
13869,1
13870,1
13871,1
13872,0
13873,1
13874,1
13875,0
13876,2
13877,1
13878,2
13879,2
13880,0
13881,3
13882,3
13883,2
13884,3
13885,0
13886,2
13887,2
13888,2
13889,1
13890,1
13891,2
13892,1
13893,2
13894,0
13895,2
13896,1
13897,0
13898,2
13899,2
13900,2
13901,2
13902,0
13903,2
13904,1
13905,1
13906,0
13907,1
13908,2
13909,0
13910,1
13911,2
13912,2
13913,1
13914,2
13915,1
13916,1
13917,1
13918,0
13919,1
13920,1
13921,1
13922,1
13923,1
13924,2
13925,0
13926,0
13927,1
13928,1
13929,1
13930,2
13931,1
13932,1
13933,0
13934,1
13935,1
13936,1
13937,1
13938,2
13939,1
13940,1
13941,1
13942,0
13943,2
13944,0
13945,1
13946,1
13947,1
13948,1
13949,1
13950,1
13951,1
13952,0
13953,1
13954,1
13955,1
13956,2
13957,2
13958,1
13959,2
13960,2
13961,2
13962,3
13963,1
13964,2
13965,2
13966,1
13967,1
13968,1
13969,2
13970,2
13971,2
13972,2
13973,1
13974,0
13975,1
13976,2
13977,2
13978,1
13979,1
13980,2
13981,1
13982,0
13983,1
13984,2
13985,2
13986,2
13987,2
13988,2
13989,1
13990,1
13991,0
13992,1
13993,1
13994,2
13995,2
13996,1
13997,1
13998,1
13999,1
14000,3
14001,1
14002,0
14003,1
14004,2
14005,2
14006,2
14007,1
14008,0
14009,2
14010,1
14011,1
14012,1
14013,2
14014,1
14015,1
14016,2
14017,2
14018,2
14019,1
14020,1
14021,1
14022,1
14023,1
14024,1
14025,1
14026,2
14027,1
14028,1
14029,1
14030,1
14031,2
14032,1
14033,1
14034,2
14035,1
14036,2
14037,2
14038,1
14039,1
14040,1
14041,1
14042,1
14043,1
14044,2
14045,1
14046,1
14047,1
14048,1
14049,1
14050,1
14051,2
14052,1
14053,1
14054,1
14055,3
14056,0
14057,2
14058,2
14059,1
14060,1
14061,2
14062,0
14063,1
14064,1
14065,1
14066,1
14067,1
14068,2
14069,0
14070,0
14071,1
14072,2
14073,2
14074,1
14075,1
14076,1
14077,0
14078,1
14079,1
14080,1
14081,1
14082,1
14083,1
14084,2
14085,1
14086,1
14087,1
14088,1
14089,2
14090,0
14091,1
14092,2
14093,2
14094,1
14095,2
14096,1
14097,1
14098,0
14099,1
14100,1
14101,2
14102,1
14103,2
14104,2
14105,0
14106,1
14107,1
14108,0
14109,2
14110,1
14111,0
14112,1
14113,2
14114,1
14115,1
14116,3
14117,1
14118,1
14119,1
14120,0
14121,1
14122,1
14123,1
14124,1
14125,2
14126,1
14127,2
14128,1
14129,2
14130,3
14131,1
14132,1
14133,0
14134,3
14135,2
14136,1
14137,2
14138,3
14139,1
14140,1
14141,1
14142,1
14143,0
14144,1
14145,1
14146,2
14147,1
14148,2
14149,3
14150,2
14151,1
14152,1
14153,0
14154,2
14155,2
14156,1
14157,1
14158,2
14159,1
14160,1
14161,1
14162,1
14163,2
14164,2
14165,1
14166,1
14167,0
14168,1
14169,2
14170,0
14171,1
14172,1
14173,1
14174,1
14175,1
14176,1
14177,1
14178,1
14179,2
14180,3
14181,1
14182,3
14183,1
14184,1
14185,1
14186,2
14187,1
14188,1
14189,2
14190,1
14191,2
14192,1
14193,2
14194,0
14195,1
14196,0
14197,2
14198,2
14199,1
14200,1
14201,3
14202,2
14203,2
14204,1
14205,0
14206,2
14207,1
14208,1
14209,1
14210,2
14211,2
14212,0
14213,1
14214,2
14215,1
14216,2
14217,1
14218,2
14219,1
14220,2
14221,1
14222,2
14223,1
14224,1
14225,1
14226,0
14227,1
14228,1
14229,1
14230,1
14231,1
14232,2
14233,1
14234,1
14235,2
14236,0
14237,1
14238,2
14239,0
14240,1
14241,1
14242,1
14243,1
14244,0
14245,1
14246,0
14247,1
14248,1
14249,1
14250,1
14251,1
14252,2
14253,2
14254,0
14255,1
14256,1
14257,2
14258,2
14259,1
14260,1
14261,0
14262,2
14263,1
14264,2
14265,1
14266,1
14267,0
14268,1
14269,0
14270,0
14271,1
14272,1
14273,1
14274,0
14275,1
14276,1
14277,2
14278,2
14279,0
14280,1
14281,2
14282,1
14283,1
14284,2
14285,1
14286,2
14287,2
14288,2
14289,0
14290,1
14291,1
14292,1
14293,0
14294,3
14295,1
14296,1
14297,1
14298,0
14299,1
14300,2
14301,2
14302,0
14303,0
14304,0
14305,1
14306,1
14307,1
14308,2
14309,1
14310,1
14311,2
14312,2
14313,1
14314,2
14315,1
14316,3
14317,1
14318,1
14319,1
14320,1
14321,1
14322,1
14323,1
14324,1
14325,0
14326,0
14327,2
14328,2
14329,1
14330,1
14331,3
14332,2
14333,1
14334,1
14335,2
14336,1
14337,1
14338,1
14339,0
14340,2
14341,1
14342,1
14343,3
14344,1
14345,1
14346,2
14347,1
14348,2
14349,1
14350,3
14351,1
14352,1
14353,1
14354,1
14355,2
14356,2
14357,1
14358,2
14359,1
14360,1
14361,1
14362,1
14363,1
14364,2
14365,1
14366,1
14367,1
14368,0
14369,1
14370,1
14371,1
14372,1
14373,1
14374,1
14375,2
14376,1
14377,2
14378,1
14379,1
14380,1
14381,2
14382,1
14383,0
14384,3
14385,1
14386,1
14387,1
14388,2
14389,1
14390,1
14391,0
14392,1
14393,0
14394,1
14395,1
14396,0
14397,1
14398,1
14399,2
14400,1
14401,1
14402,2
14403,0
14404,1
14405,2
14406,2
14407,2
14408,2
14409,1
14410,0
14411,2
14412,1
14413,3
14414,1
14415,1
14416,0
14417,3
14418,2
14419,1
14420,0
14421,0
14422,1
14423,1
14424,1
14425,1
14426,1
14427,1
14428,1
14429,1
14430,1
14431,3
14432,2
14433,1
14434,2
14435,1
14436,2
14437,1
14438,2
14439,1
14440,1
14441,2
14442,2
14443,3
14444,1
14445,0
14446,2
14447,2
14448,1
14449,2
14450,0
14451,2
14452,0
14453,2
14454,1
14455,1
14456,1
14457,3
14458,2
14459,1
14460,1
14461,1
14462,2
14463,1
14464,2
14465,2
14466,3
14467,1
14468,1
14469,1
14470,2
14471,3
14472,2
14473,2
14474,1
14475,2
14476,3
14477,1
14478,2
14479,2
14480,1
14481,1
14482,1
14483,1
14484,2
14485,1
14486,0
14487,2
14488,1
14489,0
14490,1
14491,1
14492,0
14493,0
14494,2
14495,1
14496,0
14497,1
14498,1
14499,2
14500,1
14501,2
14502,1
14503,0
14504,2
14505,0
14506,2
14507,1
14508,1
14509,2
14510,1
14511,2
14512,1
14513,2
14514,3
14515,2
14516,1
14517,2
14518,1
14519,1
14520,1
14521,2
14522,1
14523,1
14524,1
14525,1
14526,3
14527,1
14528,1
14529,2
14530,2
14531,1
14532,3
14533,1
14534,1
14535,1
14536,0
14537,2
14538,1
14539,0
14540,0
14541,3
14542,3
14543,2
14544,1
14545,3
14546,1
14547,2
14548,0
14549,1
14550,0
14551,2
14552,2
14553,2
14554,1
14555,1
14556,1
14557,1
14558,1
14559,1
14560,1
14561,1
14562,1
14563,1
14564,1
14565,2
14566,2
14567,1
14568,2
14569,2
14570,3
14571,1
14572,2
14573,1
14574,2
14575,2
14576,2
14577,2
14578,1
14579,2
14580,1
14581,2
14582,2
14583,2
14584,1
14585,1
14586,2
14587,1
14588,1
14589,1
14590,1
14591,0
14592,1
14593,1
14594,2
14595,2
14596,2
14597,0
14598,0
14599,1
14600,1
14601,1
14602,1
14603,1
14604,2
14605,2
14606,2
14607,1
14608,1
14609,1
14610,2
14611,2
14612,2
14613,0
14614,3
14615,2
14616,1
14617,2
14618,1
14619,2
14620,0
14621,3
14622,1
14623,2
14624,2
14625,1
14626,1
14627,1
14628,0
14629,1
14630,1
14631,1
14632,1
14633,1
14634,0
14635,0
14636,2
14637,3
14638,1
14639,2
14640,1
14641,1
14642,0
14643,1
14644,1
14645,2
14646,2
14647,0
14648,1
14649,2
14650,1
14651,1
14652,1
14653,2
14654,1
14655,1
14656,1
14657,2
14658,1
14659,1
14660,0
14661,1
14662,1
14663,0
14664,2
14665,3
14666,1
14667,2
14668,1
14669,2
14670,1
14671,1
14672,1
14673,1
14674,1
14675,1
14676,1
14677,0
14678,1
14679,2
14680,1
14681,1
14682,1
14683,1
14684,1
14685,1
14686,0
14687,2
14688,3
14689,1
14690,1
14691,2
14692,1
14693,1
14694,0
14695,1
14696,1
14697,2
14698,1
14699,1
14700,0
14701,2
14702,1
14703,1
14704,1
14705,2
14706,2
14707,2
14708,1
14709,2
14710,1
14711,1
14712,1
14713,1
14714,1
14715,1
14716,2
14717,1
14718,2
14719,0
14720,1
14721,2
14722,1
14723,1
14724,1
14725,1
14726,1
14727,0
14728,0
14729,2
14730,1
14731,3
14732,1
14733,2
14734,1
14735,1
14736,3
14737,0
14738,2
14739,1
14740,1
14741,3
14742,3
14743,2
14744,1
14745,1
14746,1
14747,1
14748,2
14749,1
14750,1
14751,0
14752,1
14753,1
14754,2
14755,1
14756,3
14757,2
14758,1
14759,1
14760,1
14761,0
14762,1
14763,1
14764,0
14765,1
14766,2
14767,2
14768,3
14769,0
14770,2
14771,3
14772,1
14773,1
14774,2
14775,1
14776,0
14777,1
14778,2
14779,2
14780,1
14781,1
14782,1
14783,1
14784,1
14785,2
14786,1
14787,1
14788,2
14789,2
14790,0
14791,1
14792,1
14793,1
14794,0
14795,0
14796,1
14797,1
14798,2
14799,1
14800,1
14801,3
14802,1
14803,0
14804,1
14805,0
14806,1
14807,1
14808,1
14809,1
14810,1
14811,1
14812,1
14813,1
14814,1
14815,1
14816,1
14817,2
14818,1
14819,0
14820,1
14821,1
14822,0
14823,2
14824,2
14825,1
14826,1
14827,2
14828,2
14829,2
14830,1
14831,2
14832,1
14833,2
14834,0
14835,1
14836,1
14837,1
14838,2
14839,1
14840,1
14841,1
14842,1
14843,1
14844,1
14845,3
14846,0
14847,1
14848,1
14849,0
14850,1
14851,1
14852,0
14853,1
14854,1
14855,0
14856,1
14857,1
14858,1
14859,0
14860,1
14861,2
14862,2
14863,1
14864,0
14865,1
14866,1
14867,1
14868,1
14869,0
14870,0
14871,0
14872,2
14873,1
14874,1
14875,0
14876,1
14877,0
14878,1
14879,2
14880,1
14881,0
14882,2
14883,2
14884,1
14885,1
14886,1
14887,1
14888,1
14889,0
14890,0
14891,1
14892,2
14893,1
14894,2
14895,2
14896,1
14897,1
14898,2
14899,1
14900,1
14901,1
14902,3
14903,0
14904,1
14905,1
14906,1
14907,2
14908,2
14909,2
14910,1
14911,1
14912,1
14913,1
14914,1
14915,2
14916,1
14917,0
14918,0
14919,2
14920,2
14921,2
14922,2
14923,3
14924,2
14925,1
14926,2
14927,1
14928,1
14929,1
14930,1
14931,1
14932,2
14933,0
14934,1
14935,1
14936,1
14937,1
14938,1
14939,1
14940,1
14941,1
14942,2
14943,2
14944,2
14945,1
14946,2
14947,3
14948,3
14949,1
14950,2
14951,1
14952,2
14953,2
14954,1
14955,1
14956,1
14957,2
14958,3
14959,1
14960,1
14961,1
14962,1
14963,1
14964,1
14965,2
14966,1
14967,1
14968,0
14969,3
14970,0
14971,1
14972,2
14973,1
14974,2
14975,1
14976,1
14977,2
14978,2
14979,3
14980,2
14981,1
14982,1
14983,1
14984,1
14985,1
14986,2
14987,1
14988,1
14989,2
14990,1
14991,2
14992,1
14993,2
14994,1
14995,2
14996,1
14997,1
14998,1
14999,1
15000,1
15001,1
15002,1
15003,1
15004,2
15005,3
15006,1
15007,1
15008,2
15009,1
15010,1
15011,2
15012,1
15013,2
15014,1
15015,1
15016,1
15017,1
15018,1
15019,2
15020,1
15021,1
15022,3
15023,1
15024,1
15025,1
15026,1
15027,2
15028,1
15029,1
15030,1
15031,1
15032,1
15033,1
15034,1
15035,1
15036,0
15037,2
15038,2
15039,1
15040,2
15041,1
15042,2
15043,2
15044,1
15045,1
15046,1
15047,1
15048,0
15049,1
15050,1
15051,0
15052,1
15053,1
15054,1
15055,1
15056,2
15057,2
15058,1
15059,0
15060,2
15061,2
15062,2
15063,2
15064,2
15065,1
15066,3
15067,1
15068,2
15069,1
15070,1
15071,1
15072,1
15073,2
15074,0
15075,1
15076,2
15077,1
15078,1
15079,2
15080,1
15081,2
15082,1
15083,3
15084,0
15085,1
15086,0
15087,1
15088,0
15089,1
15090,1
15091,1
15092,1
15093,0
15094,2
15095,1
15096,1
15097,1
15098,1
15099,3
15100,0
15101,1
15102,1
15103,2
15104,2
15105,1
15106,0
15107,1
15108,1
15109,2
15110,1
15111,0
15112,1
15113,3
15114,1
15115,1
15116,1
15117,1
15118,2
15119,2
15120,1
15121,1
15122,2
15123,1
15124,0
15125,2
15126,2
15127,2
15128,2
15129,1
15130,0
15131,2
15132,1
15133,1
15134,1
15135,0
15136,3
15137,1
15138,2
15139,1
15140,1
15141,2
15142,2
15143,2
15144,1
15145,1
15146,2
15147,1
15148,2
15149,0
15150,0
15151,2
15152,2
15153,3
15154,2
15155,1
15156,1
15157,1
15158,1
15159,1
15160,1
15161,2
15162,0
15163,1
15164,2
15165,1
15166,1
15167,2
15168,2
15169,1
15170,2
15171,0
15172,1
15173,2
15174,1
15175,1
15176,1
15177,2
15178,0
15179,1
15180,2
15181,2
15182,2
15183,2
15184,1
15185,1
15186,1
15187,1
15188,1
15189,1
15190,2
15191,1
15192,2
15193,0
15194,1
15195,2
15196,1
15197,1
15198,1
15199,1
15200,2
15201,1
15202,2
15203,1
15204,0
15205,2
15206,2
15207,1
15208,1
15209,1
15210,1
15211,1
15212,2
15213,1
15214,1
15215,1
15216,1
15217,0
15218,1
15219,1
15220,2
15221,1
15222,1
15223,1
15224,2
15225,0
15226,2
15227,1
15228,1
15229,2
15230,2
15231,2
15232,1
15233,1
15234,1
15235,1
15236,1
15237,3
15238,2
15239,1
15240,1
15241,2
15242,1
15243,2
15244,1
15245,1
15246,1
15247,2
15248,2
15249,0
15250,1
15251,1
15252,2
15253,2
15254,1
15255,2
15256,0
15257,1
15258,1
15259,1
15260,1
15261,1
15262,2
15263,2
15264,1
15265,2
15266,2
15267,2
15268,1
15269,0
15270,2
15271,0
15272,1
15273,1
15274,1
15275,2
15276,1
15277,0
15278,1
15279,1
15280,2
15281,1
15282,2
15283,3
15284,1
15285,1
15286,1
15287,1
15288,1
15289,0
15290,1
15291,1
15292,1
15293,0
15294,1
15295,1
15296,2
15297,2
15298,2
15299,1
15300,1
15301,2
15302,2
15303,1
15304,1
15305,1
15306,1
15307,1
15308,1
15309,1
15310,1
15311,1
15312,1
15313,1
15314,2
15315,1
15316,0
15317,2
15318,2
15319,1
15320,1
15321,1
15322,0
15323,2
15324,1
15325,2
15326,1
15327,1
15328,1
15329,1
15330,1
15331,1
15332,2
15333,2
15334,1
15335,1
15336,2
15337,1
15338,1
15339,1
15340,1
15341,0
15342,1
15343,1
15344,1
15345,1
15346,1
15347,2
15348,1
15349,1
15350,0
15351,1
15352,3
15353,1
15354,1
15355,1
15356,0
15357,0
15358,3
15359,1
15360,2
15361,2
15362,2
15363,2
15364,0
15365,1
15366,3
15367,1
15368,1
15369,0
15370,1
15371,1
15372,1
15373,2
15374,3
15375,0
15376,1
15377,1
15378,2
15379,3
15380,1
15381,1
15382,1
15383,2
15384,2
15385,2
15386,1
15387,1
15388,1
15389,1
15390,2
15391,2
15392,2
15393,0
15394,2
15395,0
15396,0
15397,1
15398,2
15399,1
15400,2
15401,2
15402,3
15403,1
15404,1
15405,0
15406,1
15407,2
15408,2
15409,1
15410,2
15411,1
15412,1
15413,1
15414,2
15415,0
15416,1
15417,3
15418,2
15419,0
15420,1
15421,2
15422,1
15423,2
15424,1
15425,2
15426,2
15427,3
15428,1
15429,1
15430,2
15431,1
15432,1
15433,0
15434,2
15435,0
15436,3
15437,2
15438,1
15439,1
15440,1
15441,1
15442,1
15443,0
15444,0
15445,1
15446,0
15447,1
15448,2
15449,1
15450,2
15451,1
15452,1
15453,1
15454,1
15455,2
15456,0
15457,1
15458,1
15459,1
15460,1
15461,1
15462,2
15463,0
15464,2
15465,2
15466,2
15467,1
15468,2
15469,1
15470,2
15471,1
15472,2
15473,0
15474,2
15475,0
15476,1
15477,1
15478,1
15479,1
15480,1
15481,0
15482,3
15483,2
15484,1
15485,2
15486,0
15487,3
15488,1
15489,1
15490,0
15491,1
15492,1
15493,1
15494,2
15495,1
15496,2
15497,1
15498,1
15499,1
15500,1
15501,2
15502,1
15503,1
15504,2
15505,3
15506,0
15507,0
15508,1
15509,1
15510,2
15511,1
15512,1
15513,2
15514,1
15515,2
15516,1
15517,1
15518,1
15519,2
15520,1
15521,1
15522,1
15523,2
15524,1
15525,1
15526,1
15527,1
15528,1
15529,1
15530,1
15531,1
15532,1
15533,1
15534,1
15535,1
15536,2
15537,2
15538,1
15539,0
15540,2
15541,0
15542,1
15543,2
15544,1
15545,1
15546,3
15547,2
15548,0
15549,1
15550,3
15551,1
15552,1
15553,2
15554,3
15555,1
15556,2
15557,0
15558,2
15559,1
15560,1
15561,3
15562,1
15563,2
15564,0
15565,2
15566,1
15567,1
15568,1
15569,1
15570,2
15571,3
15572,1
15573,1
15574,1
15575,1
15576,1
15577,0
15578,1
15579,1
15580,1
15581,2
15582,0
15583,1
15584,0
15585,1
15586,2
15587,1
15588,2
15589,1
15590,1
15591,1
15592,1
15593,1
15594,2
15595,1
15596,1
15597,0
15598,2
15599,0
15600,1
15601,1
15602,1
15603,2
15604,1
15605,1
15606,1
15607,1
15608,1
15609,1
15610,1
15611,1
15612,2
15613,2
15614,1
15615,1
15616,1
15617,0
15618,1
15619,2
15620,1
15621,1
15622,2
15623,1
15624,1
15625,3
15626,2
15627,1
15628,1
15629,0
15630,1
15631,1
15632,2
15633,1
15634,1
15635,1
15636,2
15637,2
15638,1
15639,1
15640,1
15641,1
15642,2
15643,2
15644,1
15645,0
15646,2
15647,1
15648,1
15649,1
15650,1
15651,2
15652,1
15653,1
15654,2
15655,2
15656,0
15657,2
15658,1
15659,1
15660,0
15661,2
15662,0
15663,1
15664,1
15665,2
15666,2
15667,2
15668,1
15669,2
15670,0
15671,0
15672,1
15673,1
15674,1
15675,2
15676,1
15677,0
15678,0
15679,1
15680,1
15681,2
15682,1
15683,2
15684,1
15685,2
15686,1
15687,1
15688,2
15689,1
15690,1
15691,2
15692,2
15693,2
15694,1
15695,2
15696,1
15697,1
15698,1
15699,1
15700,2
15701,1
15702,1
15703,2
15704,1
15705,1
15706,1
15707,3
15708,2
15709,2
15710,2
15711,2
15712,0
15713,1
15714,1
15715,0
15716,2
15717,2
15718,1
15719,2
15720,1
15721,2
15722,1
15723,0
15724,0
15725,1
15726,1
15727,1
15728,1
15729,1
15730,2
15731,1
15732,2
15733,2
15734,2
15735,0
15736,1
15737,1
15738,1
15739,1
15740,1
15741,2
15742,1
15743,3
15744,1
15745,0
15746,0
15747,1
15748,1
15749,1
15750,1
15751,1
15752,1
15753,1
15754,1
15755,1
15756,2
15757,1
15758,2
15759,2
15760,0
15761,2
15762,1
15763,2
15764,2
15765,1
15766,1
15767,1
15768,1
15769,3
15770,1
15771,1
15772,2
15773,1
15774,1
15775,2
15776,1
15777,1
15778,1
15779,1
15780,1
15781,2
15782,0
15783,1
15784,1
15785,1
15786,1
15787,2
15788,1
15789,0
15790,3
15791,0
15792,2
15793,3
15794,1
15795,1
15796,1
15797,0
15798,1
15799,1
15800,2
15801,2
15802,1
15803,1
15804,1
15805,0
15806,1
15807,1
15808,2
15809,2
15810,1
15811,1
15812,2
15813,1
15814,1
15815,1
15816,2
15817,2
15818,1
15819,1
15820,1
15821,1
15822,1
15823,1
15824,1
15825,1
15826,1
15827,2
15828,1
15829,1
15830,1
15831,1
15832,1
15833,2
15834,1
15835,1
15836,1
15837,1
15838,2
15839,2
15840,0
15841,1
15842,0
15843,1
15844,1
15845,1
15846,3
15847,2
15848,2
15849,1
15850,1
15851,0
15852,3
15853,0
15854,1
15855,1
15856,0
15857,1
15858,2
15859,1
15860,2
15861,2
15862,2
15863,1
15864,1
15865,1
15866,2
15867,1
15868,1
15869,2
15870,2
15871,0
15872,0
15873,1
15874,1
15875,3
15876,1
15877,2
15878,2
15879,0
15880,1
15881,1
15882,2
15883,1
15884,1
15885,2
15886,0
15887,1
15888,2
15889,2
15890,0
15891,1
15892,1
15893,1
15894,2
15895,1
15896,1
15897,2
15898,1
15899,2
15900,0
15901,1
15902,1
15903,2
15904,2
15905,1
15906,2
15907,2
15908,2
15909,1
15910,1
15911,1
15912,2
15913,2
15914,1
15915,2
15916,1
15917,1
15918,2
15919,2
15920,1
15921,1
15922,1
15923,2
15924,1
15925,1
15926,1
15927,1
15928,1
15929,0
15930,1
15931,1
15932,2
15933,2
15934,2
15935,1
15936,1
15937,3
15938,1
15939,0
15940,1
15941,2
15942,1
15943,1
15944,2
15945,1
15946,0
15947,2
15948,0
15949,1
15950,1
15951,1
15952,2
15953,1
15954,1
15955,2
15956,1
15957,2
15958,1
15959,3
15960,3
15961,1
15962,1
15963,1
15964,1
15965,1
15966,1
15967,1
15968,1
15969,0
15970,2
15971,2
15972,1
15973,1
15974,0
15975,1
15976,1
15977,0
15978,1
15979,2
15980,1
15981,1
15982,0
15983,0
15984,3
15985,1
15986,0
15987,1
15988,1
15989,2
15990,2
15991,2
15992,1
15993,1
15994,3
15995,0
15996,1
15997,1
15998,1
15999,3
16000,1
16001,2
16002,1
16003,1
16004,1
16005,1
16006,2
16007,0
16008,1
16009,1
16010,1
16011,3
16012,3
16013,0
16014,0
16015,1
16016,1
16017,3
16018,1
16019,1
16020,1
16021,0
16022,1
16023,1
16024,3
16025,2
16026,1
16027,2
16028,1
16029,1
16030,1
16031,1
16032,0
16033,2
16034,1
16035,2
16036,1
16037,1
16038,1
16039,1
16040,1
16041,2
16042,3
16043,1
16044,2
16045,2
16046,0
16047,0
16048,0
16049,1
16050,1
16051,2
16052,1
16053,1
16054,2
16055,2
16056,0
16057,0
16058,1
16059,1
16060,1
16061,2
16062,0
16063,2
16064,1
16065,1
16066,1
16067,0
16068,1
16069,1
16070,3
16071,2
16072,0
16073,1
16074,0
16075,1
16076,1
16077,1
16078,1
16079,0
16080,0
16081,0
16082,2
16083,2
16084,2
16085,1
16086,1
16087,2
16088,1
16089,1
16090,2
16091,3
16092,1
16093,2
16094,0
16095,1
16096,2
16097,1
16098,1
16099,1
16100,2
16101,1
16102,2
16103,1
16104,3
16105,1
16106,1
16107,1
16108,1
16109,2
16110,3
16111,1
16112,1
16113,1
16114,0
16115,1
16116,0
16117,1
16118,3
16119,1
16120,1
16121,1
16122,1
16123,2
16124,1
16125,3
16126,2
16127,1
16128,1
16129,0
16130,2
16131,1
16132,1
16133,0
16134,1
16135,1
16136,1
16137,2
16138,2
16139,2
16140,0
16141,2
16142,1
16143,0
16144,1
16145,2
16146,1
16147,1
16148,2
16149,1
16150,1
16151,1
16152,1
16153,1
16154,1
16155,0
16156,1
16157,2
16158,1
16159,0
16160,1
16161,2
16162,1
16163,2
16164,1
16165,2
16166,1
16167,1
16168,1
16169,1
16170,1
16171,1
16172,1
16173,1
16174,1
16175,1
16176,0
16177,2
16178,0
16179,1
16180,0
16181,1
16182,1
16183,1
16184,1
16185,1
16186,1
16187,1
16188,1
16189,1
16190,1
16191,1
16192,1
16193,1
16194,1
16195,1
16196,2
16197,2
16198,1
16199,2
16200,1
16201,1
16202,1
16203,2
16204,3
16205,1
16206,1
16207,1
16208,1
16209,1
16210,1
16211,1
16212,1
16213,1
16214,3
16215,1
16216,0
16217,1
16218,1
16219,1
16220,1
16221,2
16222,0
16223,2
16224,1
16225,2
16226,1
16227,2
16228,1
16229,1
16230,1
16231,1
16232,1
16233,2
16234,1
16235,1
16236,1
16237,0
16238,0
16239,0
16240,2
16241,2
16242,2
16243,1
16244,1
16245,1
16246,0
16247,1
16248,1
16249,2
16250,2
16251,3
16252,0
16253,2
16254,1
16255,0
16256,2
16257,1
16258,1
16259,2
16260,1
16261,1
16262,2
16263,1
16264,1
16265,0
16266,1
16267,2
16268,2
16269,0
16270,1
16271,1
16272,1
16273,2
16274,2
16275,1
16276,1
16277,1
16278,2
16279,1
16280,1
16281,2
16282,1
16283,1
16284,1
16285,2
16286,1
16287,1
16288,1
16289,1
16290,1
16291,0
16292,1
16293,1
16294,1
16295,1
16296,1
16297,1
16298,1
16299,1
16300,1
16301,1
16302,1
16303,1
16304,1
16305,1
16306,0
16307,0
16308,2
16309,0
16310,0
16311,2
16312,1
16313,1
16314,1
16315,0
16316,0
16317,0
16318,1
16319,1
16320,0
16321,0
16322,0
16323,1
16324,1
16325,0
16326,1
16327,1
16328,1
16329,1
16330,2
16331,2
16332,2
16333,0
16334,2
16335,3
16336,1
16337,2
16338,1
16339,0
16340,1
16341,1
16342,1
16343,1
16344,1
16345,2
16346,1
16347,0
16348,1
16349,0
16350,1
16351,2
16352,1
16353,3
16354,1
16355,2
16356,2
16357,2
16358,1
16359,1
16360,1
16361,1
16362,1
16363,0
16364,0
16365,2
16366,2
16367,2
16368,2
16369,1
16370,1
16371,1
16372,1
16373,1
16374,2
16375,2
16376,1
16377,0
16378,2
16379,1
16380,0
16381,3
16382,2
16383,1
16384,1
16385,3
16386,1
16387,0
16388,3
16389,2
16390,2
16391,1
16392,3
16393,2
16394,1
16395,0
16396,1
16397,1
16398,1
16399,3
16400,1
16401,1
16402,1
16403,0
16404,1
16405,2
16406,2
16407,2
16408,2
16409,1
16410,2
16411,2
16412,1
16413,1
16414,1
16415,2
16416,0
16417,1
16418,1
16419,1
16420,2
16421,1
16422,1
16423,1
16424,1
16425,2
16426,2
16427,1
16428,1
16429,1
16430,0
16431,0
16432,3
16433,0
16434,0
16435,1
16436,1
16437,1
16438,2
16439,2
16440,1
16441,0
16442,2
16443,2
16444,1
16445,2
16446,1
16447,1
16448,1
16449,1
16450,2
16451,3
16452,2
16453,1
16454,2
16455,2
16456,2
16457,1
16458,1
16459,1
16460,1
16461,1
16462,2
16463,3
16464,1
16465,3
16466,1
16467,1
16468,1
16469,1
16470,1
16471,1
16472,1
16473,1
16474,2
16475,1
16476,1
16477,1
16478,1
16479,2
16480,2
16481,1
16482,2
16483,1
16484,2
16485,1
16486,1
16487,1
16488,0
16489,1
16490,1
16491,2
16492,1
16493,1
16494,1
16495,1
16496,3
16497,2
16498,3
16499,1
16500,1
16501,2
16502,1
16503,1
16504,1
16505,1
16506,0
16507,1
16508,1
16509,2
16510,2
16511,3
16512,2
16513,0
16514,2
16515,1
16516,1
16517,3
16518,2
16519,2
16520,2
16521,0
16522,2
16523,1
16524,2
16525,3
16526,2
16527,2
16528,1
16529,1
16530,0
16531,0
16532,0
16533,2
16534,1
16535,0
16536,2
16537,1
16538,2
16539,1
16540,2
16541,1
16542,2
16543,2
16544,2
16545,2
16546,1
16547,1
16548,1
16549,0
16550,2
16551,1
16552,1
16553,1
16554,0
16555,1
16556,1
16557,2
16558,1
16559,1
16560,3
16561,2
16562,0
16563,1
16564,1
16565,1
16566,1
16567,1
16568,1
16569,1
16570,1
16571,0
16572,2
16573,1
16574,1
16575,1
16576,1
16577,1
16578,1
16579,1
16580,1
16581,1
16582,0
16583,0
16584,3
16585,1
16586,1
16587,1
16588,2
16589,1
16590,1
16591,1
16592,1
16593,0
16594,1
16595,1
16596,1
16597,1
16598,2
16599,0
16600,1
16601,2
16602,2
16603,1
16604,2
16605,1
16606,2
16607,1
16608,1
16609,2
16610,1
16611,1
16612,0
16613,1
16614,1
16615,0
16616,1
16617,1
16618,1
16619,2
16620,2
16621,2
16622,1
16623,1
16624,1
16625,1
16626,1
16627,1
16628,1
16629,2
16630,3
16631,2
16632,1
16633,1
16634,3
16635,1
16636,1
16637,1
16638,1
16639,0
16640,2
16641,1
16642,2
16643,1
16644,1
16645,1
16646,1
16647,1
16648,1
16649,1
16650,1
16651,2
16652,1
16653,2
16654,2
16655,1
16656,3
16657,1
16658,1
16659,0
16660,3
16661,2
16662,1
16663,1
16664,2
16665,1
16666,0
16667,1
16668,1
16669,2
16670,1
16671,0
16672,0
16673,1
16674,1
16675,1
16676,2
16677,1
16678,0
16679,1
16680,2
16681,2
16682,1
16683,1
16684,2
16685,0
16686,2
16687,1
16688,2
16689,1
16690,0
16691,2
16692,1
16693,3
16694,1
16695,2
16696,3
16697,2
16698,3
16699,0
16700,2
16701,2
16702,2
16703,0
16704,1
16705,2
16706,1
16707,1
16708,1
16709,2
16710,2
16711,2
16712,0
16713,1
16714,1
16715,1
16716,1
16717,0
16718,1
16719,2
16720,1
16721,2
16722,1
16723,1
16724,2
16725,0
16726,1
16727,0
16728,0
16729,1
16730,1
16731,1
16732,1
16733,1
16734,2
16735,2
16736,0
16737,1
16738,1
16739,1
16740,2
16741,1
16742,2
16743,1
16744,2
16745,1
16746,2
16747,3
16748,1
16749,3
16750,1
16751,2
16752,2
16753,1
16754,1
16755,3
16756,1
16757,1
16758,1
16759,2
16760,1
16761,2
16762,2
16763,2
16764,2
16765,1
16766,2
16767,1
16768,1
16769,1
16770,1
16771,1
16772,2
16773,1
16774,1
16775,1
16776,1
16777,1
16778,1
16779,1
16780,0
16781,2
16782,1
16783,2
16784,2
16785,1
16786,2
16787,1
16788,2
16789,0
16790,0
16791,3
16792,0
16793,2
16794,1
16795,1
16796,2
16797,1
16798,1
16799,1
16800,0
16801,2
16802,1
16803,0
16804,2
16805,1
16806,1
16807,0
16808,1
16809,1
16810,2
16811,3
16812,1
16813,2
16814,2
16815,2
16816,2
16817,1
16818,0
16819,1
16820,2
16821,0
16822,3
16823,2
16824,3
16825,1
16826,2
16827,3
16828,1
16829,1
16830,1
16831,2
16832,1
16833,2
16834,2
16835,1
16836,2
16837,2
16838,1
16839,1
16840,2
16841,1
16842,1
16843,2
16844,1
16845,1
16846,1
16847,1
16848,1
16849,0
16850,1
16851,1
16852,1
16853,1
16854,1
16855,2
16856,0
16857,0
16858,3
16859,1
16860,3
16861,1
16862,1
16863,1
16864,2
16865,0
16866,1
16867,1
16868,2
16869,1
16870,1
16871,1
16872,0
16873,0
16874,1
16875,1
16876,1
16877,1
16878,1
16879,1
16880,2
16881,1
16882,1
16883,0
16884,1
16885,1
16886,1
16887,2
16888,2
16889,1
16890,2
16891,1
16892,1
16893,2
16894,1
16895,1
16896,0
16897,2
16898,1
16899,1
16900,0
16901,0
16902,0
16903,2
16904,2
16905,1
16906,2
16907,1
16908,2
16909,2
16910,1
16911,1
16912,0
16913,2
16914,2
16915,0
16916,1
16917,2
16918,2
16919,2
16920,1
16921,1
16922,2
16923,1
16924,0
16925,2
16926,1
16927,0
16928,2
16929,0
16930,1
16931,1
16932,1
16933,2
16934,1
16935,1
16936,1
16937,2
16938,0
16939,1
16940,2
16941,0
16942,0
16943,0
16944,1
16945,1
16946,1
16947,1
16948,0
16949,0
16950,2
16951,2
16952,1
16953,1
16954,1
16955,0
16956,1
16957,1
16958,1
16959,1
16960,1
16961,1
16962,1
16963,2
16964,0
16965,0
16966,0
16967,1
16968,1
16969,1
16970,1
16971,1
16972,3
16973,1
16974,1
16975,1
16976,1
16977,1
16978,2
16979,1
16980,2
16981,0
16982,1
16983,2
16984,1
16985,2
16986,2
16987,1
16988,3
16989,1
16990,3
16991,1
16992,1
16993,0
16994,1
16995,1
16996,0
16997,2
16998,2
16999,1
17000,1
17001,0
17002,1
17003,1
17004,1
17005,1
17006,1
17007,1
17008,1
17009,2
17010,1
17011,2
17012,0
17013,1
17014,1
17015,2
17016,2
17017,2
17018,1
17019,1
17020,3
17021,2
17022,0
17023,1
17024,2
17025,1
17026,0
17027,3
17028,1
17029,0
17030,1
17031,1
17032,1
17033,0
17034,1
17035,3
17036,2
17037,1
17038,1
17039,2
17040,2
17041,1
17042,1
17043,1
17044,1
17045,0
17046,1
17047,2
17048,2
17049,3
17050,1
17051,0
17052,2
17053,0
17054,2
17055,2
17056,2
17057,1
17058,1
17059,1
17060,1
17061,2
17062,0
17063,2
17064,2
17065,2
17066,1
17067,0
17068,0
17069,3
17070,2
17071,2
17072,3
17073,1
17074,1
17075,1
17076,1
17077,1
17078,1
17079,0
17080,1
17081,2
17082,1
17083,1
17084,0
17085,1
17086,1
17087,1
17088,2
17089,1
17090,1
17091,1
17092,1
17093,2
17094,0
17095,1
17096,1
17097,1
17098,1
17099,1
17100,0
17101,1
17102,2
17103,3
17104,0
17105,1
17106,1
17107,2
17108,0
17109,1
17110,1
17111,1
17112,2
17113,1
17114,1
17115,1
17116,0
17117,1
17118,0
17119,2
17120,2
17121,1
17122,1
17123,1
17124,1
17125,1
17126,0
17127,1
17128,1
17129,1
17130,2
17131,1
17132,1
17133,2
17134,1
17135,1
17136,2
17137,1
17138,2
17139,1
17140,1
17141,0
17142,0
17143,0
17144,1
17145,1
17146,1
17147,1
17148,1
17149,1
17150,1
17151,1
17152,0
17153,0
17154,1
17155,1
17156,1
17157,2
17158,0
17159,1
17160,1
17161,1
17162,1
17163,1
17164,1
17165,2
17166,2
17167,0
17168,2
17169,2
17170,1
17171,1
17172,2
17173,3
17174,1
17175,0
17176,0
17177,0
17178,1
17179,1
17180,0
17181,1
17182,1
17183,2
17184,1
17185,1
17186,1
17187,2
17188,1
17189,3
17190,1
17191,1
17192,1
17193,1
17194,1
17195,2
17196,1
17197,1
17198,0
17199,2
17200,2
17201,1
17202,1
17203,1
17204,1
17205,1
17206,0
17207,2
17208,2
17209,1
17210,1
17211,2
17212,1
17213,2
17214,1
17215,1
17216,2
17217,1
17218,1
17219,2
17220,1
17221,1
17222,1
17223,2
17224,1
17225,2
17226,0
17227,0
17228,1
17229,1
17230,3
17231,1
17232,1
17233,0
17234,1
17235,2
17236,1
17237,2
17238,3
17239,1
17240,0
17241,1
17242,1
17243,1
17244,1
17245,1
17246,1
17247,1
17248,2
17249,1
17250,1
17251,0
17252,1
17253,1
17254,1
17255,1
17256,1
17257,2
17258,0
17259,1
17260,1
17261,1
17262,0
17263,2
17264,1
17265,1
17266,2
17267,2
17268,2
17269,1
17270,2
17271,2
17272,1
17273,1
17274,1
17275,2
17276,2
17277,2
17278,1
17279,1
17280,1
17281,1
17282,0
17283,2
17284,2
17285,1
17286,1
17287,1
17288,2
17289,1
17290,0
17291,3
17292,2
17293,2
17294,1
17295,1
17296,1
17297,1
17298,2
17299,1
17300,0
17301,1
17302,0
17303,0
17304,0
17305,2
17306,2
17307,1
17308,1
17309,3
17310,1
17311,2
17312,2
17313,0
17314,1
17315,0
17316,1
17317,0
17318,0
17319,1
17320,2
17321,0
17322,1
17323,1
17324,1
17325,1
17326,1
17327,1
17328,1
17329,1
17330,1
17331,1
17332,2
17333,3
17334,1
17335,2
17336,0
17337,1
17338,3
17339,1
17340,0
17341,1
17342,1
17343,3
17344,2
17345,2
17346,1
17347,1
17348,1
17349,0
17350,1
17351,1
17352,2
17353,2
17354,1
17355,1
17356,1
17357,2
17358,2
17359,3
17360,1
17361,0
17362,1
17363,0
17364,1
17365,1
17366,1
17367,2
17368,0
17369,0
17370,1
17371,2
17372,1
17373,1
17374,1
17375,1
17376,1
17377,1
17378,1
17379,1
17380,2
17381,1
17382,1
17383,1
17384,1
17385,0
17386,1
17387,1
17388,0
17389,1
17390,2
17391,2
17392,1
17393,1
17394,1
17395,1
17396,0
17397,1
17398,1
17399,1
17400,3
17401,2
17402,1
17403,3
17404,1
17405,1
17406,2
17407,2
17408,2
17409,1
17410,0
17411,1
17412,1
17413,1
17414,1
17415,1
17416,1
17417,1
17418,1
17419,0
17420,1
17421,1
17422,1
17423,3
17424,1
17425,1
17426,1
17427,1
17428,1
17429,2
17430,2
17431,1
17432,1
17433,3
17434,2
17435,1
17436,1
17437,2
17438,1
17439,2
17440,1
17441,0
17442,2
17443,3
17444,1
17445,1
17446,1
17447,2
17448,1
17449,1
17450,0
17451,0
17452,0
17453,0
17454,1
17455,0
17456,1
17457,2
17458,1
17459,2
17460,0
17461,1
17462,1
17463,1
17464,2
17465,1
17466,1
17467,1
17468,2
17469,2
17470,1
17471,0
17472,3
17473,1
17474,0
17475,0
17476,3
17477,2
17478,1
17479,1
17480,0
17481,2
17482,3
17483,2
17484,2
17485,1
17486,1
17487,1
17488,0
17489,1
17490,0
17491,1
17492,1
17493,2
17494,1
17495,3
17496,0
17497,2
17498,1
17499,2
17500,0
17501,1
17502,1
17503,2
17504,1
17505,0
17506,2
17507,1
17508,2
17509,1
17510,1
17511,1
17512,1
17513,1
17514,2
17515,1
17516,1
17517,2
17518,1
17519,1
17520,1
17521,1
17522,1
17523,1
17524,1
17525,2
17526,1
17527,2
17528,2
17529,1
17530,2
17531,1
17532,3
17533,1
17534,3
17535,1
17536,2
17537,2
17538,1
17539,2
17540,0
17541,1
17542,1
17543,1
17544,1
17545,1
17546,1
17547,1
17548,2
17549,2
17550,0
17551,1
17552,0
17553,0
17554,1
17555,0
17556,0
17557,1
17558,1
17559,2
17560,1
17561,1
17562,2
17563,0
17564,1
17565,1
17566,2
17567,1
17568,2
17569,2
17570,0
17571,1
17572,1
17573,1
17574,1
17575,2
17576,1
17577,1
17578,1
17579,1
17580,1
17581,1
17582,1
17583,1
17584,1
17585,2
17586,1
17587,1
17588,1
17589,0
17590,2
17591,1
17592,2
17593,1
17594,3
17595,2
17596,2
17597,1
17598,2
17599,0
17600,2
17601,1
17602,2
17603,3
17604,2
17605,1
17606,2
17607,2
17608,1
17609,0
17610,2
17611,0
17612,1
17613,2
17614,1
17615,1
17616,2
17617,0
17618,1
17619,1
17620,1
17621,1
17622,1
17623,1
17624,1
17625,2
17626,0
17627,3
17628,2
17629,1
17630,1
17631,1
17632,1
17633,2
17634,1
17635,1
17636,0
17637,1
17638,2
17639,1
17640,2
17641,1
17642,1
17643,1
17644,1
17645,1
17646,2
17647,2
17648,1
17649,2
17650,1
17651,2
17652,1
17653,1
17654,1
17655,1
17656,1
17657,1
17658,2
17659,1
17660,0
17661,0
17662,2
17663,1
17664,1
17665,1
17666,1
17667,1
17668,1
17669,1
17670,1
17671,2
17672,1
17673,1
17674,2
17675,1
17676,1
17677,1
17678,0
17679,1
17680,1
17681,2
17682,1
17683,2
17684,1
17685,2
17686,1
17687,1
17688,1
17689,2
17690,2
17691,1
17692,0
17693,2
17694,1
17695,1
17696,1
17697,1
17698,1
17699,1
17700,1
17701,2
17702,1
17703,1
17704,1
17705,1
17706,1
17707,2
17708,1
17709,1
17710,1
17711,1
17712,2
17713,1
17714,1
17715,1
17716,1
17717,1
17718,1
17719,1
17720,1
17721,1
17722,1
17723,2
17724,1
17725,2
17726,1
17727,1
17728,1
17729,1
17730,0
17731,2
17732,1
17733,0
17734,0
17735,1
17736,1
17737,1
17738,0
17739,1
17740,0
17741,1
17742,3
17743,0
17744,1
17745,2
17746,1
17747,1
17748,1
17749,1
17750,2
17751,1
17752,1
17753,1
17754,1
17755,0
17756,1
17757,2
17758,1
17759,1
17760,1
17761,0
17762,1
17763,1
17764,0
17765,2
17766,1
17767,3
17768,1
17769,2
17770,2
17771,1
17772,1
17773,1
17774,0
17775,1
17776,2
17777,1
17778,1
17779,1
17780,0
17781,2
17782,1
17783,2
17784,1
17785,2
17786,1
17787,1
17788,1
17789,1
17790,2
17791,2
17792,1
17793,1
17794,1
17795,1
17796,2
17797,1
17798,2
17799,1
17800,1
17801,1
17802,1
17803,1
17804,1
17805,1
17806,2
17807,1
17808,1
17809,3
17810,1
17811,1
17812,2
17813,0
17814,1
17815,2
17816,0
17817,3
17818,1
17819,3
17820,1
17821,1
17822,1
17823,2
17824,1
17825,1
17826,1
17827,1
17828,0
17829,1
17830,1
17831,1
17832,3
17833,1
17834,1
17835,1
17836,1
17837,1
17838,1
17839,1
17840,1
17841,2
17842,1
17843,2
17844,1
17845,1
17846,1
17847,2
17848,2
17849,2
17850,2
17851,1
17852,2
17853,2
17854,2
17855,2
17856,0
17857,1
17858,1
17859,1
17860,1
17861,0
17862,0
17863,2
17864,1
17865,2
17866,1
17867,1
17868,1
17869,1
17870,1
17871,1
17872,1
17873,2
17874,0
17875,1
17876,1
17877,1
17878,2
17879,1
17880,1
17881,2
17882,2
17883,1
17884,1
17885,2
17886,1
17887,1
17888,0
17889,1
17890,1
17891,1
17892,1
17893,2
17894,0
17895,1
17896,1
17897,1
17898,3
17899,2
17900,2
17901,1
17902,2
17903,1
17904,2
17905,0
17906,0
17907,0
17908,2
17909,2
17910,2
17911,1
17912,1
17913,1
17914,1
17915,1
17916,1
17917,3
17918,0
17919,0
17920,1
17921,1
17922,1
17923,1
17924,1
17925,0
17926,2
17927,1
17928,1
17929,2
17930,1
17931,1
17932,2
17933,2
17934,2
17935,2
17936,3
17937,2
17938,0
17939,1
17940,0
17941,0
17942,1
17943,3
17944,0
17945,1
17946,1
17947,2
17948,1
17949,2
17950,1
17951,2
17952,0
17953,0
17954,2
17955,0
17956,1
17957,1
17958,2
17959,0
17960,1
17961,1
17962,2
17963,1
17964,2
17965,1
17966,2
17967,1
17968,1
17969,2
17970,1
17971,3
17972,1
17973,3
17974,1
17975,2
17976,2
17977,0
17978,2
17979,0
17980,1
17981,2
17982,1
17983,1
17984,0
17985,1
17986,1
17987,2
17988,1
17989,1
17990,2
17991,1
17992,1
17993,0
17994,1
17995,1
17996,2
17997,1
17998,0
17999,1
18000,1
18001,2
18002,2
18003,0
18004,2
18005,2
18006,1
18007,1
18008,1
18009,1
18010,1
18011,1
18012,2
18013,1
18014,1
18015,1
18016,0
18017,1
18018,0
18019,2
18020,1
18021,0
18022,1
18023,0
18024,0
18025,3
18026,2
18027,3
18028,0
18029,2
18030,1
18031,2
18032,0
18033,1
18034,2
18035,3
18036,1
18037,1
18038,2
18039,1
18040,1
18041,2
18042,1
18043,1
18044,1
18045,1
18046,1
18047,2
18048,2
18049,2
18050,2
18051,1
18052,2
18053,2
18054,2
18055,2
18056,1
18057,3
18058,0
18059,2
18060,0
18061,3
18062,2
18063,1
18064,2
18065,1
18066,1
18067,1
18068,1
18069,1
18070,1
18071,2
18072,1
18073,2
18074,1
18075,1
18076,1
18077,0
18078,2
18079,2
18080,0
18081,1
18082,3
18083,1
18084,1
18085,0
18086,1
18087,1
18088,1
18089,1
18090,1
18091,2
18092,1
18093,1
18094,1
18095,1
18096,1
18097,2
18098,1
18099,1
18100,0
18101,2
18102,3
18103,1
18104,1
18105,3
18106,1
18107,2
18108,1
18109,1
18110,2
18111,0
18112,1
18113,3
18114,2
18115,1
18116,1
18117,0
18118,1
18119,1
18120,1
18121,2
18122,1
18123,1
18124,2
18125,1
18126,2
18127,1
18128,1
18129,3
18130,1
18131,1
18132,2
18133,1
18134,0
18135,0
18136,1
18137,1
18138,1
18139,1
18140,2
18141,1
18142,0
18143,2
18144,2
18145,1
18146,1
18147,1
18148,2
18149,0
18150,0
18151,1
18152,1
18153,1
18154,1
18155,1
18156,1
18157,3
18158,1
18159,1
18160,2
18161,2
18162,1
18163,1
18164,1
18165,1
18166,2
18167,1
18168,1
18169,1
18170,2
18171,1
18172,1
18173,0
18174,3
18175,3
18176,1
18177,1
18178,1
18179,1
18180,1
18181,0
18182,0
18183,2
18184,1
18185,0
18186,1
18187,1
18188,1
18189,1
18190,1
18191,1
18192,1
18193,0
18194,2
18195,1
18196,1
18197,1
18198,2
18199,1
18200,1
18201,1
18202,1
18203,1
18204,1
18205,0
18206,0
18207,1
18208,2
18209,3
18210,0
18211,1
18212,1
18213,1
18214,1
18215,1
18216,1
18217,3
18218,3
18219,2
18220,0
18221,1
18222,1
18223,1
18224,1
18225,1
18226,1
18227,1
18228,1
18229,0
18230,1
18231,1
18232,0
18233,1
18234,1
18235,2
18236,1
18237,1
18238,2
18239,1
18240,1
18241,1
18242,2
18243,2
18244,1
18245,1
18246,1
18247,1
18248,1
18249,1
18250,1
18251,1
18252,1
18253,2
18254,1
18255,2
18256,2
18257,2
18258,1
18259,1
18260,0
18261,1
18262,3
18263,0
18264,1
18265,1
18266,2
18267,1
18268,2
18269,0
18270,1
18271,2
18272,1
18273,1
18274,2
18275,1
18276,2
18277,1
18278,1
18279,0
18280,2
18281,1
18282,2
18283,0
18284,1
18285,0
18286,2
18287,1
18288,0
18289,2
18290,2
18291,1
18292,1
18293,1
18294,1
18295,1
18296,1
18297,2
18298,0
18299,1
18300,2
18301,1
18302,0
18303,1
18304,1
18305,1
18306,3
18307,1
18308,0
18309,1
18310,2
18311,2
18312,1
18313,0
18314,1
18315,1
18316,1
18317,1
18318,1
18319,1
18320,2
18321,2
18322,1
18323,1
18324,1
18325,1
18326,0
18327,1
18328,1
18329,2
18330,1
18331,3
18332,1
18333,1
18334,2
18335,1
18336,1
18337,0
18338,2
18339,2
18340,2
18341,0
18342,2
18343,1
18344,0
18345,2
18346,1
18347,2
18348,2
18349,1
18350,1
18351,1
18352,0
18353,1
18354,0
18355,0
18356,1
18357,2
18358,1
18359,2
18360,3
18361,1
18362,2
18363,2
18364,2
18365,0
18366,0
18367,2
18368,1
18369,2
18370,1
18371,2
18372,1
18373,2
18374,1
18375,2
18376,1
18377,2
18378,3
18379,1
18380,2
18381,1
18382,1
18383,0
18384,1
18385,1
18386,1
18387,2
18388,1
18389,2
18390,2
18391,0
18392,1
18393,2
18394,0
18395,1
18396,3
18397,1
18398,0
18399,1
18400,2
18401,1
18402,2
18403,1
18404,2
18405,0
18406,0
18407,1
18408,1
18409,2
18410,1
18411,1
18412,1
18413,1
18414,1
18415,1
18416,0
18417,1
18418,0
18419,1
18420,1
18421,2
18422,1
18423,1
18424,1
18425,0
18426,1
18427,2
18428,0
18429,2
18430,1
18431,1
18432,1
18433,2
18434,1
18435,0
18436,1
18437,2
18438,3
18439,0
18440,2
18441,2
18442,3
18443,1
18444,1
18445,0
18446,1
18447,2
18448,1
18449,1
18450,1
18451,1
18452,0
18453,2
18454,2
18455,2
18456,0
18457,1
18458,1
18459,2
18460,2
18461,2
18462,1
18463,1
18464,1
18465,1
18466,0
18467,2
18468,1
18469,1
18470,1
18471,1
18472,0
18473,1
18474,1
18475,1
18476,1
18477,1
18478,1
18479,2
18480,1
18481,1
18482,1
18483,3
18484,1
18485,0
18486,2
18487,0
18488,0
18489,1
18490,1
18491,1
18492,3
18493,0
18494,1
18495,1
18496,2
18497,0
18498,1
18499,1
18500,1
18501,2
18502,2
18503,2
18504,2
18505,1
18506,1
18507,1
18508,3
18509,1
18510,1
18511,2
18512,2
18513,2
18514,0
18515,1
18516,2
18517,0
18518,1
18519,1
18520,1
18521,2
18522,1
18523,1
18524,1
18525,1
18526,2
18527,0
18528,1
18529,2
18530,1
18531,2
18532,1
18533,2
18534,0
18535,1
18536,1
18537,1
18538,1
18539,2
18540,2
18541,1
18542,1
18543,1
18544,2
18545,2
18546,1
18547,1
18548,1
18549,2
18550,0
18551,1
18552,2
18553,1
18554,2
18555,1
18556,1
18557,1
18558,1
18559,0
18560,2
18561,1
18562,1
18563,1
18564,2
18565,0
18566,1
18567,0
18568,1
18569,2
18570,0
18571,2
18572,0
18573,0
18574,1
18575,2
18576,2
18577,2
18578,2
18579,1
18580,0
18581,2
18582,2
18583,2
18584,1
18585,2
18586,1
18587,1
18588,0
18589,1
18590,2
18591,1
18592,1
18593,2
18594,1
18595,1
18596,0
18597,2
18598,1
18599,2
18600,1
18601,1
18602,2
18603,1
18604,1
18605,1
18606,2
18607,1
18608,2
18609,2
18610,1
18611,1
18612,1
18613,1
18614,1
18615,1
18616,2
18617,1
18618,1
18619,1
18620,3
18621,2
18622,2
18623,1
18624,2
18625,1
18626,2
18627,3
18628,1
18629,2
18630,1
18631,1
18632,1
18633,1
18634,1
18635,1
18636,1
18637,1
18638,1
18639,1
18640,1
18641,1
18642,0
18643,1
18644,2
18645,1
18646,1
18647,1
18648,2
18649,0
18650,2
18651,1
18652,0
18653,1
18654,2
18655,2
18656,1
18657,1
18658,2
18659,2
18660,1
18661,1
18662,1
18663,2
18664,1
18665,1
18666,2
18667,2
18668,1
18669,1
18670,1
18671,1
18672,3
18673,1
18674,2
18675,1
18676,2
18677,1
18678,1
18679,2
18680,1
18681,1
18682,1
18683,2
18684,2
18685,2
18686,0
18687,0
18688,2
18689,0
18690,2
18691,2
18692,2
18693,1
18694,1
18695,2
18696,1
18697,2
18698,2
18699,1
18700,1
18701,1
18702,1
18703,1
18704,1
18705,1
18706,1
18707,1
18708,1
18709,0
18710,1
18711,1
18712,1
18713,2
18714,1
18715,1
18716,2
18717,2
18718,3
18719,3
18720,2
18721,2
18722,2
18723,1
18724,1
18725,3
18726,0
18727,1
18728,2
18729,1
18730,0
18731,3
18732,2
18733,1
18734,1
18735,0
18736,2
18737,1
18738,1
18739,1
18740,2
18741,1
18742,2
18743,1
18744,0
18745,1
18746,2
18747,1
18748,0
18749,2
18750,1
18751,0
18752,1
18753,1
18754,1
18755,1
18756,1
18757,2
18758,3
18759,1
18760,2
18761,1
18762,1
18763,1
18764,2
18765,1
18766,1
18767,1
18768,1
18769,2
18770,0
18771,1
18772,2
18773,1
18774,1
18775,1
18776,1
18777,1
18778,1
18779,0
18780,1
18781,1
18782,1
18783,1
18784,2
18785,1
18786,1
18787,1
18788,1
18789,1
18790,2
18791,1
18792,2
18793,1
18794,1
18795,1
18796,2
18797,2
18798,2
18799,1
18800,1
18801,2
18802,1
18803,3
18804,2
18805,1
18806,1
18807,1
18808,1
18809,2
18810,3
18811,1
18812,1
18813,3
18814,1
18815,0
18816,0
18817,1
18818,2
18819,1
18820,2
18821,3
18822,1
18823,1
18824,1
18825,1
18826,1
18827,2
18828,2
18829,1
18830,1
18831,1
18832,2
18833,2
18834,1
18835,2
18836,1
18837,2
18838,2
18839,2
18840,1
18841,1
18842,2
18843,1
18844,2
18845,1
18846,1
18847,1
18848,0
18849,1
18850,0
18851,1
18852,1
18853,1
18854,1
18855,2
18856,1
18857,1
18858,1
18859,0
18860,1
18861,1
18862,1
18863,1
18864,1
18865,1
18866,0
18867,0
18868,1
18869,1
18870,0
18871,1
18872,2
18873,2
18874,2
18875,2
18876,2
18877,1
18878,1
18879,1
18880,1
18881,1
18882,2
18883,1
18884,1
18885,1
18886,1
18887,2
18888,1
18889,2
18890,1
18891,2
18892,2
18893,0
18894,1
18895,0
18896,1
18897,1
18898,1
18899,0
18900,1
18901,2
18902,1
18903,1
18904,0
18905,0
18906,1
18907,2
18908,1
18909,1
18910,0
18911,0
18912,1
18913,1
18914,1
18915,2
18916,1
18917,2
18918,2
18919,2
18920,3
18921,3
18922,1
18923,1
18924,1
18925,1
18926,0
18927,2
18928,2
18929,1
18930,3
18931,1
18932,1
18933,0
18934,1
18935,0
18936,1
18937,1
18938,3
18939,1
18940,1
18941,3
18942,1
18943,2
18944,2
18945,1
18946,3
18947,1
18948,1
18949,0
18950,1
18951,1
18952,1
18953,1
18954,1
18955,1
18956,1
18957,1
18958,3
18959,0
18960,1
18961,2
18962,1
18963,2
18964,1
18965,0
18966,3
18967,0
18968,1
18969,1
18970,1
18971,1
18972,1
18973,1
18974,2
18975,1
18976,1
18977,0
18978,1
18979,0
18980,1
18981,1
18982,2
18983,2
18984,3
18985,1
18986,1
18987,1
18988,2
18989,2
18990,0
18991,1
18992,2
18993,2
18994,1
18995,0
18996,1
18997,0
18998,2
18999,1
19000,1
19001,0
19002,1
19003,2
19004,0
19005,2
19006,1
19007,0
19008,0
19009,0
19010,3
19011,3
19012,1
19013,0
19014,1
19015,1
19016,1
19017,1
19018,1
19019,1
19020,2
19021,2
19022,1
19023,1
19024,1
19025,1
19026,1
19027,0
19028,2
19029,0
19030,1
19031,2
19032,2
19033,1
19034,1
19035,1
19036,3
19037,1
19038,2
19039,2
19040,0
19041,0
19042,1
19043,0
19044,1
19045,0
19046,2
19047,1
19048,2
19049,1
19050,2
19051,2
19052,1
19053,1
19054,0
19055,2
19056,2
19057,1
19058,1
19059,1
19060,3
19061,1
19062,1
19063,1
19064,2
19065,1
19066,1
19067,1
19068,1
19069,0
19070,3
19071,1
19072,2
19073,0
19074,1
19075,2
19076,1
19077,2
19078,1
19079,0
19080,2
19081,1
19082,1
19083,1
19084,0
19085,1
19086,0
19087,1
19088,2
19089,2
19090,1
19091,2
19092,2
19093,2
19094,1
19095,1
19096,3
19097,0
19098,1
19099,2
19100,2
19101,2
19102,1
19103,0
19104,1
19105,1
19106,2
19107,0
19108,1
19109,2
19110,1
19111,1
19112,0
19113,0
19114,2
19115,1
19116,2
19117,2
19118,1
19119,1
19120,2
19121,0
19122,2
19123,0
19124,1
19125,1
19126,1
19127,2
19128,1
19129,1
19130,1
19131,0
19132,1
19133,1
19134,0
19135,1
19136,0
19137,1
19138,1
19139,1
19140,0
19141,2
19142,1
19143,2
19144,2
19145,2
19146,1
19147,0
19148,2
19149,1
19150,1
19151,1
19152,1
19153,1
19154,1
19155,1
19156,0
19157,1
19158,1
19159,1
19160,1
19161,2
19162,1
19163,1
19164,2
19165,2
19166,1
19167,1
19168,1
19169,1
19170,2
19171,1
19172,1
19173,0
19174,2
19175,2
19176,0
19177,1
19178,2
19179,2
19180,1
19181,0
19182,2
19183,3
19184,2
19185,2
19186,2
19187,1
19188,2
19189,2
19190,0
19191,1
19192,2
19193,2
19194,0
19195,1
19196,2
19197,2
19198,1
19199,1
19200,1
19201,1
19202,0
19203,3
19204,1
19205,1
19206,0
19207,1
19208,1
19209,2
19210,0
19211,2
19212,1
19213,2
19214,3
19215,1
19216,0
19217,1
19218,1
19219,1
19220,0
19221,2
19222,0
19223,1
19224,1
19225,1
19226,1
19227,1
19228,0
19229,1
19230,0
19231,1
19232,1
19233,3
19234,0
19235,1
19236,1
19237,2
19238,1
19239,2
19240,3
19241,1
19242,0
19243,1
19244,0
19245,1
19246,3
19247,1
19248,0
19249,1
19250,1
19251,1
19252,2
19253,2
19254,1
19255,1
19256,0
19257,1
19258,1
19259,1
19260,2
19261,1
19262,2
19263,1
19264,1
19265,1
19266,1
19267,2
19268,1
19269,1
19270,1
19271,1
19272,0
19273,1
19274,2
19275,1
19276,2
19277,1
19278,1
19279,1
19280,1
19281,0
19282,1
19283,0
19284,1
19285,1
19286,2
19287,1
19288,1
19289,2
19290,0
19291,1
19292,0
19293,1
19294,1
19295,1
19296,1
19297,2
19298,1
19299,2
19300,2
19301,0
19302,2
19303,1
19304,2
19305,1
19306,1
19307,1
19308,1
19309,1
19310,0
19311,1
19312,1
19313,0
19314,0
19315,1
19316,3
19317,1
19318,1
19319,3
19320,2
19321,1
19322,2
19323,0
19324,1
19325,1
19326,1
19327,1
19328,0
19329,1
19330,2
19331,2
19332,1
19333,1
19334,0
19335,3
19336,1
19337,2
19338,1
19339,1
19340,1
19341,2
19342,0
19343,3
19344,1
19345,1
19346,1
19347,0
19348,1
19349,1
19350,1
19351,2
19352,3
19353,0
19354,1
19355,1
19356,0
19357,1
19358,1
19359,2
19360,1
19361,1
19362,1
19363,0
19364,1
19365,3
19366,1
19367,0
19368,2
19369,1
19370,0
19371,1
19372,3
19373,2
19374,1
19375,1
19376,1
19377,1
19378,1
19379,1
19380,1
19381,1
19382,1
19383,1
19384,0
19385,1
19386,2
19387,1
19388,1
19389,2
19390,0
19391,1
19392,1
19393,0
19394,1
19395,1
19396,2
19397,2
19398,2
19399,1
19400,1
19401,1
19402,1
19403,1
19404,1
19405,1
19406,1
19407,0
19408,1
19409,1
19410,2
19411,1
19412,1
19413,1
19414,2
19415,1
19416,0
19417,1
19418,1
19419,1
19420,1
19421,2
19422,1
19423,1
19424,1
19425,1
19426,3
19427,1
19428,1
19429,2
19430,1
19431,1
19432,1
19433,2
19434,1
19435,0
19436,1
19437,2
19438,2
19439,2
19440,1
19441,3
19442,1
19443,1
19444,2
19445,0
19446,1
19447,1
19448,1
19449,0
19450,2
19451,1
19452,3
19453,1
19454,0
19455,1
19456,0
19457,1
19458,1
19459,2
19460,1
19461,1
19462,1
19463,1
19464,1
19465,0
19466,1
19467,0
19468,1
19469,0
19470,3
19471,2
19472,1
19473,0
19474,0
19475,0
19476,1
19477,0
19478,1
19479,2
19480,0
19481,2
19482,0
19483,1
19484,2
19485,1
19486,2
19487,1
19488,1
19489,3
19490,2
19491,1
19492,1
19493,2
19494,0
19495,2
19496,3
19497,0
19498,2
19499,1
19500,1
19501,0
19502,2
19503,0
19504,1
19505,1
19506,2
19507,2
19508,1
19509,1
19510,2
19511,1
19512,0
19513,1
19514,0
19515,1
19516,1
19517,1
19518,2
19519,3
19520,0
19521,0
19522,2
19523,1
19524,1
19525,1
19526,2
19527,3
19528,2
19529,1
19530,1
19531,2
19532,1
19533,1
19534,2
19535,2
19536,1
19537,1
19538,1
19539,2
19540,1
19541,1
19542,2
19543,1
19544,1
19545,1
19546,1
19547,0
19548,2
19549,1
19550,1
19551,1
19552,1
19553,1
19554,2
19555,1
19556,1
19557,1
19558,3
19559,1
19560,1
19561,3
19562,1
19563,1
19564,0
19565,3
19566,1
19567,2
19568,1
19569,1
19570,1
19571,1
19572,1
19573,1
19574,1
19575,1
19576,0
19577,1
19578,2
19579,1
19580,2
19581,1
19582,1
19583,1
19584,1
19585,1
19586,1
19587,1
19588,1
19589,1
19590,1
19591,0
19592,1
19593,1
19594,3
19595,1
19596,1
19597,1
19598,1
19599,1
19600,1
19601,3
19602,1
19603,1
19604,1
19605,1
19606,2
19607,2
19608,0
19609,1
19610,1
19611,1
19612,2
19613,1
19614,1
19615,1
19616,1
19617,3
19618,1
19619,1
19620,1
19621,2
19622,1
19623,1
19624,2
19625,1
19626,1
19627,1
19628,1
19629,1
19630,1
19631,2
19632,2
19633,2
19634,2
19635,0
19636,2
19637,1
19638,1
19639,1
19640,2
19641,2
19642,1
19643,0
19644,1
19645,0
19646,1
19647,2
19648,2
19649,1
19650,1
19651,1
19652,1
19653,1
19654,2
19655,0
19656,0
19657,1
19658,2
19659,2
19660,1
19661,0
19662,1
19663,1
19664,1
19665,1
19666,0
19667,1
19668,1
19669,1
19670,1
19671,1
19672,0
19673,0
19674,2
19675,2
19676,1
19677,1
19678,2
19679,1
19680,1
19681,2
19682,1
19683,2
19684,2
19685,1
19686,0
19687,1
19688,0
19689,0
19690,2
19691,2
19692,1
19693,1
19694,2
19695,2
19696,1
19697,1
19698,2
19699,2
19700,2
19701,1
19702,1
19703,1
19704,1
19705,1
19706,1
19707,2
19708,1
19709,0
19710,3
19711,1
19712,1
19713,1
19714,1
19715,2
19716,2
19717,3
19718,1
19719,3
19720,1
19721,1
19722,1
19723,1
19724,3
19725,2
19726,2
19727,2
19728,1
19729,2
19730,0
19731,3
19732,1
19733,2
19734,1
19735,1
19736,2
19737,2
19738,1
19739,1
19740,3
19741,1
19742,2
19743,1
19744,1
19745,0
19746,0
19747,1
19748,0
19749,1
19750,2
19751,1
19752,1
19753,1
19754,0
19755,0
19756,0
19757,1
19758,1
19759,1
19760,2
19761,1
19762,0
19763,1
19764,1
19765,0
19766,1
19767,1
19768,2
19769,0
19770,1
19771,1
19772,2
19773,0
19774,1
19775,1
19776,1
19777,0
19778,2
19779,2
19780,1
19781,0
19782,2
19783,0
19784,1
19785,3
19786,1
19787,1
19788,1
19789,1
19790,3
19791,0
19792,2
19793,1
19794,1
19795,0
19796,2
19797,0
19798,1
19799,2
19800,2
19801,0
19802,1
19803,1
19804,0
19805,2
19806,3
19807,1
19808,2
19809,1
19810,1
19811,2
19812,2
19813,1
19814,1
19815,1
19816,1
19817,2
19818,2
19819,2
19820,1
19821,1
19822,2
19823,1
19824,2
19825,1
19826,1
19827,2
19828,2
19829,0
19830,1
19831,0
19832,1
19833,1
19834,1
19835,1
19836,1
19837,1
19838,1
19839,1
19840,1
19841,1
19842,2
19843,0
19844,1
19845,1
19846,1
19847,0
19848,1
19849,1
19850,2
19851,1
19852,1
19853,1
19854,1
19855,2
19856,2
19857,1
19858,1
19859,0
19860,2
19861,0
19862,1
19863,1
19864,2
19865,2
19866,2
19867,1
19868,1
19869,1
19870,1
19871,1
19872,1
19873,0
19874,1
19875,2
19876,0
19877,1
19878,1
19879,2
19880,1
19881,0
19882,0
19883,1
19884,1
19885,2
19886,2
19887,0
19888,3
19889,2
19890,2
19891,2
19892,0
19893,0
19894,1
19895,2
19896,0
19897,0
19898,2
19899,2
19900,1
19901,1
19902,1
19903,1
19904,2
19905,1
19906,1
19907,1
19908,1
19909,2
19910,1
19911,2
19912,1
19913,1
19914,1
19915,1
19916,1
19917,1
19918,0
19919,2
19920,3
19921,1
19922,1
19923,2
19924,2
19925,1
19926,1
19927,2
19928,1
19929,0
19930,0
19931,0
19932,1
19933,2
19934,1
19935,2
19936,1
19937,1
19938,1
19939,1
19940,1
19941,2
19942,1
19943,1
19944,2
19945,2
19946,0
19947,0
19948,1
19949,1
19950,1
19951,2
19952,0
19953,1
19954,2
19955,1
19956,1
19957,2
19958,1
19959,0
19960,1
19961,1
19962,2
19963,1
19964,1
19965,2
19966,1
19967,2
19968,1
19969,1
19970,3
19971,1
19972,2
19973,2
19974,0
19975,0
19976,2
19977,0
19978,1
19979,0
19980,1
19981,1
19982,2
19983,2
19984,2
19985,1
19986,1
19987,3
19988,2
19989,0
19990,1
19991,0
19992,0
19993,1
19994,1
19995,2
19996,0
19997,1
19998,0
19999,2
20000,1
20001,1
20002,0
20003,1
20004,1
20005,2
20006,1
20007,1
20008,2
20009,0
20010,1
20011,2
20012,1
20013,0
20014,2
20015,0
20016,2
20017,1
20018,0
20019,0
20020,1
20021,1
20022,1
20023,2
20024,2
20025,1
20026,1
20027,1
20028,2
20029,1
20030,1
20031,1
20032,1
20033,3
20034,1
20035,2
20036,1
20037,1
20038,2
20039,1
20040,1
20041,1
20042,1
20043,1
20044,2
20045,3
20046,1
20047,1
20048,2
20049,1
20050,1
20051,2
20052,1
20053,2
20054,0
20055,1
20056,0
20057,1
20058,3
20059,3
20060,1
20061,1
20062,1
20063,0
20064,2
20065,1
20066,1
20067,1
20068,1
20069,1
20070,1
20071,0
20072,1
20073,2
20074,1
20075,0
20076,1
20077,1
20078,1
20079,2
20080,2
20081,1
20082,1
20083,1
20084,2
20085,2
20086,1
20087,0
20088,1
20089,1
20090,1
20091,0
20092,2
20093,1
20094,2
20095,1
20096,2
20097,1
20098,1
20099,1
20100,1
20101,1
20102,1
20103,2
20104,1
20105,0
20106,1
20107,2
20108,0
20109,1
20110,1
20111,2
20112,1
20113,1
20114,2
20115,0
20116,1
20117,0
20118,1
20119,1
20120,1
20121,2
20122,2
20123,1
20124,0
20125,1
20126,3
20127,1
20128,2
20129,2
20130,1
20131,2
20132,2
20133,1
20134,1
20135,1
20136,1
20137,3
20138,1
20139,1
20140,0
20141,2
20142,0
20143,1
20144,1
20145,1
20146,2
20147,1
20148,1
20149,1
20150,0
20151,3
20152,1
20153,0
20154,2
20155,1
20156,1
20157,1
20158,1
20159,1
20160,1
20161,2
20162,0
20163,1
20164,1
20165,1
20166,2
20167,1
20168,2
20169,0
20170,1
20171,1
20172,1
20173,1
20174,1
20175,1
20176,1
20177,3
20178,1
20179,2
20180,1
20181,1
20182,1
20183,1
20184,1
20185,0
20186,1
20187,2
20188,2
20189,0
20190,0
20191,3
20192,1
20193,1
20194,2
20195,2
20196,1
20197,1
20198,1
20199,2
20200,1
20201,1
20202,1
20203,1
20204,1
20205,1
20206,1
20207,1
20208,1
20209,1
20210,1
20211,1
20212,1
20213,0
20214,0
20215,0
20216,0
20217,2
20218,0
20219,1
20220,1
20221,0
20222,1
20223,0
20224,2
20225,1
20226,1
20227,2
20228,1
20229,2
20230,0
20231,1
20232,2
20233,0
20234,1
20235,0
20236,1
20237,3
20238,1
20239,1
20240,1
20241,1
20242,0
20243,1
20244,1
20245,2
20246,1
20247,1
20248,0
20249,1
20250,2
20251,1
20252,1
20253,1
20254,0
20255,2
20256,0
20257,1
20258,1
20259,1
20260,2
20261,1
20262,2
20263,1
20264,2
20265,1
20266,0
20267,2
20268,2
20269,2
20270,0
20271,0
20272,3
20273,2
20274,1
20275,1
20276,1
20277,1
20278,2
20279,1
20280,2
20281,2
20282,2
20283,2
20284,1
20285,1
20286,1
20287,1
20288,1
20289,2
20290,1
20291,1
20292,1
20293,1
20294,1
20295,0
20296,1
20297,1
20298,2
20299,0
20300,0
20301,0
20302,1
20303,1
20304,1
20305,1
20306,1
20307,1
20308,1
20309,1
20310,1
20311,1
20312,1
20313,1
20314,0
20315,1
20316,1
20317,1
20318,1
20319,1
20320,2
20321,1
20322,1
20323,0
20324,1
20325,1
20326,1
20327,1
20328,1
20329,1
20330,2
20331,2
20332,1
20333,3
20334,2
20335,1
20336,1
20337,1
20338,1
20339,1
20340,1
20341,2
20342,2
20343,0
20344,0
20345,1
20346,1
20347,1
20348,2
20349,1
20350,1
20351,1
20352,1
20353,1
20354,2
20355,3
20356,1
20357,0
20358,1
20359,1
20360,2
20361,1
20362,2
20363,1
20364,2
20365,2
20366,1
20367,2
20368,1
20369,1
20370,2
20371,1
20372,1
20373,1
20374,2
20375,1
20376,2
20377,2
20378,1
20379,1
20380,1
20381,1
20382,2
20383,2
20384,3
20385,1
20386,1
20387,1
20388,1
20389,1
20390,2
20391,1
20392,1
20393,2
20394,0
20395,2
20396,1
20397,0
20398,0
20399,3
20400,1
20401,1
20402,2
20403,1
20404,1
20405,2
20406,1
20407,2
20408,1
20409,2
20410,1
20411,2
20412,2
20413,3
20414,0
20415,1
20416,0
20417,2
20418,2
20419,1
20420,2
20421,3
20422,1
20423,1
20424,0
20425,0
20426,1
20427,1
20428,0
20429,2
20430,1
20431,3
20432,2
20433,1
20434,1
20435,1
20436,2
20437,2
20438,1
20439,2
20440,1
20441,1
20442,0
20443,1
20444,1
20445,1
20446,2
20447,1
20448,0
20449,1
20450,0
20451,1
20452,2
20453,1
20454,1
20455,1
20456,2
20457,1
20458,0
20459,1
20460,1
20461,1
20462,0
20463,1
20464,0
20465,1
20466,1
20467,1
20468,1
20469,1
20470,0
20471,0
20472,0
20473,2
20474,1
20475,1
20476,1
20477,1
20478,1
20479,1
20480,1
20481,1
20482,1
20483,0
20484,2
20485,1
20486,1
20487,1
20488,1
20489,2
20490,1
20491,1
20492,1
20493,0
20494,1
20495,2
20496,0
20497,1
20498,1
20499,1
20500,2
20501,1
20502,2
20503,1
20504,1
20505,1
20506,1
20507,1
20508,0
20509,1
20510,0
20511,2
20512,2
20513,2
20514,2
20515,1
20516,1
20517,2
20518,0
20519,0
20520,1
20521,1
20522,1
20523,0
20524,2
20525,2
20526,2
20527,0
20528,2
20529,1
20530,2
20531,1
20532,2
20533,0
20534,1
20535,1
20536,1
20537,1
20538,0
20539,2
20540,1
20541,0
20542,1
20543,2
20544,2
20545,1
20546,1
20547,1
20548,1
20549,2
20550,2
20551,1
20552,1
20553,0
20554,1
20555,1
20556,1
20557,1
20558,2
20559,0
20560,3
20561,1
20562,0
20563,2
20564,2
20565,1
20566,2
20567,0
20568,1
20569,1
20570,1
20571,1
20572,1
20573,3
20574,1
20575,2
20576,1
20577,1
20578,1
20579,2
20580,1
20581,1
20582,1
20583,2
20584,1
20585,0
20586,0
20587,3
20588,1
20589,2
20590,1
20591,0
20592,1
20593,2
20594,1
20595,0
20596,2
20597,1
20598,1
20599,2
20600,1
20601,1
20602,2
20603,0
20604,0
20605,1
20606,1
20607,1
20608,2
20609,1
20610,2
20611,1
20612,1
20613,2
20614,1
20615,1
20616,1
20617,1
20618,2
20619,1
20620,1
20621,1
20622,2
20623,1
20624,1
20625,2
20626,1
20627,1
20628,1
20629,2
20630,1
20631,1
20632,1
20633,2
20634,0
20635,0
20636,3
20637,2
20638,1
20639,2
20640,0
20641,0
20642,1
20643,1
20644,2
20645,1
20646,1
20647,2
20648,3
20649,2
20650,1
20651,1
20652,2
20653,0
20654,1
20655,0
20656,3
20657,2
20658,3
20659,2
20660,1
20661,1
20662,1
20663,1
20664,2
20665,1
20666,1
20667,2
20668,1
20669,1
20670,0
20671,1
20672,1
20673,1
20674,1
20675,1
20676,0
20677,3
20678,1
20679,1
20680,1
20681,1
20682,3
20683,1
20684,1
20685,2
20686,2
20687,1
20688,1
20689,2
20690,1
20691,2
20692,1
20693,1
20694,1
20695,0
20696,2
20697,2
20698,1
20699,2
20700,2
20701,0
20702,1
20703,0
20704,3
20705,1
20706,1
20707,1
20708,1
20709,1
20710,1
20711,1
20712,1
20713,0
20714,1
20715,1
20716,1
20717,1
20718,1
20719,0
20720,2
20721,1
20722,1
20723,1
20724,1
20725,0
20726,2
20727,2
20728,0
20729,1
20730,2
20731,1
20732,1
20733,0
20734,1
20735,1
20736,2
20737,1
20738,1
20739,1
20740,2
20741,2
20742,1
20743,2
20744,0
20745,3
20746,0
20747,1
20748,1
20749,1
20750,2
20751,1
20752,2
20753,2
20754,1
20755,2
20756,2
20757,0
20758,1
20759,0
20760,0
20761,1
20762,2
20763,1
20764,1
20765,0
20766,1
20767,2
20768,2
20769,1
20770,1
20771,1
20772,0
20773,1
20774,0
20775,1
20776,1
20777,1
20778,1
20779,2
20780,3
20781,2
20782,1
20783,0
20784,1
20785,2
20786,1
20787,2
20788,1
20789,0
20790,2
20791,2
20792,3
20793,1
20794,1
20795,1
20796,1
20797,1
20798,1
20799,2
20800,1
20801,1
20802,3
20803,0
20804,1
20805,2
20806,1
20807,1
20808,1
20809,1
20810,1
20811,0
20812,1
20813,2
20814,1
20815,1
20816,2
20817,0
20818,2
20819,0
20820,2
20821,0
20822,2
20823,2
20824,0
20825,2
20826,1
20827,1
20828,3
20829,1
20830,1
20831,1
20832,2
20833,1
20834,1
20835,1
20836,1
20837,2
20838,1
20839,1
20840,1
20841,1
20842,2
20843,1
20844,1
20845,1
20846,1
20847,2
20848,0
20849,1
20850,1
20851,2
20852,1
20853,0
20854,2
20855,1
20856,1
20857,2
20858,1
20859,1
20860,0
20861,2
20862,2
20863,1
20864,1
20865,2
20866,1
20867,1
20868,0
20869,1
20870,1
20871,1
20872,1
20873,2
20874,2
20875,1
20876,2
20877,1
20878,1
20879,0
20880,1
20881,1
20882,1
20883,2
20884,2
20885,1
20886,1
20887,1
20888,2
20889,2
20890,2
20891,1
20892,2
20893,2
20894,1
20895,1
20896,1
20897,1
20898,2
20899,1
20900,2
20901,0
20902,1
20903,1
20904,1
20905,1
20906,1
20907,2
20908,1
20909,1
20910,1
20911,1
20912,3
20913,2
20914,1
20915,1
20916,2
20917,2
20918,2
20919,1
20920,0
20921,2
20922,1
20923,0
20924,0
20925,1
20926,1
20927,0
20928,1
20929,1
20930,1
20931,0
20932,1
20933,2
20934,2
20935,2
20936,2
20937,3
20938,2
20939,0
20940,1
20941,0
20942,0
20943,0
20944,1
20945,2
20946,1
20947,1
20948,0
20949,1
20950,1
20951,2
20952,1
20953,1
20954,2
20955,2
20956,2
20957,2
20958,1
20959,1
20960,2
20961,1
20962,2
20963,1
20964,1
20965,1
20966,1
20967,2
20968,1
20969,1
20970,2
20971,1
20972,2
20973,1
20974,1
20975,2
20976,2
20977,1
20978,2
20979,1
20980,2
20981,1
20982,0
20983,1
20984,1
20985,0
20986,0
20987,1
20988,1
20989,2
20990,1
20991,1
20992,1
20993,1
20994,1
20995,2
20996,1
20997,1
20998,1
20999,1
21000,2
21001,1
21002,2
21003,1
21004,1
21005,1
21006,0
21007,2
21008,1
21009,1
21010,2
21011,1
21012,1
21013,1
21014,1
21015,1
21016,1
21017,1
21018,1
21019,1
21020,2
21021,1
21022,2
21023,1
21024,1
21025,1
21026,2
21027,1
21028,1
21029,1
21030,0
21031,1
21032,1
21033,1
21034,2
21035,2
21036,2
21037,1
21038,2
21039,2
21040,2
21041,1
21042,1
21043,1
21044,2
21045,3
21046,2
21047,1
21048,0
21049,2
21050,1
21051,2
21052,0
21053,1
21054,2
21055,1
21056,1
21057,2
21058,3
21059,1
21060,2
21061,2
21062,2
21063,1
21064,1
21065,2
21066,2
21067,1
21068,1
21069,2
21070,2
21071,2
21072,2
21073,2
21074,2
21075,2
21076,2
21077,1
21078,1
21079,1
21080,0
21081,2
21082,2
21083,1
21084,3
21085,2
21086,2
21087,1
21088,1
21089,3
21090,2
21091,0
21092,2
21093,1
21094,1
21095,2
21096,2
21097,1
21098,1
21099,1
21100,1
21101,0
21102,1
21103,1
21104,2
21105,1
21106,0
21107,1
21108,1
21109,1
21110,1
21111,1
21112,1
21113,1
21114,1
21115,1
21116,2
21117,0
21118,1
21119,1
21120,1
21121,0
21122,0
21123,3
21124,1
21125,0
21126,1
21127,1
21128,2
21129,3
21130,1
21131,0
21132,2
21133,1
21134,1
21135,1
21136,0
21137,1
21138,0
21139,2
21140,2
21141,2
21142,1
21143,0
21144,1
21145,2
21146,1
21147,1
21148,2
21149,1
21150,1
21151,1
21152,1
21153,1
21154,2
21155,1
21156,2
21157,2
21158,1
21159,1
21160,1
21161,1
21162,1
21163,1
21164,2
21165,1
21166,1
21167,1
21168,1
21169,2
21170,3
21171,2
21172,3
21173,1
21174,1
21175,1
21176,1
21177,2
21178,1
21179,1
21180,0
21181,1
21182,2
21183,2
21184,1
21185,1
21186,2
21187,1
21188,1
21189,1
21190,3
21191,1
21192,3
21193,0
21194,1
21195,3
21196,1
21197,0
21198,1
21199,2
21200,2
21201,1
21202,1
21203,1
21204,1
21205,0
21206,1
21207,1
21208,1
21209,0
21210,1
21211,1
21212,0
21213,1
21214,2
21215,2
21216,1
21217,1
21218,1
21219,0
21220,1
21221,1
21222,0
21223,1
21224,1
21225,1
21226,2
21227,2
21228,1
21229,2
21230,2
21231,1
21232,2
21233,0
21234,2
21235,1
21236,1
21237,1
21238,2
21239,1
21240,1
21241,2
21242,1
21243,0
21244,2
21245,1
21246,1
21247,1
21248,1
21249,2
21250,1
21251,2
21252,1
21253,1
21254,2
21255,1
21256,1
21257,1
21258,1
21259,1
21260,1
21261,3
21262,0
21263,1
21264,0
21265,1
21266,2
21267,1
21268,1
21269,1
21270,2
21271,2
21272,0
21273,2
21274,1
21275,1
21276,1
21277,1
21278,0
21279,0
21280,1
21281,1
21282,1
21283,0
21284,2
21285,2
21286,0
21287,1
21288,1
21289,1
21290,1
21291,0
21292,0
21293,1
21294,2
21295,1
21296,0
21297,1
21298,3
21299,2
21300,1
21301,1
21302,2
21303,2
21304,1
21305,2
21306,1
21307,1
21308,1
21309,1
21310,2
21311,0
21312,2
21313,1
21314,1
21315,0
21316,0
21317,2
21318,2
21319,2
21320,1
21321,2
21322,0
21323,2
21324,1
21325,1
21326,1
21327,3
21328,0
21329,1
21330,0
21331,1
21332,2
21333,0
21334,2
21335,1
21336,1
21337,1
21338,1
21339,2
21340,1
21341,0
21342,2
21343,1
21344,1
21345,0
21346,2
21347,1
21348,0
21349,1
21350,2
21351,1
21352,1
21353,2
21354,0
21355,1
21356,1
21357,1
21358,1
21359,2
21360,2
21361,1
21362,2
21363,1
21364,3
21365,2
21366,1
21367,1
21368,2
21369,1
21370,1
21371,2
21372,2
21373,1
21374,2
21375,0
21376,3
21377,1
21378,3
21379,1
21380,1
21381,1
21382,2
21383,1
21384,1
21385,1
21386,1
21387,2
21388,0
21389,2
21390,0
21391,0
21392,1
21393,1
21394,0
21395,1
21396,2
21397,1
21398,2
21399,2
21400,1
21401,1
21402,1
21403,2
21404,0
21405,1
21406,1
21407,1
21408,1
21409,2
21410,1
21411,2
21412,2
21413,2
21414,0
21415,1
21416,1
21417,1
21418,1
21419,1
21420,2
21421,1
21422,1
21423,0
21424,3
21425,1
21426,1
21427,1
21428,1
21429,2
21430,1
21431,1
21432,2
21433,1
21434,2
21435,2
21436,2
21437,1
21438,1
21439,0
21440,1
21441,1
21442,1
21443,1
21444,0
21445,1
21446,2
21447,1
21448,1
21449,3
21450,1
21451,1
21452,1
21453,1
21454,1
21455,2
21456,1
21457,1
21458,1
21459,2
21460,1
21461,1
21462,1
21463,1
21464,1
21465,1
21466,2
21467,2
21468,0
21469,1
21470,1
21471,1
21472,1
21473,1
21474,1
21475,1
21476,1
21477,1
21478,1
21479,2
21480,1
21481,0
21482,1
21483,1
21484,1
21485,1
21486,1
21487,0
21488,1
21489,3
21490,1
21491,1
21492,2
21493,0
21494,0
21495,2
21496,1
21497,2
21498,0
21499,1
21500,1
21501,0
21502,2
21503,1
21504,1
21505,1
21506,1
21507,1
21508,1
21509,0
21510,1
21511,1
21512,1
21513,1
21514,0
21515,1
21516,1
21517,1
21518,1
21519,1
21520,2
21521,1
21522,1
21523,2
21524,2
21525,2
21526,0
21527,1
21528,1
21529,1
21530,2
21531,1
21532,2
21533,1
21534,1
21535,1
21536,1
21537,1
21538,0
21539,1
21540,0
21541,1
21542,1
21543,1
21544,2
21545,2
21546,1
21547,1
21548,0
21549,1
21550,1
21551,2
21552,3
21553,1
21554,0
21555,1
21556,2
21557,1
21558,1
21559,1
21560,1
21561,1
21562,3
21563,1
21564,2
21565,1
21566,1
21567,1
21568,1
21569,0
21570,1
21571,1
21572,1
21573,2
21574,2
21575,2
21576,2
21577,1
21578,0
21579,1
21580,1
21581,1
21582,1
21583,0
21584,1
21585,1
21586,1
21587,1
21588,0
21589,1
21590,2
21591,1
21592,1
21593,1
21594,0
21595,0
21596,2
21597,1
21598,3
21599,1
21600,2
21601,3
21602,1
21603,2
21604,0
21605,0
21606,1
21607,2
21608,0
21609,2
21610,0
21611,1
21612,3
21613,1
21614,1
21615,2
21616,2
21617,1
21618,1
21619,1
21620,1
21621,1
21622,1
21623,1
21624,1
21625,1
21626,1
21627,1
21628,2
21629,1
21630,0
21631,0
21632,2
21633,1
21634,1
21635,2
21636,1
21637,2
21638,1
21639,0
21640,2
21641,1
21642,1
21643,1
21644,2
21645,2
21646,2
21647,1
21648,1
21649,1
21650,1
21651,2
21652,3
21653,1
21654,2
21655,2
21656,0
21657,2
21658,1
21659,0
21660,1
21661,1
21662,0
21663,1
21664,0
21665,2
21666,2
21667,1
21668,1
21669,1
21670,0
21671,1
21672,1
21673,3
21674,2
21675,1
21676,0
21677,1
21678,0
21679,0
21680,0
21681,0
21682,1
21683,1
21684,1
21685,2
21686,1
21687,1
21688,1
21689,1
21690,1
21691,1
21692,1
21693,3
21694,0
21695,1
21696,1
21697,0
21698,1
21699,1
21700,2
21701,2
21702,2
21703,1
21704,2
21705,0
21706,1
21707,1
21708,1
21709,2
21710,0
21711,0
21712,1
21713,0
21714,2
21715,1
21716,1
21717,1
21718,2
21719,2
21720,1
21721,1
21722,2
21723,1
21724,1
21725,1
21726,1
21727,2
21728,0
21729,1
21730,1
21731,1
21732,1
21733,2
21734,1
21735,2
21736,1
21737,1
21738,2
21739,1
21740,2
21741,1
21742,3
21743,1
21744,2
21745,1
21746,2
21747,2
21748,1
21749,0
21750,2
21751,1
21752,0
21753,1
21754,0
21755,0
21756,1
21757,0
21758,0
21759,1
21760,2
21761,0
21762,2
21763,0
21764,0
21765,1
21766,1
21767,0
21768,2
21769,0
21770,1
21771,1
21772,0
21773,1
21774,2
21775,1
21776,1
21777,2
21778,1
21779,2
21780,2
21781,1
21782,1
21783,2
21784,1
21785,1
21786,2
21787,0
21788,1
21789,1
21790,1
21791,0
21792,1
21793,1
21794,0
21795,1
21796,1
21797,1
21798,2
21799,1
21800,1
21801,1
21802,2
21803,1
21804,0
21805,1
21806,2
21807,2
21808,1
21809,1
21810,1
21811,1
21812,0
21813,1
21814,1
21815,1
21816,1
21817,0
21818,1
21819,2
21820,2
21821,1
21822,1
21823,2
21824,3
21825,1
21826,1
21827,1
21828,1
21829,2
21830,1
21831,1
21832,2
21833,2
21834,1
21835,1
21836,0
21837,1
21838,2
21839,2
21840,2
21841,1
21842,1
21843,1
21844,1
21845,2
21846,1
21847,2
21848,1
21849,0
21850,2
21851,0
21852,1
21853,1
21854,0
21855,1
21856,0
21857,0
21858,2
21859,2
21860,1
21861,1
21862,1
21863,1
21864,1
21865,1
21866,2
21867,2
21868,1
21869,3
21870,1
21871,1
21872,1
21873,1
21874,1
21875,0
21876,1
21877,1
21878,2
21879,1
21880,1
21881,2
21882,2
21883,1
21884,2
21885,1
21886,2
21887,1
21888,2
21889,1
21890,2
21891,0
21892,1
21893,0
21894,1
21895,2
21896,0
21897,3
21898,2
21899,1
21900,1
21901,1
21902,2
21903,1
21904,1
21905,1
21906,1
21907,2
21908,2
21909,1
21910,1
21911,1
21912,1
21913,1
21914,1
21915,0
21916,0
21917,2
21918,1
21919,1
21920,0
21921,2
21922,1
21923,1
21924,1
21925,1
21926,1
21927,2
21928,1
21929,1
21930,0
21931,1
21932,1
21933,1
21934,0
21935,1
21936,1
21937,3
21938,3
21939,1
21940,1
21941,0
21942,1
21943,2
21944,1
21945,2
21946,3
21947,2
21948,2
21949,2
21950,1
21951,1
21952,2
21953,2
21954,1
21955,1
21956,2
21957,1
21958,1
21959,1
21960,0
21961,1
21962,2
21963,1
21964,1
21965,2
21966,1
21967,0
21968,1
21969,2
21970,1
21971,1
21972,2
21973,1
21974,2
21975,2
21976,1
21977,2
21978,1
21979,2
21980,1
21981,1
21982,2
21983,2
21984,1
21985,1
21986,1
21987,0
21988,1
21989,1
21990,2
21991,1
21992,1
21993,1
21994,2
21995,1
21996,2
21997,2
21998,1
21999,3
22000,1
22001,1
22002,2
22003,1
22004,1
22005,0
22006,1
22007,1
22008,1
22009,0
22010,1
22011,1
22012,2
22013,1
22014,1
22015,3
22016,1
22017,0
22018,3
22019,1
22020,1
22021,2
22022,1
22023,2
22024,1
22025,1
22026,2
22027,0
22028,2
22029,1
22030,1
22031,0
22032,1
22033,1
22034,1
22035,0
22036,1
22037,1
22038,0
22039,1
22040,1
22041,1
22042,2
22043,3
22044,2
22045,1
22046,3
22047,1
22048,1
22049,0
22050,1
22051,1
22052,0
22053,1
22054,2
22055,2
22056,2
22057,3
22058,1
22059,1
22060,0
22061,0
22062,1
22063,1
22064,1
22065,1
22066,1
22067,1
22068,0
22069,1
22070,3
22071,1
22072,2
22073,0
22074,1
22075,0
22076,1
22077,1
22078,2
22079,0
22080,1
22081,0
22082,0
22083,2
22084,1
22085,1
22086,1
22087,1
22088,1
22089,1
22090,1
22091,2
22092,0
22093,2
22094,2
22095,1
22096,3
22097,1
22098,1
22099,1
22100,1
22101,2
22102,1
22103,1
22104,2
22105,2
22106,0
22107,1
22108,1
22109,0
22110,2
22111,0
22112,0
22113,1
22114,0
22115,1
22116,1
22117,0
22118,2
22119,1
22120,1
22121,1
22122,1
22123,2
22124,2
22125,1
22126,1
22127,1
22128,2
22129,1
22130,1
22131,2
22132,1
22133,1
22134,1
22135,1
22136,2
22137,1
22138,2
22139,2
22140,2
22141,1
22142,2
22143,1
22144,0
22145,1
22146,1
22147,1
22148,1
22149,1
22150,2
22151,3
22152,0
22153,1
22154,1
22155,1
22156,1
22157,1
22158,1
22159,0
22160,0
22161,2
22162,1
22163,2
22164,1
22165,1
22166,1
22167,1
22168,1
22169,1
22170,0
22171,1
22172,1
22173,2
22174,1
22175,2
22176,1
22177,0
22178,1
22179,0
22180,1
22181,0
22182,2
22183,1
22184,0
22185,1
22186,0
22187,1
22188,1
22189,1
22190,1
22191,1
22192,1
22193,1
22194,1
22195,1
22196,3
22197,1
22198,1
22199,0
22200,1
22201,0
22202,1
22203,1
22204,2
22205,2
22206,1
22207,0
22208,3
22209,1
22210,1
22211,2
22212,1
22213,2
22214,2
22215,2
22216,1
22217,1
22218,2
22219,2
22220,0
22221,1
22222,1
22223,1
22224,2
22225,2
22226,0
22227,1
22228,0
22229,3
22230,1
22231,2
22232,2
22233,1
22234,1
22235,0
22236,3
22237,2
22238,1
22239,2
22240,1
22241,2
22242,1
22243,1
22244,0
22245,1
22246,0
22247,2
22248,1
22249,2
22250,1
22251,2
22252,1
22253,1
22254,1
22255,2
22256,1
22257,1
22258,0
22259,1
22260,1
22261,2
22262,2
22263,1
22264,1
22265,2
22266,1
22267,2
22268,0
22269,0
22270,1
22271,0
22272,0
22273,1
22274,2
22275,0
22276,1
22277,1
22278,3
22279,0
22280,1
22281,1
22282,1
22283,1
22284,1
22285,3
22286,1
22287,2
22288,0
22289,2
22290,1
22291,1
22292,0
22293,2
22294,1
22295,1
22296,1
22297,2
22298,1
22299,1
22300,1
22301,0
22302,2
22303,0
22304,2
22305,1
22306,1
22307,0
22308,1
22309,0
22310,2
22311,2
22312,0
22313,1
22314,0
22315,1
22316,1
22317,1
22318,1
22319,1
22320,2
22321,1
22322,1
22323,1
22324,3
22325,3
22326,2
22327,2
22328,2
22329,1
22330,1
22331,2
22332,1
22333,1
22334,1
22335,2
22336,2
22337,2
22338,1
22339,1
22340,2
22341,1
22342,3
22343,2
22344,1
22345,1
22346,2
22347,1
22348,1
22349,1
22350,1
22351,0
22352,1
22353,2
22354,1
22355,1
22356,2
22357,1
22358,1
22359,0
22360,2
22361,1
22362,0
22363,0
22364,1
22365,3
22366,1
22367,2
22368,1
22369,2
22370,3
22371,1
22372,2
22373,2
22374,2
22375,0
22376,1
22377,2
22378,1
22379,1
22380,2
22381,1
22382,2
22383,1
22384,1
22385,0
22386,2
22387,3
22388,0
22389,1
22390,0
22391,0
22392,1
22393,1
22394,2
22395,2
22396,1
22397,2
22398,1
22399,1
22400,2
22401,2
22402,2
22403,1
22404,0
22405,0
22406,1
22407,1
22408,0
22409,2
22410,2
22411,2
22412,0
22413,2
22414,2
22415,2
22416,1
22417,0
22418,1
22419,1
22420,2
22421,0
22422,0
22423,2
22424,2
22425,2
22426,1
22427,1
22428,2
22429,2
22430,0
22431,1
22432,2
22433,1
22434,2
22435,1
22436,3
22437,1
22438,0
22439,1
22440,1
22441,2
22442,1
22443,0
22444,2
22445,1
22446,1
22447,0
22448,2
22449,1
22450,1
22451,2
22452,0
22453,2
22454,2
22455,2
22456,1
22457,2
22458,2
22459,1
22460,1
22461,1
22462,1
22463,2
22464,1
22465,1
22466,1
22467,1
22468,1
22469,1
22470,2
22471,1
22472,1
22473,1
22474,0
22475,1
22476,0
22477,0
22478,1
22479,1
22480,1
22481,1
22482,0
22483,1
22484,2
22485,1
22486,0
22487,1
22488,1
22489,1
22490,1
22491,0
22492,1
22493,1
22494,2
22495,1
22496,0
22497,2
22498,0
22499,1
22500,0
22501,1
22502,1
22503,2
22504,1
22505,2
22506,2
22507,1
22508,1
22509,2
22510,1
22511,1
22512,1
22513,0
22514,1
22515,1
22516,1
22517,0
22518,1
22519,2
22520,1
22521,2
22522,3
22523,2
22524,1
22525,1
22526,2
22527,3
22528,2
22529,2
22530,3
22531,2
22532,1
22533,1
22534,1
22535,2
22536,1
22537,2
22538,3
22539,2
22540,2
22541,3
22542,1
22543,2
22544,3
22545,1
22546,3
22547,2
22548,1
22549,1
22550,3
22551,2
22552,1
22553,1
22554,0
22555,1
22556,1
22557,1
22558,1
22559,1
22560,0
22561,1
22562,1
22563,0
22564,1
22565,1
22566,1
22567,2
22568,1
22569,1
22570,0
22571,2
22572,1
22573,1
22574,2
22575,2
22576,0
22577,2
22578,1
22579,1
22580,1
22581,1
22582,2
22583,2
22584,2
22585,2
22586,1
22587,1
22588,2
22589,2
22590,1
22591,1
22592,0
22593,1
22594,1
22595,2
22596,1
22597,2
22598,1
22599,0
22600,2
22601,2
22602,1
22603,1
22604,3
22605,1
22606,1
22607,1
22608,1
22609,0
22610,1
22611,0
22612,2
22613,3
22614,3
22615,2
22616,3
22617,1
22618,2
22619,2
22620,2
22621,2
22622,1
22623,1
22624,2
22625,1
22626,2
22627,2
22628,1
22629,1
22630,1
22631,1
22632,1
22633,2
22634,1
22635,1
22636,1
22637,1
22638,1
22639,1
22640,1
22641,2
22642,2
22643,1
22644,1
22645,1
22646,0
22647,1
22648,0
22649,0
22650,1
22651,2
22652,1
22653,2
22654,0
22655,1
22656,1
22657,1
22658,2
22659,2
22660,3
22661,1
22662,1
22663,2
22664,1
22665,1
22666,2
22667,2
22668,2
22669,2
22670,2
22671,2
22672,2
22673,2
22674,1
22675,2
22676,1
22677,1
22678,1
22679,1
22680,1
22681,2
22682,1
22683,1
22684,1
22685,1
22686,1
22687,1
22688,1
22689,2
22690,3
22691,1
22692,1
22693,3
22694,3
22695,1
22696,0
22697,1
22698,1
22699,1
22700,0
22701,1
22702,1
22703,1
22704,2
22705,2
22706,1
22707,1
22708,1
22709,1
22710,1
22711,1
22712,1
22713,1
22714,2
22715,1
22716,2
22717,2
22718,1
22719,1
22720,1
22721,3
22722,2
22723,3
22724,1
22725,1
22726,2
22727,1
22728,1
22729,1
22730,2
22731,2
22732,2
22733,1
22734,2
22735,0
22736,1
22737,2
22738,1
22739,1
22740,1
22741,1
22742,0
22743,0
22744,1
22745,1
22746,0
22747,0
22748,2
22749,1
22750,1
22751,2
22752,0
22753,2
22754,2
22755,2
22756,0
22757,0
22758,2
22759,1
22760,3
22761,1
22762,1
22763,0
22764,2
22765,1
22766,0
22767,1
22768,1
22769,1
22770,2
22771,2
22772,2
22773,1
22774,0
22775,2
22776,1
22777,2
22778,3
22779,1
22780,2
22781,2
22782,2
22783,1
22784,1
22785,0
22786,1
22787,1
22788,1
22789,1
22790,1
22791,1
22792,1
22793,2
22794,1
22795,1
22796,1
22797,1
22798,2
22799,2
22800,1
22801,1
22802,2
22803,2
22804,0
22805,1
22806,2
22807,1
22808,1
22809,2
22810,1
22811,2
22812,1
22813,1
22814,1
22815,0
22816,2
22817,0
22818,0
22819,1
22820,1
22821,0
22822,1
22823,0
22824,1
22825,1
22826,1
22827,1
22828,1
22829,1
22830,2
22831,1
22832,1
22833,0
22834,2
22835,2
22836,2
22837,1
22838,1
22839,1
22840,1
22841,1
22842,2
22843,1
22844,1
22845,2
22846,1
22847,1
22848,1
22849,1
22850,1
22851,0
22852,2
22853,1
22854,1
22855,0
22856,0
22857,1
22858,1
22859,1
22860,1
22861,1
22862,2
22863,1
22864,1
22865,1
22866,1
22867,2
22868,0
22869,1
22870,1
22871,1
22872,1
22873,0
22874,3
22875,2
22876,1
22877,0
22878,2
22879,1
22880,1
22881,2
22882,2
22883,1
22884,1
22885,0
22886,2
22887,1
22888,1
22889,1
22890,1
22891,1
22892,0
22893,1
22894,1
22895,1
22896,1
22897,1
22898,1
22899,1
22900,0
22901,1
22902,0
22903,1
22904,0
22905,1
22906,2
22907,1
22908,1
22909,1
22910,1
22911,2
22912,1
22913,0
22914,0
22915,1
22916,1
22917,1
22918,2
22919,2
22920,1
22921,1
22922,1
22923,1
22924,1
22925,1
22926,1
22927,1
22928,1
22929,0
22930,1
22931,2
22932,1
22933,1
22934,2
22935,1
22936,1
22937,0
22938,0
22939,1
22940,3
22941,1
22942,1
22943,1
22944,1
22945,0
22946,1
22947,1
22948,1
22949,1
22950,1
22951,1
22952,1
22953,1
22954,2
22955,2
22956,1
22957,0
22958,1
22959,2
22960,1
22961,1
22962,1
22963,2
22964,1
22965,3
22966,1
22967,0
22968,1
22969,1
22970,2
22971,0
22972,2
22973,1
22974,1
22975,2
22976,1
22977,2
22978,2
22979,3
22980,3
22981,1
22982,1
22983,1
22984,1
22985,1
22986,1
22987,3
22988,0
22989,1
22990,1
22991,1
22992,2
22993,2
22994,1
22995,1
22996,1
22997,3
22998,1
22999,1
23000,1
23001,1
23002,0
23003,1
23004,2
23005,1
23006,1
23007,2
23008,2
23009,1
23010,1
23011,2
23012,1
23013,1
23014,2
23015,1
23016,0
23017,2
23018,2
23019,1
23020,1
23021,1
23022,2
23023,0
23024,1
23025,1
23026,1
23027,1
23028,1
23029,1
23030,3
23031,3
23032,1
23033,2
23034,1
23035,1
23036,1
23037,2
23038,1
23039,1
23040,1
23041,1
23042,3
23043,1
23044,1
23045,1
23046,1
23047,3
23048,1
23049,1
23050,2
23051,2
23052,0
23053,0
23054,2
23055,1
23056,1
23057,2
23058,2
23059,1
23060,2
23061,1
23062,1
23063,0
23064,3
23065,2
23066,2
23067,2
23068,1
23069,0
23070,2
23071,1
23072,1
23073,2
23074,1
23075,0
23076,1
23077,1
23078,0
23079,3
23080,0
23081,1
23082,1
23083,2
23084,2
23085,2
23086,1
23087,1
23088,1
23089,1
23090,1
23091,3
23092,2
23093,1
23094,1
23095,1
23096,1
23097,1
23098,1
23099,1
23100,1
23101,1
23102,1
23103,2
23104,0
23105,1
23106,1
23107,1
23108,1
23109,1
23110,1
23111,3
23112,2
23113,1
23114,1
23115,2
23116,1
23117,2
23118,2
23119,1
23120,1
23121,1
23122,1
23123,0
23124,2
23125,1
23126,1
23127,1
23128,1
23129,2
23130,2
23131,1
23132,1
23133,1
23134,2
23135,1
23136,0
23137,1
23138,2
23139,1
23140,0
23141,3
23142,1
23143,1
23144,1
23145,0
23146,1
23147,1
23148,0
23149,1
23150,1
23151,2
23152,0
23153,2
23154,1
23155,2
23156,3
23157,1
23158,2
23159,1
23160,2
23161,3
23162,0
23163,1
23164,1
23165,0
23166,1
23167,0
23168,1
23169,1
23170,2
23171,1
23172,1
23173,1
23174,0
23175,1
23176,1
23177,1
23178,1
23179,1
23180,1
23181,1
23182,2
23183,1
23184,1
23185,1
23186,1
23187,1
23188,2
23189,0
23190,1
23191,1
23192,0
23193,2
23194,1
23195,1
23196,2
23197,2
23198,1
23199,1
23200,1
23201,1
23202,0
23203,1
23204,2
23205,1
23206,2
23207,2
23208,3
23209,1
23210,2
23211,3
23212,1
23213,1
23214,1
23215,1
23216,2
23217,1
23218,2
23219,1
23220,1
23221,1
23222,3
23223,2
23224,1
23225,1
23226,0
23227,1
23228,1
23229,0
23230,1
23231,1
23232,2
23233,1
23234,1
23235,1
23236,1
23237,1
23238,0
23239,1
23240,1
23241,2
23242,1
23243,0
23244,1
23245,0
23246,1
23247,0
23248,1
23249,0
23250,2
23251,0
23252,0
23253,0
23254,2
23255,1
23256,1
23257,2
23258,1
23259,2
23260,2
23261,1
23262,0
23263,1
23264,2
23265,0
23266,1
23267,1
23268,2
23269,0
23270,3
23271,1
23272,1
23273,1
23274,1
23275,1
23276,1
23277,3
23278,2
23279,2
23280,2
23281,1
23282,1
23283,1
23284,1
23285,1
23286,1
23287,1
23288,0
23289,1
23290,2
23291,1
23292,3
23293,1
23294,2
23295,1
23296,1
23297,1
23298,0
23299,1
23300,1
23301,1
23302,1
23303,0
23304,2
23305,1
23306,1
23307,3
23308,1
23309,2
23310,1
23311,0
23312,0
23313,2
23314,1
23315,1
23316,1
23317,0
23318,1
23319,1
23320,1
23321,2
23322,2
23323,1
23324,1
23325,1
23326,1
23327,1
23328,1
23329,1
23330,1
23331,0
23332,1
23333,2
23334,2
23335,1
23336,1
23337,1
23338,1
23339,1
23340,2
23341,1
23342,0
23343,1
23344,1
23345,0
23346,1
23347,2
23348,1
23349,2
23350,2
23351,2
23352,1
23353,2
23354,3
23355,1
23356,1
23357,0
23358,1
23359,2
23360,1
23361,1
23362,1
23363,0
23364,2
23365,2
23366,1
23367,2
23368,2
23369,2
23370,1
23371,1
23372,1
23373,1
23374,1
23375,1
23376,2
23377,2
23378,1
23379,1
23380,1
23381,1
23382,2
23383,1
23384,1
23385,1
23386,1
23387,1
23388,2
23389,1
23390,1
23391,1
23392,2
23393,2
23394,1
23395,1
23396,1
23397,1
23398,1
23399,1
23400,3
23401,1
23402,3
23403,1
23404,1
23405,2
23406,0
23407,0
23408,1
23409,2
23410,2
23411,2
23412,2
23413,2
23414,1
23415,1
23416,2
23417,1
23418,2
23419,2
23420,1
23421,2
23422,1
23423,1
23424,2
23425,1
23426,1
23427,2
23428,1
23429,1
23430,1
23431,1
23432,1
23433,3
23434,3
23435,1
23436,0
23437,1
23438,1
23439,1
23440,2
23441,1
23442,1
23443,1
23444,1
23445,0
23446,1
23447,0
23448,2
23449,2
23450,1
23451,1
23452,3
23453,1
23454,2
23455,2
23456,1
23457,2
23458,0
23459,1
23460,1
23461,2
23462,1
23463,1
23464,1
23465,1
23466,1
23467,1
23468,1
23469,0
23470,0
23471,2
23472,0
23473,2
23474,1
23475,1
23476,3
23477,1
23478,3
23479,1
23480,0
23481,2
23482,1
23483,1
23484,1
23485,0
23486,1
23487,1
23488,2
23489,1
23490,2
23491,1
23492,1
23493,2
23494,0
23495,2
23496,2
23497,1
23498,2
23499,2
23500,1
23501,1
23502,1
23503,0
23504,1
23505,1
23506,0
23507,0
23508,0
23509,1
23510,1
23511,2
23512,2
23513,1
23514,1
23515,1
23516,1
23517,3
23518,2
23519,1
23520,2
23521,0
23522,0
23523,1
23524,2
23525,0
23526,1
23527,1
23528,2
23529,1
23530,2
23531,2
23532,1
23533,2
23534,1
23535,1
23536,1
23537,3
23538,2
23539,0
23540,1
23541,1
23542,1
23543,1
23544,1
23545,1
23546,3
23547,1
23548,1
23549,1
23550,1
23551,1
23552,2
23553,1
23554,1
23555,1
23556,1
23557,1
23558,1
23559,0
23560,2
23561,1
23562,2
23563,2
23564,1
23565,1
23566,1
23567,2
23568,2
23569,2
23570,1
23571,2
23572,2
23573,3
23574,0
23575,1
23576,1
23577,1
23578,3
23579,1
23580,1
23581,2
23582,1
23583,0
23584,1
23585,1
23586,3
23587,1
23588,1
23589,1
23590,3
23591,1
23592,1
23593,2
23594,1
23595,0
23596,1
23597,2
23598,1
23599,1
23600,0
23601,2
23602,2
23603,1
23604,1
23605,0
23606,2
23607,1
23608,1
23609,1
23610,1
23611,1
23612,1
23613,2
23614,1
23615,2
23616,1
23617,1
23618,1
23619,1
23620,1
23621,1
23622,1
23623,1
23624,2
23625,1
23626,1
23627,2
23628,1
23629,0
23630,0
23631,2
23632,1
23633,2
23634,2
23635,1
23636,1
23637,1
23638,1
23639,1
23640,1
23641,1
23642,0
23643,1
23644,1
23645,1
23646,1
23647,0
23648,0
23649,2
23650,2
23651,1
23652,1
23653,1
23654,2
23655,1
23656,1
23657,2
23658,1
23659,1
23660,1
23661,1
23662,1
23663,2
23664,1
23665,3
23666,1
23667,1
23668,1
23669,1
23670,0
23671,1
23672,1
23673,0
23674,1
23675,3
23676,1
23677,2
23678,2
23679,1
23680,2
23681,2
23682,0
23683,1
23684,1
23685,1
23686,1
23687,1
23688,1
23689,1
23690,2
23691,0
23692,1
23693,1
23694,1
23695,2
23696,2
23697,0
23698,2
23699,1
23700,0
23701,3
23702,2
23703,1
23704,2
23705,1
23706,1
23707,1
23708,2
23709,1
23710,1
23711,1
23712,2
23713,2
23714,1
23715,0
23716,1
23717,1
23718,1
23719,1
23720,2
23721,3
23722,3
23723,1
23724,2
23725,1
23726,0
23727,1
23728,2
23729,1
23730,1
23731,2
23732,1
23733,0
23734,1
23735,1
23736,1
23737,2
23738,2
23739,2
23740,2
23741,3
23742,1
23743,1
23744,1
23745,1
23746,0
23747,1
23748,1
23749,1
23750,2
23751,2
23752,2
23753,1
23754,3
23755,1
23756,1
23757,1
23758,0
23759,1
23760,1
23761,2
23762,2
23763,2
23764,1
23765,1
23766,2
23767,0
23768,1
23769,1
23770,1
23771,2
23772,1
23773,1
23774,2
23775,2
23776,1
23777,2
23778,2
23779,1
23780,2
23781,0
23782,1
23783,1
23784,0
23785,1
23786,1
23787,1
23788,1
23789,0
23790,0
23791,1
23792,1
23793,3
23794,1
23795,1
23796,3
23797,2
23798,1
23799,2
23800,2
23801,1
23802,1
23803,1
23804,1
23805,0
23806,0
23807,2
23808,1
23809,1
23810,1
23811,1
23812,0
23813,2
23814,0
23815,2
23816,1
23817,0
23818,1
23819,1
23820,1
23821,1
23822,1
23823,0
23824,1
23825,1
23826,1
23827,0
23828,1
23829,2
23830,1
23831,0
23832,2
23833,1
23834,1
23835,1
23836,0
23837,1
23838,3
23839,2
23840,1
23841,1
23842,2
23843,0
23844,1
23845,2
23846,2
23847,0
23848,1
23849,1
23850,0
23851,2
23852,2
23853,1
23854,1
23855,2
23856,2
23857,1
23858,1
23859,2
23860,1
23861,1
23862,1
23863,2
23864,2
23865,0
23866,1
23867,1
23868,1
23869,3
23870,1
23871,1
23872,1
23873,1
23874,1
23875,1
23876,1
23877,2
23878,1
23879,1
23880,1
23881,1
23882,2
23883,1
23884,2
23885,1
23886,1
23887,2
23888,1
23889,0
23890,1
23891,1
23892,1
23893,1
23894,1
23895,2
23896,2
23897,3
23898,1
23899,2
23900,2
23901,1
23902,2
23903,3
23904,2
23905,1
23906,3
23907,1
23908,1
23909,3
23910,3
23911,0
23912,2
23913,1
23914,1
23915,2
23916,0
23917,2
23918,0
23919,1
23920,1
23921,1
23922,2
23923,1
23924,2
23925,1
23926,1
23927,1
23928,0
23929,2
23930,2
23931,2
23932,2
23933,2
23934,1
23935,0
23936,3
23937,1
23938,1
23939,1
23940,0
23941,2
23942,2
23943,1
23944,1
23945,2
23946,0
23947,1
23948,1
23949,2
23950,1
23951,1
23952,2
23953,2
23954,2
23955,1
23956,2
23957,1
23958,1
23959,1
23960,1
23961,2
23962,1
23963,3
23964,1
23965,1
23966,1
23967,1
23968,1
23969,1
23970,2
23971,1
23972,1
23973,2
23974,0
23975,1
23976,1
23977,2
23978,2
23979,1
23980,2
23981,0
23982,0
23983,1
23984,2
23985,1
23986,1
23987,1
23988,3
23989,1
23990,1
23991,1
23992,1
23993,2
23994,1
23995,1
23996,1
23997,1
23998,2
23999,1
24000,1
24001,1
24002,2
24003,1
24004,1
24005,1
24006,0
24007,0
24008,0
24009,0
24010,1
24011,0
24012,3
24013,2
24014,1
24015,2
24016,2
24017,1
24018,1
24019,0
24020,1
24021,1
24022,1
24023,0
24024,0
24025,2
24026,1
24027,1
24028,2
24029,1
24030,0
24031,1
24032,2
24033,1
24034,1
24035,1
24036,2
24037,1
24038,1
24039,1
24040,2
24041,0
24042,1
24043,1
24044,1
24045,0
24046,1
24047,0
24048,0
24049,1
24050,1
24051,1
24052,1
24053,2
24054,1
24055,1
24056,2
24057,1
24058,0
24059,1
24060,1
24061,2
24062,0
24063,1
24064,1
24065,1
24066,1
24067,2
24068,2
24069,1
24070,2
24071,2
24072,1
24073,0
24074,1
24075,1
24076,1
24077,1
24078,1
24079,0
24080,2
24081,1
24082,1
24083,2
24084,2
24085,1
24086,2
24087,1
24088,2
24089,1
24090,1
24091,1
24092,0
24093,1
24094,1
24095,1
24096,2
24097,1
24098,1
24099,1
24100,1
24101,1
24102,1
24103,2
24104,1
24105,2
24106,1
24107,1
24108,0
24109,1
24110,1
24111,1
24112,0
24113,1
24114,2
24115,1
24116,1
24117,2
24118,1
24119,1
24120,2
24121,1
24122,3
24123,2
24124,2
24125,1
24126,1
24127,0
24128,1
24129,2
24130,2
24131,1
24132,2
24133,2
24134,1
24135,1
24136,2
24137,2
24138,1
24139,1
24140,1
24141,1
24142,1
24143,1
24144,1
24145,2
24146,2
24147,1
24148,2
24149,2
24150,1
24151,1
24152,1
24153,2
24154,2
24155,1
24156,2
24157,1
24158,1
24159,1
24160,2
24161,2
24162,1
24163,2
24164,0
24165,2
24166,3
24167,1
24168,1
24169,1
24170,0
24171,2
24172,1
24173,2
24174,2
24175,1
24176,1
24177,2
24178,1
24179,2
24180,1
24181,1
24182,1
24183,2
24184,1
24185,2
24186,1
24187,2
24188,3
24189,1
24190,0
24191,2
24192,2
24193,1
24194,1
24195,2
24196,1
24197,2
24198,1
24199,0
24200,1
24201,0
24202,2
24203,1
24204,0
24205,2
24206,0
24207,1
24208,1
24209,0
24210,1
24211,1
24212,1
24213,2
24214,2
24215,2
24216,2
24217,2
24218,1
24219,2
24220,2
24221,2
24222,2
24223,0
24224,0
24225,1
24226,1
24227,1
24228,1
24229,0
24230,1
24231,1
24232,2
24233,2
24234,0
24235,1
24236,1
24237,0
24238,1
24239,1
24240,1
24241,2
24242,1
24243,2
24244,1
24245,1
24246,1
24247,1
24248,3
24249,1
24250,1
24251,2
24252,0
24253,0
24254,2
24255,1
24256,1
24257,1
24258,1
24259,2
24260,1
24261,1
24262,1
24263,3
24264,1
24265,1
24266,2
24267,2
24268,1
24269,0
24270,1
24271,3
24272,1
24273,1
24274,1
24275,1
24276,0
24277,1
24278,1
24279,2
24280,1
24281,0
24282,0
24283,0
24284,1
24285,1
24286,2
24287,2
24288,2
24289,2
24290,1
24291,1
24292,2
24293,1
24294,1
24295,2
24296,2
24297,1
24298,1
24299,2
24300,1
24301,0
24302,1
24303,1
24304,2
24305,1
24306,1
24307,1
24308,1
24309,2
24310,2
24311,1
24312,1
24313,2
24314,1
24315,1
24316,1
24317,1
24318,1
24319,2
24320,2
24321,1
24322,2
24323,0
24324,1
24325,2
24326,0
24327,2
24328,0
24329,2
24330,0
24331,1
24332,1
24333,3
24334,2
24335,1
24336,1
24337,1
24338,1
24339,1
24340,3
24341,2
24342,1
24343,3
24344,1
24345,2
24346,0
24347,1
24348,1
24349,1
24350,0
24351,0
24352,2
24353,1
24354,0
24355,2
24356,1
24357,3
24358,1
24359,2
24360,1
24361,1
24362,1
24363,1
24364,1
24365,1
24366,1
24367,1
24368,1
24369,2
24370,1
24371,2
24372,1
24373,1
24374,2
24375,1
24376,2
24377,1
24378,2
24379,1
24380,1
24381,3
24382,1
24383,2
24384,2
24385,0
24386,1
24387,1
24388,1
24389,2
24390,1
24391,0
24392,1
24393,0
24394,3
24395,1
24396,3
24397,2
24398,0
24399,1
24400,1
24401,1
24402,1
24403,2
24404,1
24405,1
24406,1
24407,2
24408,1
24409,1
24410,1
24411,2
24412,2
24413,1
24414,2
24415,2
24416,1
24417,3
24418,1
24419,2
24420,0
24421,2
24422,1
24423,2
24424,1
24425,1
24426,1
24427,2
24428,1
24429,1
24430,1
24431,1
24432,1
24433,1
24434,1
24435,1
24436,2
24437,0
24438,1
24439,1
24440,1
24441,2
24442,1
24443,1
24444,1
24445,1
24446,1
24447,2
24448,1
24449,1
24450,0
24451,1
24452,1
24453,1
24454,2
24455,1
24456,1
24457,1
24458,1
24459,3
24460,1
24461,2
24462,1
24463,0
24464,0
24465,1
24466,0
24467,1
24468,2
24469,1
24470,1
24471,0
24472,0
24473,1
24474,1
24475,2
24476,3
24477,2
24478,0
24479,2
24480,0
24481,2
24482,1
24483,0
24484,0
24485,2
24486,2
24487,1
24488,0
24489,1
24490,2
24491,1
24492,1
24493,1
24494,1
24495,2
24496,0
24497,1
24498,2
24499,2
24500,1
24501,2
24502,0
24503,1
24504,1
24505,2
24506,1
24507,1
24508,1
24509,2
24510,1
24511,1
24512,3
24513,1
24514,3
24515,1
24516,2
24517,1
24518,1
24519,1
24520,1
24521,2
24522,2
24523,1
24524,1
24525,1
24526,2
24527,1
24528,2
24529,1
24530,1
24531,1
24532,2
24533,3
24534,0
24535,1
24536,0
24537,1
24538,1
24539,1
24540,2
24541,1
24542,1
24543,1
24544,2
24545,0
24546,1
24547,2
24548,1
24549,2
24550,1
24551,1
24552,2
24553,3
24554,1
24555,2
24556,1
24557,0
24558,1
24559,2
24560,1
24561,1
24562,1
24563,1
24564,2
24565,1
24566,1
24567,1
24568,0
24569,1
24570,1
24571,2
24572,1
24573,1
24574,1
24575,0
24576,1
24577,2
24578,2
24579,1
24580,1
24581,1
24582,0
24583,1
24584,1
24585,1
24586,2
24587,1
24588,0
24589,1
24590,1
24591,1
24592,2
24593,1
24594,2
24595,2
24596,2
24597,3
24598,1
24599,1
24600,1
24601,0
24602,2
24603,0
24604,1
24605,1
24606,0
24607,1
24608,2
24609,0
24610,1
24611,1
24612,0
24613,2
24614,1
24615,1
24616,0
24617,1
24618,2
24619,3
24620,1
24621,1
24622,1
24623,1
24624,1
24625,1
24626,1
24627,2
24628,2
24629,2
24630,1
24631,1
24632,0
24633,1
24634,1
24635,1
24636,0
24637,1
24638,2
24639,2
24640,2
24641,1
24642,1
24643,0
24644,1
24645,0
24646,1
24647,1
24648,1
24649,2
24650,1
24651,1
24652,2
24653,1
24654,1
24655,1
24656,2
24657,2
24658,2
24659,0
24660,1
24661,0
24662,2
24663,1
24664,2
24665,1
24666,0
24667,0
24668,1
24669,0
24670,2
24671,3
24672,2
24673,1
24674,2
24675,0
24676,2
24677,1
24678,1
24679,1
24680,1
24681,1
24682,0
24683,2
24684,1
24685,2
24686,1
24687,2
24688,1
24689,2
24690,1
24691,2
24692,2
24693,2
24694,3
24695,1
24696,2
24697,1
24698,2
24699,1
24700,1
24701,1
24702,1
24703,1
24704,1
24705,1
24706,1
24707,1
24708,3
24709,1
24710,1
24711,1
24712,1
24713,3
24714,0
24715,1
24716,1
24717,0
24718,1
24719,1
24720,0
24721,1
24722,0
24723,1
24724,1
24725,2
24726,2
24727,1
24728,1
24729,2
24730,1
24731,0
24732,1
24733,0
24734,1
24735,3
24736,1
24737,3
24738,2
24739,1
24740,0
24741,0
24742,1
24743,1
24744,1
24745,1
24746,0
24747,1
24748,1
24749,1
24750,3
24751,0
24752,1
24753,1
24754,2
24755,1
24756,3
24757,1
24758,1
24759,1
24760,1
24761,0
24762,2
24763,1
24764,1
24765,3
24766,0
24767,2
24768,2
24769,2
24770,1
24771,1
24772,1
24773,2
24774,1
24775,1
24776,2
24777,1
24778,1
24779,1
24780,2
24781,2
24782,0
24783,1
24784,2
24785,0
24786,2
24787,1
24788,0
24789,2
24790,1
24791,1
24792,3
24793,1
24794,2
24795,2
24796,0
24797,1
24798,1
24799,1
24800,1
24801,1
24802,1
24803,1
24804,0
24805,2
24806,1
24807,1
24808,0
24809,1
24810,2
24811,1
24812,1
24813,1
24814,1
24815,2
24816,1
24817,1
24818,0
24819,1
24820,2
24821,0
24822,1
24823,1
24824,1
24825,1
24826,1
24827,1
24828,1
24829,1
24830,1
24831,0
24832,2
24833,2
24834,3
24835,1
24836,1
24837,1
24838,1
24839,2
24840,2
24841,1
24842,0
24843,1
24844,1
24845,2
24846,1
24847,2
24848,2
24849,1
24850,1
24851,1
24852,0
24853,1
24854,2
24855,1
24856,1
24857,1
24858,1
24859,1
24860,3
24861,2
24862,0
24863,0
24864,2
24865,2
24866,1
24867,1
24868,1
24869,2
24870,1
24871,2
24872,3
24873,1
24874,1
24875,2
24876,1
24877,2
24878,3
24879,1
24880,3
24881,0
24882,0
24883,1
24884,1
24885,0
24886,2
24887,1
24888,3
24889,3
24890,2
24891,1
24892,2
24893,0
24894,1
24895,1
24896,1
24897,2
24898,2
24899,1
24900,1
24901,3
24902,1
24903,2
24904,2
24905,3
24906,2
24907,1
24908,1
24909,1
24910,2
24911,2
24912,2
24913,1
24914,2
24915,1
24916,3
24917,0
24918,1
24919,1
24920,2
24921,0
24922,1
24923,1
24924,3
24925,2
24926,1
24927,2
24928,1
24929,1
24930,1
24931,1
24932,1
24933,0
24934,1
24935,1
24936,2
24937,2
24938,1
24939,2
24940,2
24941,1
24942,2
24943,1
24944,1
24945,2
24946,1
24947,1
24948,2
24949,1
24950,1
24951,1
24952,2
24953,2
24954,1
24955,2
24956,1
24957,2
24958,1
24959,2
24960,2
24961,1
24962,1
24963,1
24964,0
24965,1
24966,2
24967,0
24968,2
24969,1
24970,1
24971,2
24972,3
24973,1
24974,1
24975,1
24976,1
24977,1
24978,1
24979,2
24980,1
24981,1
24982,1
24983,1
24984,1
24985,2
24986,2
24987,2
24988,0
24989,1
24990,1
24991,3
24992,1
24993,1
24994,1
24995,2
24996,0
24997,1
24998,1
24999,1
25000,2
25001,0
25002,1
25003,2
25004,1
25005,2
25006,1
25007,1
25008,3
25009,2
25010,1
25011,1
25012,2
25013,3
25014,1
25015,1
25016,2
25017,1
25018,1
25019,3
25020,1
25021,2
25022,1
25023,1
25024,1
25025,1
25026,0
25027,2
25028,1
25029,1
25030,1
25031,2
25032,0
25033,1
25034,1
25035,2
25036,0
25037,2
25038,0
25039,2
25040,1
25041,1
25042,3
25043,1
25044,1
25045,1
25046,1
25047,3
25048,0
25049,1
25050,1
25051,0
25052,2
25053,2
25054,2
25055,1
25056,0
25057,1
25058,1
25059,0
25060,0
25061,1
25062,2
25063,1
25064,1
25065,0
25066,1
25067,2
25068,0
25069,0
25070,1
25071,1
25072,1
25073,2
25074,1
25075,1
25076,1
25077,2
25078,1
25079,1
25080,1
25081,2
25082,0
25083,2
25084,2
25085,2
25086,2
25087,2
25088,1
25089,1
25090,1
25091,2
25092,1
25093,2
25094,1
25095,1
25096,1
25097,2
25098,0
25099,2
25100,0
25101,2
25102,3
25103,0
25104,2
25105,1
25106,1
25107,1
25108,1
25109,1
25110,2
25111,1
25112,0
25113,1
25114,1
25115,0
25116,1
25117,1
25118,2
25119,1
25120,2
25121,1
25122,2
25123,2
25124,1
25125,2
25126,1
25127,1
25128,2
25129,0
25130,2
25131,0
25132,2
25133,1
25134,1
25135,1
25136,0
25137,2
25138,1
25139,1
25140,0
25141,1
25142,1
25143,1
25144,2
25145,2
25146,1
25147,0
25148,1
25149,0
25150,1
25151,2
25152,2
25153,1
25154,0
25155,1
25156,1
25157,2
25158,2
25159,1
25160,1
25161,1
25162,1
25163,1
25164,1
25165,2
25166,1
25167,2
25168,0
25169,1
25170,1
25171,0
25172,3
25173,2
25174,2
25175,1
25176,1
25177,1
25178,2
25179,1
25180,1
25181,1
25182,1
25183,0
25184,1
25185,1
25186,1
25187,0
25188,1
25189,2
25190,1
25191,1
25192,1
25193,1
25194,1
25195,1
25196,1
25197,2
25198,1
25199,0
25200,1
25201,1
25202,0
25203,2
25204,1
25205,1
25206,2
25207,2
25208,1
25209,1
25210,1
25211,1
25212,2
25213,1
25214,2
25215,1
25216,1
25217,1
25218,2
25219,0
25220,2
25221,2
25222,1
25223,0
25224,0
25225,2
25226,2
25227,2
25228,0
25229,2
25230,1
25231,2
25232,1
25233,1
25234,3
25235,1
25236,1
25237,2
25238,2
25239,1
25240,2
25241,1
25242,1
25243,1
25244,1
25245,2
25246,1
25247,1
25248,1
25249,2
25250,3
25251,2
25252,2
25253,1
25254,1
25255,1
25256,2
25257,3
25258,1
25259,1
25260,2
25261,1
25262,1
25263,1
25264,2
25265,2
25266,1
25267,1
25268,1
25269,2
25270,0
25271,3
25272,0
25273,1
25274,1
25275,1
25276,1
25277,1
25278,1
25279,2
25280,2
25281,1
25282,1
25283,1
25284,1
25285,2
25286,1
25287,1
25288,1
25289,1
25290,2
25291,2
25292,3
25293,1
25294,2
25295,0
25296,1
25297,1
25298,1
25299,0
25300,0
25301,1
25302,2
25303,1
25304,1
25305,1
25306,1
25307,0
25308,1
25309,2
25310,0
25311,2
25312,0
25313,2
25314,1
25315,2
25316,2
25317,1
25318,1
25319,2
25320,1
25321,0
25322,1
25323,0
25324,1
25325,1
25326,0
25327,0
25328,2
25329,3
25330,2
25331,1
25332,2
25333,1
25334,1
25335,1
25336,1
25337,1
25338,0
25339,0
25340,1
25341,1
25342,2
25343,0
25344,2
25345,0
25346,1
25347,3
25348,1
25349,1
25350,3
25351,0
25352,1
25353,0
25354,2
25355,2
25356,1
25357,0
25358,1
25359,1
25360,2
25361,1
25362,0
25363,1
25364,1
25365,2
25366,1
25367,1
25368,2
25369,1
25370,1
25371,2
25372,2
25373,3
25374,1
25375,1
25376,2
25377,0
25378,1
25379,1
25380,1
25381,1
25382,1
25383,1
25384,3
25385,2
25386,2
25387,1
25388,1
25389,1
25390,2
25391,1
25392,0
25393,1
25394,2
25395,1
25396,2
25397,1
25398,1
25399,1
25400,0
25401,1
25402,1
25403,1
25404,1
25405,1
25406,2
25407,1
25408,1
25409,1
25410,1
25411,1
25412,1
25413,1
25414,1
25415,1
25416,2
25417,2
25418,1
25419,1
25420,2
25421,3
25422,3
25423,2
25424,2
25425,0
25426,2
25427,1
25428,2
25429,2
25430,1
25431,0
25432,1
25433,2
25434,1
25435,1
25436,1
25437,1
25438,2
25439,1
25440,2
25441,1
25442,3
25443,1
25444,0
25445,1
25446,1
25447,2
25448,1
25449,2
25450,1
25451,1
25452,1
25453,1
25454,1
25455,2
25456,2
25457,0
25458,2
25459,1
25460,2
25461,2
25462,2
25463,2
25464,2
25465,1
25466,1
25467,1
25468,1
25469,1
25470,1
25471,1
25472,1
25473,1
25474,1
25475,1
25476,1
25477,0
25478,2
25479,2
25480,1
25481,2
25482,1
25483,2
25484,2
25485,3
25486,1
25487,2
25488,2
25489,1
25490,1
25491,1
25492,1
25493,1
25494,2
25495,1
25496,2
25497,1
25498,0
25499,1
25500,2
25501,1
25502,0
25503,1
25504,1
25505,1
25506,2
25507,0
25508,0
25509,2
25510,1
25511,0
25512,1
25513,1
25514,1
25515,1
25516,2
25517,0
25518,1
25519,1
25520,1
25521,0
25522,1
25523,1
25524,0
25525,1
25526,1
25527,1
25528,0
25529,1
25530,2
25531,1
25532,1
25533,1
25534,1
25535,1
25536,0
25537,1
25538,1
25539,1
25540,0
25541,1
25542,0
25543,1
25544,1
25545,2
25546,1
25547,2
25548,1
25549,0
25550,2
25551,1
25552,1
25553,2
25554,1
25555,1
25556,1
25557,1
25558,1
25559,2
25560,2
25561,1
25562,0
25563,1
25564,2
25565,1
25566,0
25567,1
25568,0
25569,1
25570,2
25571,0
25572,0
25573,0
25574,1
25575,0
25576,0
25577,2
25578,1
25579,1
25580,0
25581,1
25582,3
25583,1
25584,1
25585,1
25586,0
25587,1
25588,0
25589,0
25590,2
25591,1
25592,2
25593,1
25594,1
25595,2
25596,1
25597,1
25598,2
25599,1
25600,2
25601,1
25602,1
25603,1
25604,1
25605,2
25606,0
25607,1
25608,2
25609,0
25610,2
25611,2
25612,2
25613,2
25614,1
25615,2
25616,2
25617,0
25618,0
25619,2
25620,3
25621,0
25622,3
25623,1
25624,0
25625,2
25626,1
25627,0
25628,1
25629,1
25630,2
25631,1
25632,1
25633,1
25634,3
25635,2
25636,1
25637,2
25638,2
25639,2
25640,0
25641,0
25642,2
25643,2
25644,2
25645,1
25646,1
25647,2
25648,1
25649,1
25650,1
25651,2
25652,1
25653,1
25654,2
25655,1
25656,1
25657,1
25658,2
25659,1
25660,1
25661,1
25662,0
25663,2
25664,1
25665,0
25666,1
25667,1
25668,1
25669,1
25670,1
25671,2
25672,2
25673,0
25674,1
25675,0
25676,1
25677,2
25678,0
25679,2
25680,1
25681,1
25682,1
25683,1
25684,2
25685,1
25686,0
25687,1
25688,2
25689,0
25690,2
25691,1
25692,1
25693,0
25694,0
25695,1
25696,2
25697,1
25698,3
25699,1
25700,2
25701,0
25702,1
25703,3
25704,1
25705,0
25706,1
25707,1
25708,1
25709,2
25710,1
25711,1
25712,1
25713,0
25714,1
25715,1
25716,0
25717,2
25718,3
25719,2
25720,1
25721,2
25722,2
25723,2
25724,0
25725,1
25726,1
25727,1
25728,1
25729,0
25730,0
25731,1
25732,1
25733,2
25734,1
25735,2
25736,3
25737,2
25738,1
25739,1
25740,2
25741,1
25742,1
25743,1
25744,1
25745,1
25746,2
25747,1
25748,2
25749,1
25750,1
25751,1
25752,1
25753,2
25754,2
25755,1
25756,1
25757,1
25758,1
25759,1
25760,2
25761,1
25762,1
25763,0
25764,1
25765,1
25766,1
25767,1
25768,1
25769,2
25770,1
25771,1
25772,0
25773,2
25774,2
25775,1
25776,3
25777,1
25778,1
25779,1
25780,1
25781,0
25782,1
25783,0
25784,1
25785,1
25786,3
25787,1
25788,3
25789,2
25790,1
25791,1
25792,2
25793,1
25794,3
25795,2
25796,1
25797,1
25798,0
25799,2
25800,1
25801,2
25802,0
25803,2
25804,2
25805,1
25806,3
25807,1
25808,1
25809,1
25810,2
25811,2
25812,3
25813,1
25814,1
25815,2
25816,2
25817,0
25818,1
25819,1
25820,2
25821,1
25822,2
25823,2
25824,2
25825,0
25826,2
25827,1
25828,2
25829,1
25830,1
25831,0
25832,1
25833,1
25834,1
25835,2
25836,1
25837,2
25838,1
25839,1
25840,1
25841,1
25842,0
25843,1
25844,1
25845,0
25846,2
25847,1
25848,1
25849,1
25850,1
25851,1
25852,1
25853,1
25854,1
25855,1
25856,0
25857,0
25858,1
25859,1
25860,1
25861,2
25862,1
25863,3
25864,0
25865,1
25866,2
25867,1
25868,1
25869,1
25870,0
25871,1
25872,1
25873,1
25874,0
25875,3
25876,1
25877,1
25878,1
25879,2
25880,1
25881,1
25882,2
25883,1
25884,3
25885,3
25886,1
25887,1
25888,1
25889,0
25890,1
25891,1
25892,3
25893,3
25894,2
25895,1
25896,1
25897,0
25898,2
25899,1
25900,2
25901,1
25902,1
25903,2
25904,2
25905,0
25906,1
25907,0
25908,0
25909,1
25910,2
25911,2
25912,1
25913,2
25914,1
25915,2
25916,1
25917,1
25918,1
25919,1
25920,1
25921,1
25922,0
25923,1
25924,2
25925,1
25926,1
25927,2
25928,1
25929,2
25930,2
25931,1
25932,2
25933,1
25934,1
25935,3
25936,2
25937,1
25938,1
25939,0
25940,2
25941,2
25942,0
25943,1
25944,2
25945,2
25946,1
25947,1
25948,1
25949,2
25950,1
25951,1
25952,1
25953,2
25954,1
25955,1
25956,1
25957,1
25958,0
25959,1
25960,1
25961,1
25962,1
25963,1
25964,1
25965,1
25966,2
25967,1
25968,1
25969,1
25970,1
25971,1
25972,2
25973,1
25974,1
25975,2
25976,1
25977,0
25978,1
25979,2
25980,1
25981,0
25982,1
25983,1
25984,1
25985,1
25986,1
25987,1
25988,0
25989,0
25990,2
25991,1
25992,0
25993,2
25994,1
25995,3
25996,1
25997,1
25998,1
25999,1
26000,1
26001,1
26002,1
26003,2
26004,1
26005,1
26006,1
26007,2
26008,1
26009,0
26010,1
26011,2
26012,2
26013,1
26014,2
26015,1
26016,1
26017,0
26018,3
26019,2
26020,1
26021,2
26022,1
26023,1
26024,1
26025,2
26026,2
26027,1
26028,1
26029,1
26030,0
26031,2
26032,0
26033,1
26034,0
26035,1
26036,2
26037,2
26038,1
26039,1
26040,0
26041,1
26042,1
26043,0
26044,1
26045,1
26046,0
26047,1
26048,1
26049,1
26050,0
26051,0
26052,0
26053,1
26054,1
26055,1
26056,1
26057,0
26058,1
26059,1
26060,1
26061,1
26062,1
26063,3
26064,0
26065,0
26066,2
26067,1
26068,1
26069,2
26070,0
26071,0
26072,2
26073,1
26074,1
26075,2
26076,2
26077,0
26078,1
26079,1
26080,2
26081,1
26082,2
26083,1
26084,2
26085,0
26086,1
26087,2
26088,0
26089,1
26090,1
26091,1
26092,0
26093,1
26094,2
26095,1
26096,2
26097,1
26098,0
26099,1
26100,2
26101,2
26102,3
26103,1
26104,2
26105,1
26106,1
26107,1
26108,1
26109,1
26110,1
26111,1
26112,2
26113,3
26114,1
26115,2
26116,1
26117,0
26118,0
26119,2
26120,1
26121,0
26122,0
26123,1
26124,2
26125,0
26126,1
26127,1
26128,0
26129,1
26130,1
26131,1
26132,3
26133,2
26134,3
26135,1
26136,3
26137,1
26138,3
26139,1
26140,1
26141,2
26142,1
26143,1
26144,2
26145,1
26146,1
26147,1
26148,2
26149,1
26150,1
26151,1
26152,1
26153,1
26154,0
26155,2
26156,2
26157,2
26158,0
26159,1
26160,1
26161,1
26162,2
26163,1
26164,2
26165,1
26166,0
26167,2
26168,1
26169,1
26170,1
26171,0
26172,1
26173,1
26174,1
26175,3
26176,2
26177,2
26178,1
26179,1
26180,1
26181,1
26182,1
26183,1
26184,1
26185,1
26186,1
26187,1
26188,1
26189,2
26190,0
26191,0
26192,1
26193,0
26194,1
26195,1
26196,2
26197,1
26198,2
26199,2
26200,1
26201,1
26202,2
26203,2
26204,0
26205,2
26206,1
26207,1
26208,1
26209,0
26210,1
26211,1
26212,1
26213,0
26214,1
26215,1
26216,2
26217,2
26218,2
26219,1
26220,1
26221,2
26222,2
26223,2
26224,1
26225,1
26226,1
26227,1
26228,1
26229,2
26230,2
26231,1
26232,1
26233,1
26234,1
26235,1
26236,1
26237,2
26238,0
26239,1
26240,1
26241,1
26242,0
26243,1
26244,1
26245,1
26246,2
26247,1
26248,1
26249,2
26250,1
26251,2
26252,2
26253,2
26254,0
26255,1
26256,2
26257,1
26258,1
26259,0
26260,3
26261,1
26262,1
26263,3
26264,2
26265,2
26266,1
26267,1
26268,2
26269,1
26270,0
26271,1
26272,3
26273,2
26274,1
26275,1
26276,1
26277,1
26278,2
26279,1
26280,1
26281,1
26282,1
26283,1
26284,1
26285,1
26286,2
26287,0
26288,1
26289,0
26290,1
26291,0
26292,2
26293,1
26294,1
26295,2
26296,1
26297,3
26298,1
26299,1
26300,3
26301,2
26302,3
26303,1
26304,0
26305,1
26306,1
26307,2
26308,2
26309,1
26310,1
26311,1
26312,1
26313,3
26314,2
26315,1
26316,0
26317,0
26318,1
26319,1
26320,1
26321,1
26322,1
26323,1
26324,1
26325,2
26326,1
26327,1
26328,1
26329,1
26330,1
26331,0
26332,1
26333,1
26334,1
26335,1
26336,1
26337,2
26338,1
26339,0
26340,1
26341,2
26342,1
26343,3
26344,1
26345,1
26346,2
26347,1
26348,1
26349,1
26350,1
26351,3
26352,2
26353,1
26354,1
26355,1
26356,1
26357,1
26358,1
26359,1
26360,0
26361,1
26362,0
26363,1
26364,1
26365,2
26366,1
26367,1
26368,1
26369,0
26370,2
26371,1
26372,2
26373,1
26374,1
26375,0
26376,2
26377,2
26378,0
26379,1
26380,2
26381,1
26382,1
26383,1
26384,1
26385,0
26386,1
26387,1
26388,2
26389,0
26390,1
26391,1
26392,1
26393,2
26394,1
26395,0
26396,2
26397,1
26398,1
26399,0
26400,0
26401,0
26402,0
26403,1
26404,2
26405,1
26406,1
26407,1
26408,2
26409,0
26410,1
26411,0
26412,2
26413,1
26414,1
26415,1
26416,1
26417,2
26418,1
26419,1
26420,2
26421,3
26422,1
26423,2
26424,2
26425,2
26426,2
26427,2
26428,1
26429,1
26430,1
26431,3
26432,1
26433,1
26434,1
26435,2
26436,1
26437,3
26438,0
26439,3
26440,2
26441,1
26442,2
26443,1
26444,1
26445,2
26446,2
26447,2
26448,2
26449,2
26450,2
26451,1
26452,1
26453,1
26454,1
26455,1
26456,0
26457,1
26458,2
26459,1
26460,3
26461,1
26462,1
26463,2
26464,2
26465,0
26466,1
26467,2
26468,1
26469,2
26470,1
26471,2
26472,0
26473,2
26474,1
26475,1
26476,1
26477,1
26478,1
26479,2
26480,0
26481,2
26482,1
26483,1
26484,1
26485,1
26486,1
26487,2
26488,2
26489,1
26490,1
26491,1
26492,1
26493,1
26494,0
26495,2
26496,1
26497,1
26498,1
26499,1
26500,0
26501,1
26502,0
26503,1
26504,2
26505,0
26506,0
26507,0
26508,1
26509,1
26510,2
26511,1
26512,1
26513,2
26514,2
26515,1
26516,1
26517,0
26518,0
26519,1
26520,1
26521,1
26522,1
26523,2
26524,1
26525,1
26526,1
26527,2
26528,2
26529,0
26530,1
26531,0
26532,0
26533,1
26534,1
26535,1
26536,1
26537,2
26538,1
26539,1
26540,1
26541,0
26542,1
26543,0
26544,1
26545,2
26546,2
26547,1
26548,2
26549,2
26550,0
26551,1
26552,0
26553,1
26554,1
26555,2
26556,3
26557,1
26558,1
26559,1
26560,1
26561,1
26562,0
26563,1
26564,1
26565,3
26566,1
26567,0
26568,1
26569,2
26570,1
26571,1
26572,2
26573,3
26574,2
26575,2
26576,1
26577,1
26578,1
26579,2
26580,3
26581,1
26582,0
26583,1
26584,2
26585,2
26586,1
26587,1
26588,1
26589,1
26590,1
26591,2
26592,3
26593,0
26594,2
26595,1
26596,0
26597,0
26598,1
26599,2
26600,2
26601,0
26602,1
26603,1
26604,0
26605,1
26606,0
26607,0
26608,1
26609,1
26610,1
26611,1
26612,1
26613,1
26614,1
26615,1
26616,1
26617,1
26618,1
26619,2
26620,1
26621,1
26622,1
26623,2
26624,0
26625,1
26626,1
26627,1
26628,0
26629,2
26630,3
26631,2
26632,1
26633,1
26634,2
26635,1
26636,1
26637,1
26638,1
26639,1
26640,1
26641,1
26642,1
26643,1
26644,1
26645,0
26646,2
26647,3
26648,2
26649,1
26650,1
26651,1
26652,2
26653,1
26654,1
26655,0
26656,1
26657,1
26658,2
26659,0
26660,2
26661,1
26662,1
26663,1
26664,1
26665,1
26666,0
26667,1
26668,1
26669,1
26670,1
26671,2
26672,1
26673,2
26674,1
26675,1
26676,1
26677,2
26678,1
26679,1
26680,2
26681,1
26682,1
26683,1
26684,2
26685,1
26686,0
26687,1
26688,2
26689,1
26690,2
26691,0
26692,1
26693,2
26694,2
26695,1
26696,2
26697,1
26698,1
26699,3
26700,0
26701,1
26702,0
26703,1
26704,2
26705,0
26706,1
26707,2
26708,1
26709,1
26710,2
26711,1
26712,1
26713,1
26714,0
26715,1
26716,1
26717,1
26718,1
26719,1
26720,0
26721,2
26722,1
26723,2
26724,1
26725,1
26726,2
26727,1
26728,2
26729,3
26730,1
26731,1
26732,1
26733,0
26734,0
26735,1
26736,1
26737,1
26738,0
26739,0
26740,1
26741,1
26742,2
26743,2
26744,0
26745,1
26746,2
26747,1
26748,1
26749,1
26750,1
26751,1
26752,3
26753,1
26754,2
26755,2
26756,2
26757,2
26758,1
26759,0
26760,2
26761,1
26762,1
26763,2
26764,1
26765,3
26766,1
26767,1
26768,2
26769,1
26770,2
26771,0
26772,1
26773,1
26774,2
26775,1
26776,2
26777,1
26778,1
26779,1
26780,2
26781,2
26782,1
26783,0
26784,1
26785,2
26786,2
26787,0
26788,2
26789,1
26790,0
26791,2
26792,1
26793,1
26794,1
26795,2
26796,1
26797,0
26798,2
26799,1
26800,0
26801,1
26802,3
26803,1
26804,3
26805,1
26806,2
26807,0
26808,2
26809,2
26810,1
26811,2
26812,1
26813,2
26814,0
26815,1
26816,1
26817,0
26818,1
26819,1
26820,1
26821,1
26822,3
26823,1
26824,1
26825,2
26826,1
26827,2
26828,2
26829,1
26830,1
26831,1
26832,3
26833,3
26834,1
26835,1
26836,1
26837,2
26838,1
26839,2
26840,1
26841,1
26842,1
26843,1
26844,1
26845,2
26846,0
26847,1
26848,2
26849,1
26850,1
26851,1
26852,1
26853,1
26854,1
26855,2
26856,2
26857,1
26858,2
26859,1
26860,1
26861,1
26862,1
26863,0
26864,1
26865,3
26866,1
26867,2
26868,0
26869,1
26870,1
26871,1
26872,1
26873,1
26874,1
26875,2
26876,1
26877,1
26878,1
26879,1
26880,2
26881,1
26882,2
26883,2
26884,2
26885,2
26886,0
26887,0
26888,0
26889,2
26890,1
26891,1
26892,1
26893,1
26894,1
26895,0
26896,1
26897,1
26898,1
26899,1
26900,0
26901,0
26902,1
26903,1
26904,1
26905,1
26906,0
26907,1
26908,2
26909,1
26910,2
26911,1
26912,1
26913,1
26914,2
26915,1
26916,1
26917,1
26918,1
26919,1
26920,2
26921,0
26922,1
26923,1
26924,1
26925,1
26926,2
26927,1
26928,0
26929,2
26930,2
26931,2
26932,1
26933,1
26934,1
26935,0
26936,2
26937,1
26938,1
26939,1
26940,1
26941,1
26942,1
26943,0
26944,0
26945,1
26946,1
26947,1
26948,0
26949,1
26950,1
26951,2
26952,1
26953,2
26954,0
26955,3
26956,1
26957,2
26958,1
26959,0
26960,1
26961,0
26962,3
26963,1
26964,0
26965,2
26966,1
26967,1
26968,1
26969,1
26970,0
26971,1
26972,1
26973,0
26974,1
26975,1
26976,1
26977,0
26978,2
26979,3
26980,0
26981,1
26982,2
26983,0
26984,1
26985,2
26986,1
26987,1
26988,0
26989,1
26990,0
26991,1
26992,0
26993,0
26994,1
26995,2
26996,2
26997,1
26998,1
26999,1
27000,1
27001,2
27002,2
27003,0
27004,0
27005,1
27006,1
27007,2
27008,0
27009,2
27010,1
27011,1
27012,1
27013,1
27014,1
27015,2
27016,3
27017,2
27018,2
27019,1
27020,2
27021,1
27022,1
27023,1
27024,1
27025,0
27026,1
27027,1
27028,1
27029,1
27030,1
27031,1
27032,1
27033,1
27034,1
27035,2
27036,2
27037,1
27038,0
27039,1
27040,2
27041,1
27042,1
27043,1
27044,2
27045,0
27046,0
27047,1
27048,1
27049,1
27050,0
27051,3
27052,2
27053,1
27054,1
27055,1
27056,1
27057,2
27058,1
27059,1
27060,3
27061,3
27062,1
27063,0
27064,1
27065,1
27066,1
27067,1
27068,1
27069,2
27070,0
27071,0
27072,2
27073,2
27074,1
27075,1
27076,1
27077,1
27078,1
27079,1
27080,1
27081,0
27082,1
27083,1
27084,1
27085,2
27086,1
27087,0
27088,0
27089,2
27090,0
27091,1
27092,0
27093,2
27094,2
27095,2
27096,0
27097,1
27098,1
27099,1
27100,1
27101,3
27102,2
27103,2
27104,1
27105,0
27106,2
27107,1
27108,1
27109,2
27110,0
27111,2
27112,1
27113,1
27114,0
27115,1
27116,1
27117,1
27118,0
27119,2
27120,1
27121,0
27122,2
27123,0
27124,2
27125,1
27126,0
27127,2
27128,1
27129,0
27130,1
27131,0
27132,2
27133,2
27134,2
27135,1
27136,1
27137,1
27138,1
27139,1
27140,1
27141,1
27142,1
27143,2
27144,1
27145,2
27146,1
27147,2
27148,2
27149,1
27150,3
27151,1
27152,1
27153,2
27154,2
27155,1
27156,0
27157,2
27158,2
27159,1
27160,0
27161,1
27162,1
27163,0
27164,1
27165,2
27166,2
27167,2
27168,1
27169,2
27170,0
27171,2
27172,1
27173,1
27174,2
27175,1
27176,1
27177,1
27178,0
27179,0
27180,2
27181,1
27182,0
27183,1
27184,1
27185,2
27186,0
27187,0
27188,1
27189,1
27190,1
27191,1
27192,1
27193,1
27194,1
27195,1
27196,1
27197,1
27198,1
27199,0
27200,1
27201,1
27202,1
27203,2
27204,1
27205,2
27206,0
27207,0
27208,1
27209,1
27210,0
27211,2
27212,0
27213,2
27214,2
27215,2
27216,1
27217,1
27218,0
27219,1
27220,1
27221,2
27222,0
27223,2
27224,1
27225,0
27226,1
27227,1
27228,1
27229,0
27230,2
27231,1
27232,1
27233,1
27234,1
27235,1
27236,1
27237,1
27238,0
27239,1
27240,1
27241,1
27242,1
27243,1
27244,0
27245,1
27246,1
27247,0
27248,1
27249,2
27250,1
27251,1
27252,2
27253,1
27254,2
27255,1
27256,1
27257,1
27258,0
27259,0
27260,2
27261,1
27262,1
27263,1
27264,1
27265,1
27266,1
27267,1
27268,2
27269,1
27270,2
27271,2
27272,1
27273,2
27274,2
27275,1
27276,2
27277,2
27278,1
27279,3
27280,1
27281,1
27282,1
27283,1
27284,0
27285,1
27286,0
27287,0
27288,1
27289,2
27290,1
27291,1
27292,1
27293,0
27294,1
27295,1
27296,1
27297,3
27298,2
27299,1
27300,1
27301,2
27302,2
27303,1
27304,2
27305,2
27306,1
27307,1
27308,2
27309,1
27310,1
27311,2
27312,1
27313,1
27314,0
27315,1
27316,0
27317,1
27318,1
27319,1
27320,2
27321,1
27322,1
27323,2
27324,0
27325,0
27326,3
27327,2
27328,0
27329,1
27330,0
27331,1
27332,1
27333,1
27334,1
27335,1
27336,1
27337,0
27338,2
27339,1
27340,0
27341,2
27342,2
27343,1
27344,1
27345,1
27346,3
27347,1
27348,1
27349,1
27350,1
27351,1
27352,1
27353,1
27354,1
27355,0
27356,0
27357,1
27358,1
27359,2
27360,1
27361,1
27362,1
27363,1
27364,1
27365,2
27366,3
27367,1
27368,2
27369,2
27370,0
27371,2
27372,1
27373,1
27374,0
27375,2
27376,1
27377,0
27378,2
27379,1
27380,1
27381,2
27382,1
27383,0
27384,1
27385,1
27386,1
27387,2
27388,0
27389,2
27390,1
27391,1
27392,2
27393,1
27394,2
27395,1
27396,1
27397,2
27398,0
27399,1
27400,0
27401,2
27402,0
27403,1
27404,0
27405,1
27406,1
27407,1
27408,1
27409,2
27410,2
27411,1
27412,3
27413,1
27414,1
27415,1
27416,1
27417,1
27418,2
27419,3
27420,1
27421,1
27422,1
27423,2
27424,2
27425,1
27426,1
27427,2
27428,2
27429,1
27430,1
27431,1
27432,1
27433,1
27434,0
27435,2
27436,1
27437,1
27438,3
27439,2
27440,1
27441,1
27442,1
27443,2
27444,2
27445,2
27446,0
27447,1
27448,2
27449,1
27450,1
27451,1
27452,2
27453,0
27454,2
27455,2
27456,0
27457,1
27458,2
27459,1
27460,2
27461,2
27462,2
27463,1
27464,2
27465,2
27466,2
27467,2
27468,1
27469,1
27470,2
27471,2
27472,1
27473,1
27474,1
27475,1
27476,1
27477,1
27478,2
27479,1
27480,0
27481,1
27482,1
27483,1
27484,2
27485,1
27486,0
27487,1
27488,1
27489,3
27490,1
27491,2
27492,2
27493,1
27494,1
27495,1
27496,1
27497,1
27498,1
27499,2
27500,0
27501,1
27502,2
27503,1
27504,3
27505,1
27506,2
27507,2
27508,2
27509,0
27510,1
27511,1
27512,2
27513,1
27514,0
27515,3
27516,2
27517,3
27518,1
27519,2
27520,2
27521,2
27522,2
27523,2
27524,0
27525,0
27526,1
27527,0
27528,1
27529,1
27530,1
27531,1
27532,2
27533,1
27534,2
27535,1
27536,1
27537,1
27538,1
27539,1
27540,2
27541,3
27542,2
27543,1
27544,1
27545,0
27546,2
27547,1
27548,1
27549,0
27550,2
27551,1
27552,1
27553,3
27554,1
27555,3
27556,1
27557,1
27558,1
27559,2
27560,0
27561,2
27562,0
27563,2
27564,2
27565,1
27566,3
27567,2
27568,3
27569,1
27570,0
27571,0
27572,2
27573,0
27574,1
27575,1
27576,1
27577,0
27578,0
27579,1
27580,1
27581,1
27582,2
27583,1
27584,1
27585,0
27586,2
27587,2
27588,2
27589,2
27590,0
27591,3
27592,1
27593,2
27594,0
27595,2
27596,1
27597,2
27598,2
27599,2
27600,1
27601,2
27602,1
27603,1
27604,3
27605,0
27606,2
27607,3
27608,1
27609,1
27610,1
27611,1
27612,1
27613,1
27614,1
27615,2
27616,1
27617,2
27618,2
27619,1
27620,2
27621,2
27622,2
27623,2
27624,1
27625,1
27626,2
27627,0
27628,1
27629,1
27630,1
27631,1
27632,2
27633,1
27634,1
27635,2
27636,1
27637,1
27638,2
27639,1
27640,1
27641,2
27642,0
27643,1
27644,1
27645,0
27646,0
27647,2
27648,1
27649,1
27650,3
27651,2
27652,1
27653,1
27654,0
27655,1
27656,1
27657,1
27658,1
27659,1
27660,1
27661,1
27662,3
27663,1
27664,1
27665,1
27666,1
27667,0
27668,1
27669,2
27670,1
27671,2
27672,2
27673,2
27674,0
27675,2
27676,1
27677,2
27678,1
27679,1
27680,1
27681,0
27682,0
27683,2
27684,2
27685,1
27686,1
27687,1
27688,2
27689,2
27690,0
27691,1
27692,2
27693,1
27694,1
27695,1
27696,0
27697,1
27698,0
27699,2
27700,2
27701,1
27702,0
27703,0
27704,2
27705,1
27706,1
27707,1
27708,0
27709,0
27710,1
27711,1
27712,1
27713,0
27714,2
27715,1
27716,3
27717,1
27718,1
27719,1
27720,1
27721,2
27722,1
27723,2
27724,1
27725,2
27726,1
27727,0
27728,1
27729,1
27730,3
27731,1
27732,1
27733,1
27734,1
27735,3
27736,2
27737,1
27738,1
27739,1
27740,2
27741,2
27742,1
27743,1
27744,1
27745,1
27746,1
27747,1
27748,1
27749,2
27750,2
27751,1
27752,1
27753,1
27754,0
27755,2
27756,0
27757,0
27758,1
27759,2
27760,1
27761,3
27762,1
27763,2
27764,0
27765,1
27766,2
27767,1
27768,0
27769,3
27770,1
27771,1
27772,0
27773,1
27774,1
27775,1
27776,3
27777,1
27778,1
27779,2
27780,0
27781,1
27782,2
27783,2
27784,0
27785,0
27786,3
27787,1
27788,2
27789,1
27790,2
27791,0
27792,2
27793,0
27794,2
27795,0
27796,1
27797,1
27798,1
27799,2
27800,0
27801,1
27802,1
27803,0
27804,1
27805,1
27806,1
27807,1
27808,1
27809,1
27810,3
27811,1
27812,1
27813,2
27814,0
27815,2
27816,0
27817,1
27818,1
27819,1
27820,1
27821,1
27822,1
27823,0
27824,2
27825,1
27826,1
27827,0
27828,1
27829,1
27830,0
27831,1
27832,1
27833,1
27834,2
27835,0
27836,2
27837,0
27838,1
27839,0
27840,1
27841,2
27842,0
27843,2
27844,1
27845,0
27846,0
27847,1
27848,2
27849,3
27850,1
27851,2
27852,1
27853,3
27854,1
27855,1
27856,1
27857,1
27858,1
27859,1
27860,0
27861,1
27862,1
27863,1
27864,1
27865,0
27866,2
27867,2
27868,2
27869,1
27870,0
27871,3
27872,3
27873,1
27874,1
27875,2
27876,2
27877,1
27878,3
27879,1
27880,1
27881,1
27882,1
27883,0
27884,1
27885,2
27886,1
27887,2
27888,0
27889,2
27890,1
27891,1
27892,1
27893,1
27894,2
27895,0
27896,1
27897,1
27898,0
27899,1
27900,0
27901,2
27902,3
27903,2
27904,0
27905,1
27906,2
27907,2
27908,1
27909,1
27910,1
27911,1
27912,1
27913,1
27914,2
27915,1
27916,0
27917,1
27918,1
27919,0
27920,1
27921,1
27922,1
27923,2
27924,2
27925,2
27926,1
27927,1
27928,1
27929,1
27930,0
27931,1
27932,1
27933,1
27934,0
27935,1
27936,1
27937,1
27938,1
27939,2
27940,1
27941,0
27942,0
27943,1
27944,1
27945,2
27946,2
27947,0
27948,2
27949,1
27950,1
27951,1
27952,2
27953,2
27954,1
27955,1
27956,1
27957,2
27958,0
27959,1
27960,1
27961,2
27962,1
27963,1
27964,1
27965,2
27966,0
27967,1
27968,1
27969,1
27970,3
27971,1
27972,1
27973,1
27974,3
27975,1
27976,1
27977,1
27978,1
27979,1
27980,2
27981,2
27982,0
27983,1
27984,2
27985,1
27986,0
27987,1
27988,1
27989,2
27990,2
27991,1
27992,1
27993,1
27994,1
27995,0
27996,1
27997,3
27998,1
27999,2
28000,1
28001,2
28002,1
28003,1
28004,1
28005,0
28006,2
28007,1
28008,1
28009,1
28010,2
28011,3
28012,1
28013,3
28014,1
28015,1
28016,1
28017,1
28018,2
28019,3
28020,1
28021,1
28022,2
28023,2
28024,0
28025,1
28026,2
28027,1
28028,1
28029,0
28030,0
28031,2
28032,1
28033,3
28034,0
28035,2
28036,1
28037,1
28038,0
28039,1
28040,2
28041,1
28042,1
28043,2
28044,2
28045,3
28046,0
28047,2
28048,1
28049,0
28050,1
28051,1
28052,1
28053,2
28054,1
28055,1
28056,0
28057,2
28058,1
28059,3
28060,1
28061,1
28062,2
28063,1
28064,2
28065,2
28066,3
28067,3
28068,1
28069,1
28070,1
28071,1
28072,2
28073,1
28074,1
28075,1
28076,1
28077,1
28078,1
28079,2
28080,1
28081,1
28082,1
28083,1
28084,2
28085,1
28086,0
28087,1
28088,3
28089,0
28090,0
28091,1
28092,1
28093,1
28094,2
28095,1
28096,1
28097,2
28098,1
28099,0
28100,0
28101,2
28102,1
28103,1
28104,1
28105,1
28106,1
28107,1
28108,1
28109,1
28110,1
28111,1
28112,1
28113,1
28114,1
28115,1
28116,2
28117,2
28118,0
28119,1
28120,2
28121,1
28122,1
28123,2
28124,1
28125,2
28126,3
28127,1
28128,1
28129,1
28130,1
28131,2
28132,1
28133,1
28134,1
28135,2
28136,1
28137,0
28138,1
28139,1
28140,2
28141,0
28142,0
28143,0
28144,1
28145,1
28146,1
28147,0
28148,1
28149,1
28150,3
28151,2
28152,2
28153,2
28154,1
28155,2
28156,1
28157,1
28158,1
28159,0
28160,2
28161,1
28162,0
28163,1
28164,2
28165,1
28166,1
28167,2
28168,1
28169,1
28170,1
28171,1
28172,1
28173,1
28174,1
28175,0
28176,2
28177,1
28178,2
28179,2
28180,1
28181,1
28182,1
28183,1
28184,0
28185,1
28186,1
28187,2
28188,1
28189,1
28190,1
28191,3
28192,1
28193,2
28194,0
28195,2
28196,3
28197,1
28198,1
28199,2
28200,1
28201,0
28202,0
28203,2
28204,3
28205,1
28206,1
28207,2
28208,1
28209,2
28210,1
28211,1
28212,1
28213,1
28214,1
28215,1
28216,2
28217,0
28218,1
28219,1
28220,0
28221,1
28222,1
28223,0
28224,1
28225,1
28226,1
28227,2
28228,1
28229,0
28230,1
28231,1
28232,0
28233,2
28234,1
28235,2
28236,1
28237,1
28238,0
28239,0
28240,2
28241,1
28242,1
28243,1
28244,1
28245,3
28246,2
28247,2
28248,1
28249,1
28250,3
28251,0
28252,1
28253,2
28254,2
28255,2
28256,1
28257,1
28258,1
28259,1
28260,1
28261,1
28262,1
28263,1
28264,2
28265,2
28266,3
28267,1
28268,1
28269,1
28270,1
28271,1
28272,1
28273,1
28274,0
28275,1
28276,1
28277,1
28278,1
28279,1
28280,1
28281,1
28282,1
28283,2
28284,1
28285,1
28286,0
28287,2
28288,1
28289,1
28290,0
28291,1
28292,1
28293,0
28294,1
28295,2
28296,3
28297,1
28298,2
28299,1
28300,0
28301,0
28302,1
28303,2
28304,2
28305,1
28306,1
28307,3
28308,2
28309,0
28310,1
28311,1
28312,1
28313,2
28314,1
28315,1
28316,1
28317,1
28318,2
28319,1
28320,1
28321,2
28322,1
28323,0
28324,2
28325,2
28326,3
28327,0
28328,1
28329,2
28330,0
28331,2
28332,1
28333,2
28334,2
28335,1
28336,1
28337,2
28338,2
28339,1
28340,2
28341,0
28342,2
28343,1
28344,2
28345,1
28346,1
28347,1
28348,1
28349,1
28350,2
28351,1
28352,0
28353,0
28354,2
28355,1
28356,0
28357,1
28358,1
28359,2
28360,2
28361,2
28362,1
28363,1
28364,1
28365,3
28366,1
28367,0
28368,0
28369,2
28370,0
28371,1
28372,1
28373,2
28374,0
28375,1
28376,1
28377,1
28378,1
28379,1
28380,2
28381,1
28382,2
28383,0
28384,2
28385,1
28386,2
28387,2
28388,1
28389,1
28390,1
28391,1
28392,3
28393,1
28394,1
28395,1
28396,2
28397,1
28398,2
28399,2
28400,0
28401,3
28402,2
28403,1
28404,2
28405,2
28406,1
28407,1
28408,2
28409,0
28410,2
28411,2
28412,1
28413,1
28414,2
28415,1
28416,1
28417,2
28418,2
28419,1
28420,1
28421,0
28422,1
28423,0
28424,2
28425,0
28426,1
28427,2
28428,1
28429,2
28430,2
28431,1
28432,1
28433,2
28434,2
28435,0
28436,3
28437,1
28438,1
28439,3
28440,1
28441,0
28442,3
28443,1
28444,1
28445,3
28446,1
28447,1
28448,1
28449,2
28450,1
28451,1
28452,1
28453,1
28454,1
28455,1
28456,0
28457,1
28458,1
28459,2
28460,0
28461,0
28462,1
28463,2
28464,1
28465,1
28466,1
28467,1
28468,1
28469,1
28470,1
28471,1
28472,2
28473,1
28474,1
28475,1
28476,2
28477,1
28478,1
28479,3
28480,0
28481,1
28482,2
28483,2
28484,1
28485,1
28486,1
28487,1
28488,1
28489,1
28490,1
28491,2
28492,3
28493,1
28494,1
28495,2
28496,1
28497,0
28498,1
28499,1
28500,2
28501,1
28502,1
28503,3
28504,3
28505,1
28506,1
28507,1
28508,0
28509,1
28510,3
28511,3
28512,1
28513,1
28514,1
28515,0
28516,1
28517,1
28518,0
28519,1
28520,1
28521,1
28522,1
28523,2
28524,2
28525,2
28526,2
28527,1
28528,1
28529,1
28530,0
28531,1
28532,1
28533,1
28534,2
28535,1
28536,1
28537,3
28538,1
28539,1
28540,2
28541,1
28542,1
28543,1
28544,2
28545,0
28546,0
28547,1
28548,0
28549,1
28550,1
28551,2
28552,2
28553,2
28554,1
28555,2
28556,1
28557,1
28558,2
28559,3
28560,2
28561,1
28562,1
28563,2
28564,1
28565,2
28566,2
28567,2
28568,1
28569,2
28570,3
28571,2
28572,2
28573,2
28574,1
28575,1
28576,1
28577,1
28578,1
28579,1
28580,2
28581,1
28582,1
28583,2
28584,1
28585,1
28586,2
28587,1
28588,1
28589,1
28590,1
28591,1
28592,2
28593,3
28594,1
28595,1
28596,2
28597,1
28598,2
28599,0
28600,1
28601,1
28602,2
28603,2
28604,2
28605,2
28606,2
28607,1
28608,1
28609,0
28610,1
28611,1
28612,2
28613,1
28614,1
28615,1
28616,1
28617,0
28618,2
28619,1
28620,1
28621,1
28622,0
28623,1
28624,2
28625,1
28626,1
28627,1
28628,1
28629,1
28630,1
28631,1
28632,2
28633,2
28634,0
28635,2
28636,1
28637,1
28638,1
28639,1
28640,1
28641,1
28642,2
28643,1
28644,2
28645,2
28646,1
28647,1
28648,1
28649,1
28650,3
28651,1
28652,0
28653,1
28654,0
28655,1
28656,1
28657,1
28658,1
28659,0
28660,1
28661,0
28662,2
28663,2
28664,2
28665,1
28666,1
28667,2
28668,1
28669,1
28670,1
28671,0
28672,1
28673,1
28674,0
28675,0
28676,0
28677,0
28678,1
28679,1
28680,2
28681,1
28682,1
28683,2
28684,2
28685,1
28686,2
28687,1
28688,0
28689,1
28690,3
28691,0
28692,1
28693,0
28694,1
28695,1
28696,0
28697,0
28698,1
28699,0
28700,1
28701,1
28702,0
28703,1
28704,3
28705,2
28706,1
28707,2
28708,2
28709,2
28710,0
28711,1
28712,0
28713,1
28714,1
28715,1
28716,3
28717,1
28718,1
28719,1
28720,0
28721,1
28722,0
28723,0
28724,2
28725,1
28726,2
28727,2
28728,0
28729,1
28730,1
28731,3
28732,1
28733,1
28734,3
28735,1
28736,2
28737,1
28738,1
28739,2
28740,1
28741,0
28742,1
28743,2
28744,2
28745,1
28746,1
28747,0
28748,1
28749,1
28750,1
28751,1
28752,1
28753,0
28754,1
28755,3
28756,1
28757,1
28758,2
28759,1
28760,2
28761,0
28762,1
28763,2
28764,1
28765,1
28766,0
28767,2
28768,1
28769,0
28770,0
28771,2
28772,2
28773,0
28774,2
28775,1
28776,2
28777,2
28778,0
28779,1
28780,3
28781,1
28782,1
28783,1
28784,2
28785,1
28786,1
28787,2
28788,2
28789,2
28790,1
28791,1
28792,2
28793,2
28794,0
28795,0
28796,2
28797,2
28798,2
28799,1
28800,0
28801,3
28802,1
28803,1
28804,1
28805,1
28806,1
28807,1
28808,1
28809,1
28810,0
28811,1
28812,2
28813,2
28814,2
28815,2
28816,2
28817,0
28818,1
28819,1
28820,1
28821,1
28822,1
28823,0
28824,2
28825,1
28826,1
28827,1
28828,2
28829,0
28830,1
28831,1
28832,0
28833,1
28834,1
28835,1
28836,2
28837,1
28838,1
28839,1
28840,0
28841,1
28842,1
28843,1
28844,2
28845,1
28846,1
28847,1
28848,1
28849,1
28850,2
28851,2
28852,1
28853,3
28854,1
28855,1
28856,2
28857,0
28858,0
28859,0
28860,2
28861,2
28862,2
28863,3
28864,3
28865,0
28866,0
28867,1
28868,1
28869,1
28870,1
28871,2
28872,1
28873,1
28874,1
28875,2
28876,2
28877,0
28878,3
28879,1
28880,1
28881,0
28882,0
28883,2
28884,1
28885,0
28886,2
28887,1
28888,0
28889,0
28890,1
28891,1
28892,1
28893,1
28894,1
28895,1
28896,1
28897,1
28898,2
28899,2
28900,1
28901,2
28902,1
28903,1
28904,1
28905,1
28906,1
28907,1
28908,1
28909,1
28910,2
28911,2
28912,0
28913,1
28914,1
28915,3
28916,1
28917,2
28918,2
28919,2
28920,1
28921,1
28922,1
28923,3
28924,1
28925,1
28926,0
28927,2
28928,1
28929,1
28930,1
28931,1
28932,1
28933,2
28934,2
28935,1
28936,3
28937,0
28938,1
28939,2
28940,3
28941,1
28942,2
28943,1
28944,1
28945,1
28946,1
28947,1
28948,1
28949,1
28950,0
28951,1
28952,0
28953,0
28954,1
28955,0
28956,0
28957,1
28958,2
28959,2
28960,0
28961,2
28962,2
28963,3
28964,0
28965,1
28966,0
28967,2
28968,0
28969,1
28970,2
28971,1
28972,1
28973,2
28974,0
28975,0
28976,1
28977,1
28978,1
28979,2
28980,1
28981,1
28982,3
28983,1
28984,2
28985,1
28986,2
28987,1
28988,1
28989,1
28990,0
28991,3
28992,2
28993,2
28994,2
28995,0
28996,1
28997,1
28998,1
28999,3
29000,1
29001,1
29002,1
29003,1
29004,2
29005,0
29006,2
29007,1
29008,1
29009,1
29010,2
29011,1
29012,2
29013,1
29014,2
29015,0
29016,1
29017,1
29018,1
29019,1
29020,1
29021,1
29022,2
29023,1
29024,0
29025,2
29026,3
29027,2
29028,3
29029,0
29030,1
29031,2
29032,1
29033,3
29034,1
29035,2
29036,1
29037,3
29038,1
29039,2
29040,2
29041,1
29042,1
29043,0
29044,1
29045,1
29046,1
29047,1
29048,2
29049,1
29050,1
29051,2
29052,1
29053,2
29054,1
29055,2
29056,1
29057,2
29058,3
29059,1
29060,2
29061,1
29062,2
29063,0
29064,2
29065,2
29066,1
29067,0
29068,1
29069,2
29070,1
29071,1
29072,1
29073,2
29074,1
29075,2
29076,1
29077,1
29078,2
29079,0
29080,1
29081,1
29082,1
29083,1
29084,0
29085,2
29086,1
29087,1
29088,1
29089,1
29090,1
29091,1
29092,1
29093,0
29094,1
29095,2
29096,2
29097,3
29098,1
29099,0
29100,2
29101,2
29102,2
29103,1
29104,1
29105,1
29106,0
29107,0
29108,1
29109,1
29110,1
29111,2
29112,3
29113,2
29114,1
29115,2
29116,1
29117,1
29118,1
29119,2
29120,3
29121,2
29122,1
29123,1
29124,1
29125,1
29126,0
29127,2
29128,2
29129,1
29130,1
29131,1
29132,1
29133,1
29134,1
29135,1
29136,1
29137,0
29138,1
29139,1
29140,1
29141,2
29142,0
29143,2
29144,2
29145,2
29146,0
29147,1
29148,2
29149,2
29150,1
29151,0
29152,1
29153,1
29154,1
29155,0
29156,1
29157,2
29158,0
29159,1
29160,1
29161,0
29162,1
29163,1
29164,1
29165,2
29166,1
29167,1
29168,1
29169,1
29170,1
29171,2
29172,1
29173,2
29174,1
29175,2
29176,1
29177,2
29178,2
29179,2
29180,1
29181,2
29182,2
29183,2
29184,1
29185,1
29186,1
29187,2
29188,0
29189,1
29190,1
29191,1
29192,2
29193,1
29194,0
29195,0
29196,2
29197,0
29198,2
29199,2
29200,2
29201,1
29202,2
29203,2
29204,0
29205,2
29206,2
29207,1
29208,1
29209,2
29210,1
29211,2
29212,0
29213,1
29214,1
29215,2
29216,2
29217,1
29218,1
29219,0
29220,1
29221,1
29222,2
29223,1
29224,0
29225,0
29226,1
29227,1
29228,2
29229,0
29230,2
29231,1
29232,2
29233,1
29234,2
29235,1
29236,1
29237,1
29238,1
29239,1
29240,2
29241,1
29242,1
29243,2
29244,1
29245,1
29246,2
29247,0
29248,1
29249,3
29250,1
29251,0
29252,2
29253,2
29254,1
29255,1
29256,2
29257,1
29258,0
29259,1
29260,1
29261,3
29262,1
29263,2
29264,2
29265,1
29266,2
29267,1
29268,2
29269,1
29270,1
29271,1
29272,1
29273,2
29274,2
29275,1
29276,1
29277,2
29278,1
29279,1
29280,2
29281,0
29282,1
29283,1
29284,2
29285,1
29286,2
29287,1
29288,1
29289,1
29290,2
29291,3
29292,2
29293,1
29294,2
29295,0
29296,3
29297,2
29298,0
29299,1
29300,1
29301,1
29302,1
29303,1
29304,0
29305,2
29306,2
29307,1
29308,1
29309,1
29310,2
29311,1
29312,1
29313,2
29314,1
29315,1
29316,2
29317,1
29318,0
29319,0
29320,1
29321,3
29322,1
29323,2
29324,1
29325,0
29326,1
29327,1
29328,2
29329,0
29330,0
29331,0
29332,2
29333,0
29334,1
29335,1
29336,1
29337,1
29338,1
29339,1
29340,1
29341,1
29342,1
29343,1
29344,1
29345,2
29346,0
29347,1
29348,2
29349,0
29350,1
29351,0
29352,1
29353,1
29354,1
29355,0
29356,3
29357,1
29358,1
29359,1
29360,1
29361,1
29362,1
29363,2
29364,3
29365,2
29366,2
29367,1
29368,1
29369,0
29370,1
29371,1
29372,0
29373,1
29374,1
29375,0
29376,1
29377,0
29378,0
29379,0
29380,1
29381,1
29382,1
29383,2
29384,2
29385,1
29386,0
29387,0
29388,0
29389,2
29390,1
29391,1
29392,1
29393,1
29394,1
29395,1
29396,2
29397,1
29398,2
29399,1
29400,2
29401,0
29402,1
29403,3
29404,2
29405,2
29406,0
29407,1
29408,2
29409,2
29410,2
29411,2
29412,2
29413,1
29414,0
29415,1
29416,1
29417,2
29418,1
29419,0
29420,1
29421,1
29422,1
29423,1
29424,1
29425,2
29426,1
29427,0
29428,3
29429,1
29430,1
29431,2
29432,1
29433,1
29434,1
29435,0
29436,1
29437,0
29438,1
29439,2
29440,2
29441,1
29442,2
29443,0
29444,1
29445,2
29446,1
29447,3
29448,1
29449,2
29450,1
29451,1
29452,1
29453,2
29454,0
29455,1
29456,0
29457,0
29458,2
29459,2
29460,1
29461,1
29462,1
29463,1
29464,2
29465,2
29466,1
29467,1
29468,0
29469,2
29470,1
29471,2
29472,2
29473,2
29474,2
29475,0
29476,1
29477,1
29478,0
29479,1
29480,1
29481,0
29482,0
29483,2
29484,1
29485,0
29486,3
29487,0
29488,1
29489,1
29490,2
29491,1
29492,1
29493,0
29494,1
29495,1
29496,1
29497,2
29498,0
29499,3
29500,2
29501,1
29502,1
29503,0
29504,1
29505,2
29506,0
29507,1
29508,1
29509,1
29510,2
29511,1
29512,0
29513,1
29514,1
29515,1
29516,2
29517,1
29518,1
29519,1
29520,1
29521,2
29522,0
29523,1
29524,2
29525,1
29526,1
29527,1
29528,1
29529,0
29530,0
29531,1
29532,2
29533,1
29534,2
29535,1
29536,2
29537,2
29538,1
29539,1
29540,2
29541,1
29542,0
29543,1
29544,2
29545,0
29546,0
29547,1
29548,1
29549,3
29550,0
29551,1
29552,2
29553,1
29554,3
29555,1
29556,1
29557,2
29558,2
29559,1
29560,2
29561,1
29562,2
29563,1
29564,1
29565,1
29566,1
29567,1
29568,0
29569,2
29570,1
29571,1
29572,1
29573,2
29574,0
29575,1
29576,1
29577,1
29578,0
29579,2
29580,0
29581,1
29582,1
29583,1
29584,3
29585,1
29586,0
29587,3
29588,1
29589,1
29590,2
29591,1
29592,1
29593,2
29594,1
29595,2
29596,2
29597,2
29598,1
29599,0
29600,3
29601,1
29602,2
29603,1
29604,1
29605,3
29606,1
29607,0
29608,1
29609,1
29610,1
29611,1
29612,1
29613,2
29614,2
29615,1
29616,0
29617,0
29618,0
29619,2
29620,1
29621,2
29622,1
29623,0
29624,2
29625,0
29626,1
29627,1
29628,1
29629,2
29630,1
29631,1
29632,2
29633,2
29634,1
29635,1
29636,1
29637,2
29638,1
29639,0
29640,1
29641,1
29642,0
29643,0
29644,1
29645,1
29646,0
29647,0
29648,2
29649,0
29650,3
29651,1
29652,3
29653,2
29654,1
29655,1
29656,2
29657,3
29658,2
29659,2
29660,2
29661,1
29662,2
29663,3
29664,2
29665,1
29666,1
29667,1
29668,1
29669,1
29670,2
29671,2
29672,2
29673,1
29674,1
29675,2
29676,1
29677,1
29678,3
29679,1
29680,0
29681,2
29682,0
29683,1
29684,0
29685,2
29686,1
29687,1
29688,0
29689,1
29690,1
29691,2
29692,1
29693,2
29694,0
29695,1
29696,2
29697,1
29698,1
29699,2
29700,1
29701,1
29702,1
29703,2
29704,1
29705,2
29706,1
29707,2
29708,0
29709,1
29710,1
29711,2
29712,1
29713,1
29714,1
29715,0
29716,2
29717,0
29718,2
29719,1
29720,1
29721,1
29722,1
29723,1
29724,1
29725,2
29726,3
29727,1
29728,2
29729,1
29730,1
29731,0
29732,1
29733,1
29734,0
29735,2
29736,0
29737,2
29738,1
29739,1
29740,1
29741,2
29742,0
29743,1
29744,2
29745,1
29746,2
29747,1
29748,1
29749,1
29750,1
29751,1
29752,1
29753,1
29754,1
29755,0
29756,1
29757,1
29758,2
29759,1
29760,1
29761,1
29762,0
29763,3
29764,0
29765,1
29766,1
29767,3
29768,2
29769,2
29770,3
29771,2
29772,1
29773,1
29774,1
29775,1
29776,1
29777,1
29778,0
29779,3
29780,2
29781,1
29782,2
29783,1
29784,1
29785,1
29786,1
29787,1
29788,2
29789,0
29790,1
29791,3
29792,1
29793,0
29794,2
29795,2
29796,2
29797,1
29798,2
29799,2
29800,1
29801,1
29802,1
29803,2
29804,0
29805,2
29806,2
29807,1
29808,1
29809,2
29810,1
29811,1
29812,0
29813,1
29814,0
29815,1
29816,2
29817,0
29818,1
29819,0
29820,2
29821,1
29822,0
29823,1
29824,1
29825,0
29826,0
29827,1
29828,1
29829,1
29830,2
29831,2
29832,2
29833,2
29834,1
29835,1
29836,1
29837,1
29838,2
29839,1
29840,1
29841,1
29842,1
29843,3
29844,1
29845,3
29846,1
29847,1
29848,3
29849,2
29850,1
29851,1
29852,1
29853,1
29854,1
29855,2
29856,1
29857,3
29858,1
29859,1
29860,1
29861,2
29862,1
29863,1
29864,2
29865,1
29866,2
29867,2
29868,1
29869,0
29870,1
29871,2
29872,0
29873,2
29874,2
29875,2
29876,3
29877,1
29878,2
29879,2
29880,1
29881,2
29882,1
29883,2
29884,1
29885,1
29886,1
29887,1
29888,1
29889,3
29890,2
29891,3
29892,3
29893,1
29894,1
29895,3
29896,0
29897,1
29898,2
29899,1
29900,0
29901,1
29902,1
29903,1
29904,0
29905,2
29906,1
29907,0
29908,2
29909,2
29910,2
29911,2
29912,1
29913,1
29914,0
29915,0
29916,1
29917,2
29918,0
29919,1
29920,1
29921,1
29922,2
29923,2
29924,3
29925,1
29926,1
29927,1
29928,1
29929,1
29930,1
29931,3
29932,1
29933,1
29934,1
29935,1
29936,2
29937,1
29938,0
29939,1
29940,1
29941,1
29942,1
29943,1
29944,2
29945,2
29946,1
29947,2
29948,1
29949,1
29950,0
29951,0
29952,1
29953,1
29954,2
29955,1
29956,1
29957,2
29958,2
29959,1
29960,2
29961,1
29962,1
29963,2
29964,0
29965,1
29966,1
29967,1
29968,1
29969,1
29970,2
29971,1
29972,1
29973,0
29974,1
29975,0
29976,1
29977,2
29978,1
29979,1
29980,0
29981,2
29982,1
29983,1
29984,1
29985,0
29986,2
29987,0
29988,0
29989,2
29990,1
29991,1
29992,1
29993,0
29994,1
29995,1
29996,1
29997,1
29998,1
29999,2
30000,1
30001,1
30002,1
30003,1
30004,2
30005,1
30006,1
30007,0
30008,1
30009,3
30010,1
30011,0
30012,1
30013,1
30014,1
30015,2
30016,3
30017,1
30018,0
30019,1
30020,1
30021,1
30022,1
30023,1
30024,2
30025,1
30026,1
30027,1
30028,1
30029,1
30030,0
30031,3
30032,0
30033,2
30034,0
30035,2
30036,1
30037,1
30038,1
30039,2
30040,1
30041,1
30042,2
30043,2
30044,0
30045,1
30046,0
30047,2
30048,1
30049,1
30050,2
30051,0
30052,2
30053,2
30054,0
30055,3
30056,1
30057,3
30058,1
30059,3
30060,1
30061,1
30062,1
30063,1
30064,1
30065,1
30066,1
30067,1
30068,2
30069,1
30070,2
30071,3
30072,2
30073,1
30074,2
30075,0
30076,1
30077,2
30078,1
30079,2
30080,1
30081,0
30082,2
30083,0
30084,2
30085,2
30086,0
30087,1
30088,0
30089,2
30090,1
30091,2
30092,1
30093,1
30094,1
30095,1
30096,1
30097,1
30098,0
30099,1
30100,1
30101,1
30102,1
30103,0
30104,1
30105,1
30106,1
30107,1
30108,0
30109,1
30110,2
30111,1
30112,2
30113,1
30114,0
30115,2
30116,1
30117,1
30118,2
30119,1
30120,2
30121,2
30122,1
30123,1
30124,1
30125,2
30126,0
30127,0
30128,1
30129,1
30130,0
30131,1
30132,1
30133,1
30134,1
30135,1
30136,2
30137,2
30138,1
30139,1
30140,0
30141,1
30142,2
30143,1
30144,2
30145,2
30146,2
30147,2
30148,1
30149,2
30150,1
30151,0
30152,1
30153,2
30154,2
30155,2
30156,1
30157,2
30158,1
30159,1
30160,1
30161,1
30162,1
30163,0
30164,2
30165,1
30166,1
30167,2
30168,1
30169,1
30170,1
30171,2
30172,1
30173,1
30174,2
30175,1
30176,1
30177,1
30178,2
30179,1
30180,2
30181,2
30182,0
30183,1
30184,0
30185,1
30186,0
30187,1
30188,0
30189,2
30190,1
30191,1
30192,2
30193,1
30194,1
30195,1
30196,2
30197,2
30198,1
30199,1
30200,1
30201,1
30202,1
30203,0
30204,1
30205,0
30206,1
30207,1
30208,3
30209,0
30210,0
30211,1
30212,1
30213,2
30214,0
30215,1
30216,2
30217,1
30218,2
30219,1
30220,1
30221,0
30222,1
30223,1
30224,0
30225,2
30226,1
30227,1
30228,1
30229,1
30230,0
30231,1
30232,1
30233,1
30234,0
30235,2
30236,3
30237,0
30238,1
30239,1
30240,0
30241,1
30242,2
30243,1
30244,2
30245,2
30246,2
30247,1
30248,2
30249,1
30250,1
30251,1
30252,1
30253,1
30254,1
30255,1
30256,1
30257,1
30258,1
30259,1
30260,1
30261,1
30262,1
30263,2
30264,1
30265,1
30266,1
30267,1
30268,1
30269,2
30270,0
30271,1
30272,1
30273,1
30274,1
30275,1
30276,2
30277,1
30278,0
30279,3
30280,1
30281,1
30282,2
30283,1
30284,2
30285,0
30286,1
30287,1
30288,1
30289,2
30290,1
30291,0
30292,3
30293,2
30294,1
30295,1
30296,1
30297,2
30298,1
30299,1
30300,1
30301,1
30302,1
30303,3
30304,1
30305,1
30306,2
30307,1
30308,2
30309,1
30310,1
30311,1
30312,2
30313,2
30314,1
30315,2
30316,1
30317,1
30318,1
30319,3
30320,2
30321,2
30322,0
30323,2
30324,1
30325,2
30326,1
30327,0
30328,3
30329,2
30330,2
30331,0
30332,1
30333,1
30334,0
30335,1
30336,3
30337,2
30338,1
30339,0
30340,1
30341,1
30342,2
30343,1
30344,1
30345,1
30346,2
30347,2
30348,2
30349,2
30350,2
30351,1
30352,1
30353,2
30354,0
30355,1
30356,0
30357,2
30358,2
30359,2
30360,1
30361,1
30362,1
30363,1
30364,2
30365,2
30366,1
30367,1
30368,1
30369,1
30370,1
30371,2
30372,1
30373,1
30374,2
30375,2
30376,1
30377,1
30378,0
30379,1
30380,1
30381,1
30382,1
30383,1
30384,3
30385,1
30386,1
30387,1
30388,1
30389,1
30390,0
30391,1
30392,1
30393,0
30394,2
30395,2
30396,1
30397,1
30398,1
30399,1
30400,3
30401,0
30402,2
30403,1
30404,2
30405,2
30406,1
30407,1
30408,1
30409,0
30410,1
30411,1
30412,2
30413,1
30414,0
30415,1
30416,2
30417,0
30418,1
30419,1
30420,1
30421,1
30422,0
30423,0
30424,1
30425,1
30426,1
30427,1
30428,0
30429,1
30430,1
30431,1
30432,1
30433,3
30434,1
30435,1
30436,0
30437,3
30438,1
30439,3
30440,1
30441,1
30442,1
30443,1
30444,2
30445,0
30446,0
30447,2
30448,1
30449,0
30450,2
30451,1
30452,1
30453,1
30454,2
30455,1
30456,1
30457,2
30458,1
30459,1
30460,1
30461,2
30462,2
30463,1
30464,0
30465,1
30466,1
30467,1
30468,3
30469,1
30470,0
30471,1
30472,0
30473,2
30474,1
30475,2
30476,1
30477,2
30478,1
30479,2
30480,2
30481,1
30482,1
30483,1
30484,1
30485,1
30486,1
30487,0
30488,2
30489,2
30490,2
30491,2
30492,2
30493,1
30494,0
30495,1
30496,1
30497,0
30498,2
30499,0
30500,0
30501,2
30502,1
30503,0
30504,1
30505,1
30506,2
30507,1
30508,1
30509,3
30510,1
30511,1
30512,1
30513,2
30514,3
30515,1
30516,0
30517,1
30518,1
30519,1
30520,1
30521,3
30522,2
30523,1
30524,2
30525,1
30526,0
30527,2
30528,2
30529,2
30530,2
30531,1
30532,1
30533,0
30534,0
30535,2
30536,1
30537,1
30538,2
30539,1
30540,1
30541,0
30542,1
30543,1
30544,1
30545,1
30546,2
30547,2
30548,1
30549,1
30550,2
30551,1
30552,1
30553,1
30554,1
30555,1
30556,0
30557,1
30558,1
30559,1
30560,2
30561,0
30562,0
30563,3
30564,1
30565,2
30566,2
30567,0
30568,1
30569,2
30570,0
30571,2
30572,2
30573,1
30574,1
30575,0
30576,2
30577,1
30578,2
30579,1
30580,3
30581,0
30582,1
30583,1
30584,1
30585,1
30586,0
30587,1
30588,1
30589,1
30590,2
30591,1
30592,1
30593,1
30594,0
30595,2
30596,1
30597,0
30598,1
30599,1
30600,1
30601,1
30602,2
30603,2
30604,1
30605,2
30606,1
30607,1
30608,1
30609,2
30610,2
30611,1
30612,1
30613,2
30614,0
30615,1
30616,1
30617,1
30618,1
30619,0
30620,1
30621,2
30622,1
30623,0
30624,1
30625,2
30626,0
30627,1
30628,2
30629,1
30630,0
30631,1
30632,1
30633,1
30634,1
30635,1
30636,1
30637,3
30638,1
30639,2
30640,0
30641,0
30642,1
30643,0
30644,1
30645,2
30646,1
30647,2
30648,2
30649,2
30650,2
30651,1
30652,1
30653,0
30654,2
30655,1
30656,1
30657,0
30658,1
30659,1
30660,2
30661,2
30662,1
30663,2
30664,0
30665,2
30666,1
30667,0
30668,0
30669,1
30670,1
30671,2
30672,1
30673,1
30674,2
30675,0
30676,2
30677,2
30678,1
30679,1
30680,1
30681,2
30682,0
30683,1
30684,1
30685,2
30686,3
30687,1
30688,2
30689,2
30690,0
30691,1
30692,2
30693,0
30694,0
30695,1
30696,2
30697,2
30698,1
30699,2
30700,2
30701,1
30702,1
30703,1
30704,1
30705,2
30706,1
30707,1
30708,1
30709,1
30710,1
30711,1
30712,2
30713,1
30714,1
30715,0
30716,3
30717,1
30718,1
30719,1
30720,0
30721,2
30722,1
30723,1
30724,0
30725,1
30726,2
30727,0
30728,2
30729,1
30730,1
30731,1
30732,1
30733,3
30734,1
30735,2
30736,1
30737,2
30738,1
30739,1
30740,1
30741,3
30742,2
30743,0
30744,1
30745,1
30746,1
30747,2
30748,1
30749,0
30750,2
30751,1
30752,2
30753,1
30754,2
30755,2
30756,1
30757,1
30758,1
30759,1
30760,1
30761,1
30762,1
30763,1
30764,2
30765,1
30766,2
30767,0
30768,1
30769,3
30770,1
30771,1
30772,1
30773,1
30774,1
30775,1
30776,0
30777,1
30778,1
30779,3
30780,2
30781,1
30782,1
30783,0
30784,1
30785,1
30786,2
30787,2
30788,1
30789,1
30790,0
30791,1
30792,0
30793,0
30794,0
30795,1
30796,2
30797,1
30798,2
30799,1
30800,1
30801,1
30802,1
30803,0
30804,2
30805,1
30806,2
30807,2
30808,1
30809,1
30810,2
30811,1
30812,2
30813,2
30814,1
30815,0
30816,1
30817,1
30818,0
30819,1
30820,1
30821,0
30822,3
30823,3
30824,2
30825,0
30826,0
30827,1
30828,2
30829,2
30830,1
30831,2
30832,1
30833,1
30834,3
30835,1
30836,1
30837,0
30838,1
30839,0
30840,1
30841,2
30842,1
30843,1
30844,1
30845,0
30846,2
30847,1
30848,0
30849,2
30850,2
30851,1
30852,2
30853,1
30854,0
30855,1
30856,3
30857,1
30858,1
30859,2
30860,0
30861,3
30862,2
30863,1
30864,2
30865,1
30866,1
30867,1
30868,1
30869,1
30870,1
30871,1
30872,1
30873,1
30874,1
30875,2
30876,2
30877,0
30878,2
30879,1
30880,1
30881,1
30882,1
30883,1
30884,3
30885,1
30886,1
30887,2
30888,1
30889,1
30890,1
30891,1
30892,1
30893,1
30894,2
30895,2
30896,2
30897,2
30898,2
30899,2
30900,2
30901,0
30902,1
30903,1
30904,3
30905,1
30906,3
30907,1
30908,1
30909,0
30910,1
30911,1
30912,1
30913,1
30914,2
30915,1
30916,1
30917,0
30918,2
30919,3
30920,1
30921,2
30922,1
30923,1
30924,1
30925,1
30926,2
30927,2
30928,1
30929,1
30930,1
30931,2
30932,1
30933,1
30934,1
30935,1
30936,1
30937,1
30938,1
30939,1
30940,1
30941,1
30942,1
30943,2
30944,2
30945,2
30946,3
30947,2
30948,3
30949,1
30950,3
30951,1
30952,2
30953,1
30954,2
30955,2
30956,1
30957,2
30958,0
30959,1
30960,1
30961,2
30962,2
30963,2
30964,1
30965,2
30966,1
30967,1
30968,0
30969,2
30970,1
30971,1
30972,2
30973,1
30974,2
30975,2
30976,2
30977,2
30978,1
30979,0
30980,3
30981,1
30982,1
30983,3
30984,2
30985,1
30986,2
30987,1
30988,1
30989,0
30990,1
30991,2
30992,1
30993,1
30994,3
30995,3
30996,0
30997,1
30998,1
30999,1
31000,2
31001,0
31002,0
31003,0
31004,1
31005,1
31006,1
31007,1
31008,2
31009,1
31010,1
31011,1
31012,1
31013,2
31014,2
31015,2
31016,0
31017,1
31018,1
31019,0
31020,0
31021,1
31022,1
31023,2
31024,1
31025,1
31026,2
31027,1
31028,0
31029,1
31030,1
31031,1
31032,0
31033,1
31034,1
31035,1
31036,2
31037,1
31038,1
31039,0
31040,2
31041,0
31042,1
31043,1
31044,1
31045,0
31046,1
31047,1
31048,1
31049,2
31050,0
31051,1
31052,1
31053,1
31054,2
31055,0
31056,1
31057,0
31058,1
31059,1
31060,1
31061,0
31062,1
31063,1
31064,1
31065,1
31066,2
31067,3
31068,0
31069,2
31070,2
31071,2
31072,1
31073,2
31074,1
31075,1
31076,2
31077,1
31078,1
31079,2
31080,2
31081,2
31082,1
31083,0
31084,1
31085,1
31086,1
31087,2
31088,2
31089,3
31090,1
31091,1
31092,2
31093,2
31094,1
31095,1
31096,3
31097,1
31098,1
31099,2
31100,2
31101,1
31102,1
31103,2
31104,1
31105,0
31106,2
31107,1
31108,2
31109,1
31110,2
31111,2
31112,1
31113,0
31114,1
31115,1
31116,1
31117,1
31118,1
31119,1
31120,2
31121,3
31122,2
31123,1
31124,1
31125,3
31126,1
31127,0
31128,1
31129,2
31130,0
31131,2
31132,1
31133,1
31134,2
31135,1
31136,2
31137,1
31138,1
31139,2
31140,1
31141,1
31142,0
31143,2
31144,0
31145,1
31146,0
31147,2
31148,1
31149,1
31150,1
31151,1
31152,2
31153,2
31154,1
31155,1
31156,2
31157,1
31158,1
31159,1
31160,2
31161,1
31162,0
31163,1
31164,2
31165,0
31166,1
31167,2
31168,3
31169,1
31170,1
31171,1
31172,1
31173,1
31174,1
31175,3
31176,2
31177,0
31178,1
31179,2
31180,0
31181,1
31182,1
31183,1
31184,1
31185,1
31186,2
31187,1
31188,0
31189,1
31190,3
31191,0
31192,1
31193,1
31194,1
31195,2
31196,1
31197,1
31198,0
31199,2
31200,1
31201,1
31202,1
31203,1
31204,1
31205,2
31206,2
31207,1
31208,1
31209,1
31210,2
31211,1
31212,2
31213,3
31214,1
31215,2
31216,1
31217,2
31218,1
31219,0
31220,1
31221,1
31222,1
31223,1
31224,1
31225,2
31226,0
31227,2
31228,2
31229,2
31230,2
31231,2
31232,1
31233,2
31234,0
31235,1
31236,1
31237,0
31238,2
31239,1
31240,2
31241,0
31242,2
31243,0
31244,1
31245,1
31246,1
31247,1
31248,1
31249,1
31250,2
31251,3
31252,1
31253,2
31254,1
31255,0
31256,1
31257,1
31258,1
31259,2
31260,1
31261,1
31262,1
31263,2
31264,1
31265,1
31266,2
31267,2
31268,1
31269,1
31270,2
31271,1
31272,0
31273,2
31274,2
31275,0
31276,1
31277,1
31278,2
31279,3
31280,1
31281,1
31282,2
31283,1
31284,1
31285,0
31286,0
31287,1
31288,1
31289,2
31290,1
31291,1
31292,1
31293,2
31294,3
31295,0
31296,1
31297,1
31298,1
31299,1
31300,0
31301,1
31302,1
31303,2
31304,1
31305,0
31306,2
31307,2
31308,1
31309,2
31310,0
31311,2
31312,1
31313,2
31314,2
31315,2
31316,2
31317,1
31318,1
31319,2
31320,1
31321,2
31322,1
31323,1
31324,1
31325,2
31326,1
31327,1
31328,1
31329,1
31330,1
31331,3
31332,0
31333,1
31334,1
31335,1
31336,2
31337,1
31338,1
31339,0
31340,1
31341,1
31342,1
31343,2
31344,1
31345,1
31346,2
31347,1
31348,1
31349,1
31350,0
31351,2
31352,0
31353,1
31354,1
31355,2
31356,2
31357,1
31358,2
31359,1
31360,1
31361,1
31362,1
31363,2
31364,1
31365,1
31366,2
31367,1
31368,1
31369,1
31370,1
31371,2
31372,0
31373,1
31374,1
31375,2
31376,2
31377,1
31378,2
31379,1
31380,2
31381,1
31382,1
31383,1
31384,3
31385,1
31386,1
31387,2
31388,1
31389,2
31390,1
31391,2
31392,1
31393,1
31394,1
31395,2
31396,2
31397,1
31398,1
31399,2
31400,1
31401,1
31402,2
31403,3
31404,0
31405,1
31406,2
31407,2
31408,0
31409,1
31410,0
31411,0
31412,1
31413,2
31414,0
31415,1
31416,1
31417,2
31418,3
31419,2
31420,1
31421,2
31422,1
31423,1
31424,1
31425,0
31426,1
31427,0
31428,1
31429,1
31430,1
31431,1
31432,0
31433,2
31434,2
31435,0
31436,1
31437,2
31438,1
31439,1
31440,1
31441,1
31442,2
31443,1
31444,2
31445,1
31446,1
31447,1
31448,2
31449,1
31450,2
31451,2
31452,1
31453,1
31454,2
31455,1
31456,2
31457,0
31458,1
31459,1
31460,2
31461,2
31462,3
31463,1
31464,2
31465,1
31466,2
31467,1
31468,2
31469,1
31470,3
31471,1
31472,2
31473,2
31474,1
31475,1
31476,2
31477,0
31478,2
31479,2
31480,2
31481,2
31482,0
31483,1
31484,2
31485,1
31486,1
31487,1
31488,3
31489,2
31490,1
31491,1
31492,2
31493,2
31494,1
31495,1
31496,0
31497,0
31498,1
31499,2
31500,2
31501,1
31502,1
31503,1
31504,2
31505,1
31506,2
31507,0
31508,3
31509,2
31510,0
31511,1
31512,3
31513,1
31514,2
31515,1
31516,1
31517,1
31518,2
31519,1
31520,1
31521,2
31522,0
31523,1
31524,1
31525,1
31526,2
31527,2
31528,1
31529,2
31530,1
31531,0
31532,0
31533,2
31534,2
31535,2
31536,1
31537,1
31538,0
31539,3
31540,1
31541,0
31542,1
31543,1
31544,2
31545,0
31546,1
31547,0
31548,1
31549,1
31550,2
31551,1
31552,1
31553,2
31554,0
31555,1
31556,1
31557,1
31558,1
31559,0
31560,0
31561,2
31562,1
31563,2
31564,0
31565,3
31566,1
31567,1
31568,0
31569,1
31570,1
31571,1
31572,2
31573,1
31574,1
31575,1
31576,1
31577,0
31578,1
31579,1
31580,1
31581,1
31582,1
31583,2
31584,1
31585,2
31586,0
31587,2
31588,1
31589,1
31590,2
31591,1
31592,1
31593,1
31594,1
31595,1
31596,2
31597,1
31598,1
31599,1
31600,1
31601,2
31602,2
31603,0
31604,1
31605,1
31606,1
31607,2
31608,1
31609,2
31610,1
31611,2
31612,1
31613,1
31614,1
31615,2
31616,2
31617,1
31618,1
31619,1
31620,1
31621,1
31622,1
31623,1
31624,0
31625,0
31626,0
31627,2
31628,1
31629,1
31630,2
31631,2
31632,2
31633,1
31634,2
31635,1
31636,2
31637,1
31638,0
31639,0
31640,1
31641,2
31642,2
31643,1
31644,1
31645,1
31646,1
31647,1
31648,2
31649,2
31650,0
31651,1
31652,1
31653,1
31654,2
31655,1
31656,1
31657,1
31658,3
31659,1
31660,2
31661,1
31662,3
31663,1
31664,0
31665,2
31666,1
31667,1
31668,1
31669,1
31670,1
31671,1
31672,2
31673,1
31674,1
31675,1
31676,1
31677,0
31678,1
31679,1
31680,1
31681,1
31682,1
31683,0
31684,1
31685,1
31686,1
31687,2
31688,0
31689,1
31690,0
31691,0
31692,1
31693,1
31694,1
31695,1
31696,1
31697,1
31698,1
31699,0
31700,2
31701,1
31702,0
31703,1
31704,0
31705,1
31706,3
31707,1
31708,0
31709,2
31710,1
31711,1
31712,0
31713,0
31714,1
31715,1
31716,3
31717,1
31718,3
31719,1
31720,2
31721,2
31722,1
31723,3
31724,0
31725,1
31726,1
31727,1
31728,1
31729,1
31730,3
31731,2
31732,2
31733,1
31734,3
31735,2
31736,2
31737,0
31738,2
31739,0
31740,0
31741,2
31742,2
31743,2
31744,3
31745,1
31746,1
31747,2
31748,2
31749,1
31750,0
31751,2
31752,1
31753,1
31754,1
31755,1
31756,1
31757,2
31758,0
31759,2
31760,1
31761,1
31762,2
31763,2
31764,1
31765,1
31766,1
31767,1
31768,1
31769,1
31770,1
31771,1
31772,2
31773,0
31774,0
31775,1
31776,2
31777,1
31778,1
31779,2
31780,1
31781,1
31782,1
31783,0
31784,1
31785,0
31786,2
31787,2
31788,1
31789,2
31790,1
31791,0
31792,3
31793,2
31794,0
31795,2
31796,1
31797,2
31798,1
31799,1
31800,1
31801,1
31802,1
31803,0
31804,1
31805,1
31806,1
31807,0
31808,2
31809,1
31810,2
31811,1
31812,1
31813,0
31814,1
31815,1
31816,1
31817,1
31818,1
31819,1
31820,1
31821,2
31822,1
31823,2
31824,1
31825,3
31826,1
31827,2
31828,2
31829,2
31830,1
31831,0
31832,1
31833,2
31834,2
31835,1
31836,1
31837,1
31838,2
31839,1
31840,1
31841,1
31842,2
31843,1
31844,1
31845,1
31846,1
31847,1
31848,2
31849,0
31850,2
31851,2
31852,1
31853,2
31854,1
31855,1
31856,1
31857,2
31858,1
31859,2
31860,0
31861,2
31862,1
31863,0
31864,1
31865,2
31866,2
31867,1
31868,1
31869,0
31870,1
31871,1
31872,1
31873,1
31874,1
31875,1
31876,2
31877,2
31878,2
31879,0
31880,0
31881,2
31882,1
31883,1
31884,1
31885,2
31886,2
31887,1
31888,1
31889,1
31890,1
31891,3
31892,0
31893,0
31894,1
31895,2
31896,1
31897,1
31898,1
31899,0
31900,1
31901,2
31902,1
31903,3
31904,1
31905,2
31906,3
31907,1
31908,1
31909,1
31910,2
31911,1
31912,3
31913,1
31914,2
31915,1
31916,1
31917,1
31918,1
31919,1
31920,0
31921,1
31922,1
31923,1
31924,1
31925,2
31926,2
31927,2
31928,1
31929,1
31930,1
31931,2
31932,1
31933,0
31934,3
31935,1
31936,1
31937,1
31938,1
31939,1
31940,1
31941,3
31942,2
31943,3
31944,2
31945,1
31946,2
31947,1
31948,1
31949,2
31950,0
31951,0
31952,0
31953,0
31954,1
31955,1
31956,1
31957,0
31958,1
31959,1
31960,1
31961,2
31962,1
31963,1
31964,1
31965,1
31966,0
31967,2
31968,0
31969,1
31970,0
31971,1
31972,1
31973,2
31974,1
31975,1
31976,2
31977,0
31978,3
31979,0
31980,0
31981,2
31982,1
31983,1
31984,2
31985,2
31986,3
31987,2
31988,2
31989,1
31990,2
31991,1
31992,2
31993,0
31994,1
31995,1
31996,2
31997,1
31998,1
31999,0
32000,2
32001,1
32002,2
32003,1
32004,1
32005,1
32006,1
32007,3
32008,0
32009,1
32010,1
32011,0
32012,2
32013,2
32014,2
32015,1
32016,1
32017,0
32018,2
32019,1
32020,0
32021,2
32022,2
32023,2
32024,1
32025,1
32026,1
32027,0
32028,1
32029,0
32030,1
32031,1
32032,1
32033,1
32034,1
32035,2
32036,0
32037,1
32038,1
32039,2
32040,1
32041,1
32042,1
32043,0
32044,2
32045,2
32046,3
32047,2
32048,3
32049,1
32050,2
32051,1
32052,2
32053,1
32054,0
32055,1
32056,1
32057,1
32058,0
32059,1
32060,2
32061,1
32062,1
32063,1
32064,2
32065,2
32066,1
32067,1
32068,1
32069,2
32070,1
32071,1
32072,2
32073,2
32074,1
32075,1
32076,1
32077,1
32078,2
32079,0
32080,2
32081,1
32082,1
32083,2
32084,1
32085,2
32086,2
32087,1
32088,0
32089,0
32090,1
32091,1
32092,1
32093,1
32094,1
32095,1
32096,1
32097,2
32098,1
32099,2
32100,0
32101,0
32102,2
32103,1
32104,1
32105,1
32106,0
32107,1
32108,1
32109,1
32110,3
32111,2
32112,1
32113,1
32114,1
32115,2
32116,1
32117,2
32118,2
32119,2
32120,1
32121,1
32122,1
32123,3
32124,1
32125,2
32126,1
32127,1
32128,1
32129,1
32130,1
32131,1
32132,1
32133,1
32134,3
32135,1
32136,0
32137,1
32138,1
32139,3
32140,2
32141,1
32142,1
32143,1
32144,2
32145,2
32146,1
32147,1
32148,2
32149,1
32150,1
32151,1
32152,2
32153,1
32154,2
32155,1
32156,1
32157,1
32158,1
32159,2
32160,2
32161,2
32162,2
32163,2
32164,1
32165,2
32166,1
32167,1
32168,1
32169,1
32170,1
32171,1
32172,1
32173,1
32174,1
32175,1
32176,2
32177,0
32178,1
32179,0
32180,1
32181,2
32182,3
32183,0
32184,1
32185,2
32186,0
32187,1
32188,2
32189,1
32190,1
32191,1
32192,3
32193,1
32194,3
32195,1
32196,1
32197,1
32198,1
32199,1
32200,0
32201,1
32202,2
32203,1
32204,1
32205,1
32206,0
32207,0
32208,2
32209,0
32210,1
32211,3
32212,3
32213,0
32214,2
32215,1
32216,1
32217,1
32218,1
32219,1
32220,1
32221,1
32222,0
32223,2
32224,1
32225,2
32226,0
32227,1
32228,2
32229,2
32230,2
32231,1
32232,1
32233,1
32234,2
32235,3
32236,3
32237,2
32238,1
32239,0
32240,1
32241,1
32242,1
32243,0
32244,0
32245,1
32246,1
32247,2
32248,2
32249,2
32250,1
32251,2
32252,1
32253,1
32254,1
32255,3
32256,3
32257,0
32258,2
32259,2
32260,0
32261,2
32262,2
32263,2
32264,0
32265,1
32266,2
32267,1
32268,0
32269,1
32270,1
32271,2
32272,2
32273,1
32274,2
32275,1
32276,0
32277,2
32278,2
32279,1
32280,2
32281,1
32282,1
32283,1
32284,2
32285,0
32286,0
32287,1
32288,1
32289,3
32290,2
32291,2
32292,1
32293,1
32294,1
32295,0
32296,2
32297,1
32298,1
32299,2
32300,3
32301,2
32302,2
32303,1
32304,1
32305,3
32306,1
32307,2
32308,2
32309,1
32310,1
32311,1
32312,1
32313,2
32314,0
32315,2
32316,1
32317,3
32318,1
32319,0
32320,1
32321,1
32322,1
32323,2
32324,2
32325,1
32326,2
32327,1
32328,2
32329,0
32330,1
32331,2
32332,1
32333,0
32334,0
32335,2
32336,1
32337,1
32338,1
32339,2
32340,1
32341,2
32342,1
32343,1
32344,2
32345,1
32346,1
32347,1
32348,1
32349,1
32350,1
32351,2
32352,1
32353,1
32354,2
32355,1
32356,2
32357,2
32358,2
32359,1
32360,1
32361,2
32362,1
32363,1
32364,1
32365,2
32366,2
32367,1
32368,2
32369,1
32370,1
32371,1
32372,0
32373,0
32374,1
32375,2
32376,2
32377,1
32378,3
32379,1
32380,1
32381,1
32382,1
32383,1
32384,1
32385,1
32386,1
32387,1
32388,1
32389,2
32390,0
32391,1
32392,1
32393,0
32394,2
32395,2
32396,1
32397,2
32398,0
32399,2
32400,2
32401,3
32402,2
32403,0
32404,1
32405,2
32406,2
32407,2
32408,1
32409,1
32410,1
32411,1
32412,2
32413,1
32414,1
32415,2
32416,0
32417,1
32418,2
32419,2
32420,1
32421,1
32422,2
32423,2
32424,1
32425,1
32426,1
32427,1
32428,1
32429,1
32430,2
32431,2
32432,1
32433,1
32434,0
32435,1
32436,2
32437,3
32438,1
32439,1
32440,0
32441,1
32442,2
32443,1
32444,1
32445,1
32446,0
32447,1
32448,0
32449,1
32450,0
32451,0
32452,0
32453,0
32454,2
32455,2
32456,1
32457,1
32458,3
32459,1
32460,1
32461,1
32462,2
32463,0
32464,1
32465,2
32466,1
32467,2
32468,2
32469,1
32470,2
32471,2
32472,2
32473,1
32474,1
32475,1
32476,2
32477,2
32478,2
32479,0
32480,1
32481,0
32482,1
32483,1
32484,1
32485,2
32486,1
32487,1
32488,0
32489,1
32490,2
32491,3
32492,1
32493,2
32494,2
32495,1
32496,1
32497,3
32498,2
32499,0
32500,1
32501,1
32502,1
32503,1
32504,1
32505,1
32506,0
32507,1
32508,1
32509,2
32510,1
32511,2
32512,1
32513,2
32514,0
32515,1
32516,2
32517,1
32518,2
32519,1
32520,1
32521,1
32522,0
32523,2
32524,2
32525,1
32526,3
32527,1
32528,2
32529,1
32530,1
32531,1
32532,2
32533,0
32534,2
32535,2
32536,1
32537,3
32538,1
32539,0
32540,1
32541,3
32542,1
32543,2
32544,2
32545,0
32546,0
32547,0
32548,1
32549,1
32550,1
32551,2
32552,0
32553,2
32554,0
32555,1
32556,1
32557,1
32558,1
32559,3
32560,2
32561,0
32562,1
32563,2
32564,0
32565,1
32566,2
32567,1
32568,1
32569,1
32570,1
32571,1
32572,1
32573,1
32574,2
32575,1
32576,1
32577,0
32578,1
32579,2
32580,1
32581,1
32582,1
32583,2
32584,2
32585,0
32586,0
32587,0
32588,1
32589,1
32590,1
32591,0
32592,0
32593,1
32594,1
32595,2
32596,2
32597,1
32598,2
32599,1
32600,0
32601,1
32602,1
32603,0
32604,0
32605,2
32606,2
32607,2
32608,1
32609,1
32610,0
32611,2
32612,3
32613,1
32614,1
32615,2
32616,1
32617,2
32618,2
32619,2
32620,1
32621,2
32622,2
32623,0
32624,1
32625,2
32626,1
32627,1
32628,0
32629,1
32630,0
32631,1
32632,1
32633,0
32634,0
32635,1
32636,1
32637,1
32638,2
32639,1
32640,2
32641,2
32642,0
32643,0
32644,1
32645,1
32646,3
32647,2
32648,1
32649,1
32650,2
32651,1
32652,0
32653,2
32654,1
32655,1
32656,0
32657,1
32658,3
32659,1
32660,1
32661,1
32662,1
32663,2
32664,1
32665,2
32666,1
32667,1
32668,1
32669,1
32670,0
32671,0
32672,1
32673,2
32674,1
32675,1
32676,1
32677,0
32678,2
32679,2
32680,1
32681,2
32682,1
32683,1
32684,1
32685,3
32686,1
32687,2
32688,2
32689,1
32690,2
32691,2
32692,1
32693,2
32694,1
32695,1
32696,2
32697,1
32698,0
32699,1
32700,1
32701,2
32702,2
32703,1
32704,1
32705,1
32706,1
32707,1
32708,1
32709,1
32710,2
32711,1
32712,1
32713,1
32714,3
32715,1
32716,2
32717,1
32718,1
32719,1
32720,1
32721,1
32722,0
32723,1
32724,2
32725,1
32726,2
32727,0
32728,2
32729,0
32730,1
32731,1
32732,2
32733,1
32734,1
32735,1
32736,1
32737,1
32738,0
32739,1
32740,0
32741,1
32742,1
32743,1
32744,1
32745,2
32746,1
32747,1
32748,2
32749,1
32750,1
32751,1
32752,1
32753,1
32754,2
32755,1
32756,1
32757,1
32758,1
32759,3
32760,0
32761,0
32762,1
32763,1
32764,1
32765,1
32766,1
32767,2
32768,1
32769,0
32770,2
32771,2
32772,0
32773,2
32774,1
32775,1
32776,1
32777,1
32778,1
32779,2
32780,1
32781,1
32782,1
32783,1
32784,1
32785,1
32786,1
32787,1
32788,1
32789,1
32790,1
32791,2
32792,2
32793,0
32794,3
32795,1
32796,1
32797,0
32798,1
32799,1
32800,2
32801,1
32802,1
32803,3
32804,0
32805,1
32806,1
32807,1
32808,1
32809,1
32810,2
32811,1
32812,2
32813,1
32814,2
32815,1
32816,1
32817,1
32818,1
32819,1
32820,1
32821,2
32822,1
32823,1
32824,1
32825,1
32826,1
32827,1
32828,1
32829,1
32830,2
32831,1
32832,1
32833,1
32834,3
32835,1
32836,2
32837,1
32838,1
32839,1
32840,1
32841,2
32842,2
32843,0
32844,2
32845,0
32846,0
32847,1
32848,1
32849,1
32850,3
32851,2
32852,3
32853,1
32854,1
32855,2
32856,2
32857,0
32858,1
32859,1
32860,2
32861,2
32862,1
32863,1
32864,2
32865,1
32866,1
32867,2
32868,1
32869,1
32870,1
32871,1
32872,1
32873,0
32874,1
32875,0
32876,1
32877,1
32878,2
32879,1
32880,0
32881,0
32882,3
32883,0
32884,2
32885,1
32886,1
32887,1
32888,2
32889,3
32890,1
32891,3
32892,1
32893,1
32894,1
32895,1
32896,1
32897,2
32898,1
32899,2
32900,0
32901,0
32902,1
32903,1
32904,1
32905,2
32906,1
32907,1
32908,2
32909,1
32910,1
32911,1
32912,1
32913,1
32914,2
32915,1
32916,2
32917,1
32918,1
32919,1
32920,1
32921,1
32922,1
32923,2
32924,2
32925,1
32926,1
32927,1
32928,1
32929,3
32930,3
32931,0
32932,2
32933,2
32934,1
32935,1
32936,0
32937,1
32938,1
32939,1
32940,2
32941,3
32942,1
32943,1
32944,1
32945,1
32946,1
32947,1
32948,1
32949,1
32950,1
32951,1
32952,3
32953,1
32954,3
32955,1
32956,1
32957,2
32958,1
32959,2
32960,2
32961,0
32962,0
32963,1
32964,1
32965,1
32966,1
32967,1
32968,1
32969,1
32970,2
32971,0
32972,1
32973,1
32974,1
32975,1
32976,2
32977,1
32978,2
32979,2
32980,2
32981,1
32982,1
32983,1
32984,1
32985,1
32986,2
32987,2
32988,2
32989,1
32990,1
32991,3
32992,1
32993,2
32994,1
32995,1
32996,1
32997,1
32998,0
32999,0
33000,0
33001,1
33002,1
33003,1
33004,0
33005,2
33006,1
33007,1
33008,2
33009,1
33010,2
33011,0
33012,3
33013,1
33014,1
33015,1
33016,0
33017,1
33018,1
33019,0
33020,1
33021,0
33022,1
33023,2
33024,1
33025,2
33026,1
33027,0
33028,1
33029,1
33030,1
33031,1
33032,3
33033,1
33034,1
33035,0
33036,2
33037,1
33038,1
33039,0
33040,0
33041,2
33042,1
33043,3
33044,1
33045,1
33046,1
33047,1
33048,0
33049,0
33050,1
33051,1
33052,1
33053,1
33054,0
33055,1
33056,1
33057,3
33058,1
33059,0
33060,1
33061,2
33062,0
33063,1
33064,0
33065,0
33066,1
33067,1
33068,1
33069,2
33070,0
33071,1
33072,1
33073,0
33074,1
33075,1
33076,0
33077,1
33078,1
33079,1
33080,2
33081,3
33082,3
33083,2
33084,0
33085,0
33086,0
33087,1
33088,1
33089,1
33090,1
33091,3
33092,2
33093,1
33094,2
33095,1
33096,0
33097,3
33098,1
33099,1
33100,1
33101,2
33102,1
33103,1
33104,0
33105,1
33106,1
33107,2
33108,1
33109,1
33110,2
33111,1
33112,2
33113,1
33114,1
33115,0
33116,1
33117,1
33118,1
33119,1
33120,0
33121,0
33122,1
33123,2
33124,2
33125,1
33126,1
33127,1
33128,1
33129,1
33130,1
33131,0
33132,2
33133,1
33134,1
33135,1
33136,1
33137,1
33138,0
33139,3
33140,1
33141,2
33142,2
33143,2
33144,1
33145,0
33146,0
33147,1
33148,1
33149,1
33150,1
33151,1
33152,1
33153,2
33154,2
33155,0
33156,0
33157,1
33158,1
33159,2
33160,1
33161,1
33162,1
33163,0
33164,1
33165,0
33166,2
33167,1
33168,1
33169,1
33170,1
33171,2
33172,0
33173,2
33174,2
33175,0
33176,2
33177,1
33178,1
33179,0
33180,2
33181,2
33182,1
33183,2
33184,1
33185,2
33186,1
33187,0
33188,1
33189,1
33190,0
33191,1
33192,1
33193,2
33194,1
33195,2
33196,0
33197,0
33198,1
33199,2
33200,1
33201,1
33202,2
33203,1
33204,2
33205,2
33206,0
33207,1
33208,1
33209,0
33210,1
33211,1
33212,1
33213,0
33214,1
33215,1
33216,2
33217,1
33218,1
33219,1
33220,3
33221,1
33222,3
33223,2
33224,1
33225,1
33226,0
33227,1
33228,0
33229,1
33230,1
33231,3
33232,0
33233,3
33234,1
33235,1
33236,0
33237,3
33238,2
33239,0
33240,2
33241,1
33242,0
33243,2
33244,0
33245,1
33246,1
33247,1
33248,0
33249,1
33250,1
33251,1
33252,2
33253,3
33254,1
33255,0
33256,1
33257,1
33258,1
33259,0
33260,1
33261,0
33262,2
33263,0
33264,1
33265,1
33266,3
33267,0
33268,3
33269,0
33270,1
33271,1
33272,2
33273,0
33274,2
33275,2
33276,2
33277,1
33278,2
33279,0
33280,1
33281,1
33282,2
33283,0
33284,1
33285,2
33286,2
33287,2
33288,1
33289,0
33290,1
33291,1
33292,1
33293,1
33294,1
33295,1
33296,1
33297,1
33298,2
33299,1
33300,1
33301,2
33302,3
33303,1
33304,1
33305,3
33306,3
33307,1
33308,1
33309,1
33310,2
33311,1
33312,1
33313,2
33314,0
33315,1
33316,1
33317,1
33318,2
33319,1
33320,1
33321,1
33322,2
33323,1
33324,1
33325,1
33326,1
33327,1
33328,0
33329,1
33330,2
33331,1
33332,0
33333,2
33334,0
33335,0
33336,1
33337,1
33338,2
33339,0
33340,2
33341,1
33342,0
33343,1
33344,2
33345,2
33346,2
33347,2
33348,1
33349,0
33350,1
33351,2
33352,1
33353,1
33354,1
33355,2
33356,1
33357,1
33358,1
33359,1
33360,2
33361,1
33362,3
33363,0
33364,2
33365,3
33366,1
33367,1
33368,2
33369,1
33370,0
33371,2
33372,3
33373,1
33374,0
33375,1
33376,2
33377,1
33378,1
33379,1
33380,1
33381,1
33382,1
33383,1
33384,1
33385,0
33386,2
33387,1
33388,1
33389,2
33390,2
33391,0
33392,2
33393,1
33394,0
33395,1
33396,2
33397,1
33398,1
33399,0
33400,0
33401,1
33402,1
33403,1
33404,1
33405,1
33406,1
33407,1
33408,1
33409,2
33410,1
33411,1
33412,1
33413,1
33414,0
33415,0
33416,2
33417,0
33418,2
33419,1
33420,2
33421,1
33422,1
33423,2
33424,1
33425,1
33426,0
33427,1
33428,1
33429,1
33430,0
33431,1
33432,2
33433,1
33434,2
33435,0
33436,1
33437,1
33438,2
33439,1
33440,1
33441,1
33442,2
33443,2
33444,1
33445,2
33446,1
33447,2
33448,1
33449,1
33450,1
33451,1
33452,2
33453,1
33454,1
33455,1
33456,1
33457,1
33458,1
33459,1
33460,2
33461,2
33462,2
33463,1
33464,0
33465,1
33466,1
33467,2
33468,0
33469,3
33470,2
33471,3
33472,2
33473,1
33474,0
33475,0
33476,1
33477,1
33478,1
33479,0
33480,2
33481,1
33482,1
33483,1
33484,1
33485,1
33486,1
33487,1
33488,1
33489,1
33490,1
33491,1
33492,1
33493,0
33494,3
33495,3
33496,1
33497,1
33498,1
33499,0
33500,1
33501,1
33502,0
33503,1
33504,1
33505,1
33506,1
33507,1
33508,1
33509,1
33510,0
33511,1
33512,3
33513,0
33514,1
33515,1
33516,1
33517,1
33518,3
33519,2
33520,0
33521,1
33522,0
33523,1
33524,1
33525,1
33526,1
33527,1
33528,0
33529,2
33530,1
33531,1
33532,1
33533,2
33534,1
33535,1
33536,1
33537,2
33538,2
33539,1
33540,1
33541,3
33542,1
33543,1
33544,1
33545,3
33546,1
33547,2
33548,1
33549,2
33550,1
33551,0
33552,1
33553,2
33554,1
33555,1
33556,1
33557,1
33558,1
33559,2
33560,1
33561,1
33562,1
33563,1
33564,1
33565,1
33566,1
33567,1
33568,2
33569,1
33570,1
33571,1
33572,1
33573,2
33574,2
33575,1
33576,1
33577,1
33578,2
33579,0
33580,1
33581,1
33582,1
33583,1
33584,0
33585,2
33586,1
33587,1
33588,1
33589,1
33590,1
33591,2
33592,1
33593,2
33594,1
33595,2
33596,1
33597,1
33598,2
33599,0
33600,1
33601,3
33602,1
33603,3
33604,3
33605,3
33606,1
33607,1
33608,1
33609,0
33610,1
33611,1
33612,1
33613,1
33614,1
33615,3
33616,1
33617,2
33618,1
33619,1
33620,1
33621,1
33622,2
33623,0
33624,1
33625,2
33626,1
33627,1
33628,1
33629,1
33630,1
33631,1
33632,1
33633,2
33634,1
33635,1
33636,1
33637,1
33638,2
33639,1
33640,1
33641,0
33642,2
33643,2
33644,2
33645,2
33646,1
33647,3
33648,2
33649,2
33650,2
33651,2
33652,2
33653,1
33654,0
33655,1
33656,1
33657,1
33658,1
33659,1
33660,1
33661,1
33662,1
33663,2
33664,2
33665,0
33666,2
33667,1
33668,2
33669,2
33670,1
33671,1
33672,1
33673,1
33674,1
33675,1
33676,1
33677,1
33678,1
33679,1
33680,0
33681,1
33682,1
33683,1
33684,1
33685,1
33686,1
33687,3
33688,1
33689,0
33690,2
33691,2
33692,1
33693,1
33694,2
33695,1
33696,2
33697,1
33698,0
33699,2
33700,1
33701,2
33702,3
33703,1
33704,1
33705,2
33706,1
33707,0
33708,1
33709,1
33710,2
33711,1
33712,1
33713,1
33714,1
33715,0
33716,1
33717,2
33718,1
33719,0
33720,1
33721,1
33722,1
33723,1
33724,1
33725,0
33726,1
33727,1
33728,1
33729,1
33730,1
33731,3
33732,1
33733,1
33734,0
33735,1
33736,1
33737,1
33738,1
33739,1
33740,2
33741,1
33742,3
33743,1
33744,1
33745,2
33746,2
33747,1
33748,1
33749,1
33750,1
33751,1
33752,1
33753,2
33754,0
33755,1
33756,2
33757,3
33758,1
33759,1
33760,1
33761,1
33762,1
33763,1
33764,2
33765,2
33766,1
33767,1
33768,1
33769,1
33770,1
33771,0
33772,2
33773,0
33774,2
33775,1
33776,1
33777,1
33778,1
33779,0
33780,1
33781,2
33782,1
33783,1
33784,2
33785,1
33786,1
33787,1
33788,1
33789,2
33790,3
33791,1
33792,1
33793,0
33794,2
33795,1
33796,1
33797,2
33798,2
33799,2
33800,1
33801,1
33802,2
33803,1
33804,1
33805,0
33806,1
33807,1
33808,1
33809,1
33810,1
33811,2
33812,1
33813,1
33814,1
33815,2
33816,0
33817,2
33818,0
33819,0
33820,2
33821,2
33822,2
33823,1
33824,1
33825,1
33826,1
33827,2
33828,1
33829,1
33830,1
33831,1
33832,1
33833,1
33834,1
33835,1
33836,1
33837,2
33838,1
33839,1
33840,1
33841,2
33842,2
33843,2
33844,1
33845,2
33846,2
33847,1
33848,1
33849,0
33850,3
33851,1
33852,1
33853,2
33854,1
33855,1
33856,0
33857,2
33858,0
33859,1
33860,2
33861,2
33862,2
33863,1
33864,2
33865,1
33866,2
33867,2
33868,2
33869,2
33870,2
33871,1
33872,3
33873,0
33874,2
33875,1
33876,1
33877,2
33878,2
33879,3
33880,0
33881,0
33882,1
33883,2
33884,0
33885,0
33886,2
33887,0
33888,1
33889,0
33890,0
33891,1
33892,1
33893,1
33894,1
33895,1
33896,0
33897,2
33898,1
33899,1
33900,1
33901,1
33902,1
33903,1
33904,1
33905,1
33906,2
33907,1
33908,2
33909,1
33910,1
33911,1
33912,1
33913,1
33914,1
33915,0
33916,1
33917,0
33918,1
33919,1
33920,1
33921,1
33922,1
33923,1
33924,1
33925,0
33926,1
33927,1
33928,1
33929,2
33930,2
33931,1
33932,2
33933,1
33934,1
33935,0
33936,2
33937,1
33938,2
33939,1
33940,1
33941,1
33942,1
33943,1
33944,0
33945,1
33946,1
33947,1
33948,2
33949,2
33950,1
33951,1
33952,2
33953,0
33954,1
33955,1
33956,0
33957,1
33958,1
33959,2
33960,1
33961,2
33962,2
33963,1
33964,1
33965,1
33966,0
33967,2
33968,1
33969,1
33970,1
33971,1
33972,1
33973,2
33974,1
33975,1
33976,2
33977,0
33978,1
33979,1
33980,1
33981,1
33982,1
33983,1
33984,0
33985,2
33986,1
33987,1
33988,2
33989,1
33990,1
33991,2
33992,1
33993,1
33994,1
33995,0
33996,0
33997,1
33998,0
33999,1
34000,1
34001,1
34002,0
34003,1
34004,1
34005,1
34006,0
34007,2
34008,1
34009,2
34010,0
34011,1
34012,0
34013,1
34014,0
34015,2
34016,1
34017,2
34018,2
34019,2
34020,1
34021,0
34022,2
34023,2
34024,0
34025,1
34026,0
34027,2
34028,1
34029,2
34030,1
34031,2
34032,2
34033,1
34034,2
34035,1
34036,1
34037,0
34038,1
34039,1
34040,1
34041,1
34042,1
34043,1
34044,1
34045,2
34046,1
34047,1
34048,2
34049,2
34050,1
34051,1
34052,2
34053,1
34054,1
34055,0
34056,0
34057,3
34058,2
34059,1
34060,1
34061,2
34062,1
34063,1
34064,2
34065,1
34066,2
34067,2
34068,2
34069,3
34070,0
34071,1
34072,1
34073,1
34074,0
34075,1
34076,0
34077,1
34078,2
34079,1
34080,2
34081,3
34082,2
34083,2
34084,1
34085,1
34086,2
34087,1
34088,1
34089,1
34090,1
34091,2
34092,1
34093,1
34094,1
34095,0
34096,1
34097,2
34098,2
34099,2
34100,1
34101,1
34102,1
34103,1
34104,1
34105,3
34106,0
34107,1
34108,1
34109,1
34110,1
34111,1
34112,0
34113,0
34114,1
34115,1
34116,0
34117,2
34118,2
34119,1
34120,3
34121,1
34122,1
34123,1
34124,2
34125,0
34126,2
34127,1
34128,1
34129,0
34130,2
34131,1
34132,1
34133,1
34134,1
34135,1
34136,0
34137,2
34138,1
34139,1
34140,2
34141,0
34142,0
34143,0
34144,2
34145,0
34146,1
34147,2
34148,2
34149,1
34150,1
34151,0
34152,2
34153,1
34154,1
34155,2
34156,0
34157,2
34158,2
34159,2
34160,2
34161,1
34162,2
34163,1
34164,1
34165,0
34166,1
34167,1
34168,1
34169,1
34170,1
34171,2
34172,1
34173,1
34174,1
34175,2
34176,1
34177,1
34178,0
34179,1
34180,3
34181,1
34182,2
34183,2
34184,1
34185,1
34186,1
34187,3
34188,2
34189,1
34190,1
34191,1
34192,1
34193,1
34194,0
34195,1
34196,2
34197,1
34198,3
34199,0
34200,1
34201,1
34202,1
34203,0
34204,1
34205,1
34206,1
34207,1
34208,2
34209,1
34210,0
34211,1
34212,1
34213,1
34214,1
34215,2
34216,1
34217,3
34218,2
34219,1
34220,2
34221,1
34222,1
34223,2
34224,0
34225,1
34226,3
34227,1
34228,1
34229,1
34230,1
34231,3
34232,2
34233,1
34234,1
34235,2
34236,1
34237,1
34238,1
34239,1
34240,2
34241,2
34242,1
34243,2
34244,2
34245,1
34246,1
34247,2
34248,1
34249,0
34250,2
34251,2
34252,1
34253,0
34254,2
34255,0
34256,1
34257,1
34258,2
34259,1
34260,0
34261,2
34262,1
34263,1
34264,1
34265,0
34266,1
34267,2
34268,1
34269,1
34270,2
34271,1
34272,1
34273,1
34274,2
34275,1
34276,2
34277,0
34278,1
34279,3
34280,1
34281,1
34282,3
34283,1
34284,2
34285,2
34286,1
34287,2
34288,2
34289,1
34290,1
34291,0
34292,0
34293,2
34294,2
34295,1
34296,1
34297,2
34298,1
34299,1
34300,2
34301,2
34302,3
34303,1
34304,1
34305,0
34306,0
34307,2
34308,1
34309,1
34310,1
34311,2
34312,2
34313,1
34314,2
34315,1
34316,2
34317,1
34318,1
34319,2
34320,0
34321,1
34322,1
34323,1
34324,2
34325,1
34326,1
34327,0
34328,1
34329,2
34330,1
34331,2
34332,1
34333,0
34334,1
34335,1
34336,2
34337,0
34338,0
34339,1
34340,1
34341,1
34342,1
34343,1
34344,1
34345,2
34346,1
34347,0
34348,1
34349,2
34350,1
34351,2
34352,1
34353,1
34354,1
34355,1
34356,2
34357,3
34358,1
34359,1
34360,1
34361,0
34362,3
34363,2
34364,1
34365,1
34366,2
34367,1
34368,1
34369,1
34370,0
34371,1
34372,2
34373,2
34374,1
34375,1
34376,0
34377,1
34378,1
34379,1
34380,3
34381,2
34382,2
34383,2
34384,0
34385,1
34386,1
34387,1
34388,2
34389,0
34390,1
34391,1
34392,1
34393,1
34394,2
34395,1
34396,1
34397,2
34398,1
34399,1
34400,3
34401,2
34402,1
34403,0
34404,2
34405,2
34406,1
34407,2
34408,1
34409,1
34410,0
34411,0
34412,1
34413,2
34414,1
34415,1
34416,2
34417,0
34418,0
34419,1
34420,1
34421,2
34422,1
34423,1
34424,1
34425,1
34426,3
34427,1
34428,2
34429,1
34430,0
34431,0
34432,1
34433,1
34434,1
34435,1
34436,1
34437,2
34438,0
34439,2
34440,0
34441,2
34442,1
34443,2
34444,0
34445,1
34446,1
34447,1
34448,1
34449,0
34450,1
34451,1
34452,1
34453,2
34454,2
34455,1
34456,1
34457,2
34458,1
34459,0
34460,2
34461,2
34462,1
34463,1
34464,0
34465,1
34466,2
34467,2
34468,1
34469,0
34470,2
34471,1
34472,1
34473,0
34474,2
34475,1
34476,2
34477,2
34478,1
34479,1
34480,1
34481,1
34482,2
34483,1
34484,1
34485,3
34486,0
34487,1
34488,1
34489,2
34490,3
34491,1
34492,0
34493,1
34494,2
34495,2
34496,1
34497,0
34498,1
34499,2
34500,1
34501,1
34502,1
34503,1
34504,1
34505,1
34506,1
34507,0
34508,0
34509,2
34510,1
34511,2
34512,0
34513,1
34514,1
34515,2
34516,1
34517,1
34518,1
34519,1
34520,0
34521,1
34522,2
34523,1
34524,1
34525,1
34526,2
34527,2
34528,0
34529,1
34530,1
34531,2
34532,1
34533,1
34534,1
34535,2
34536,1
34537,2
34538,1
34539,1
34540,1
34541,2
34542,1
34543,0
34544,1
34545,1
34546,1
34547,2
34548,2
34549,2
34550,2
34551,2
34552,1
34553,1
34554,1
34555,1
34556,1
34557,1
34558,1
34559,1
34560,3
34561,0
34562,2
34563,1
34564,3
34565,2
34566,1
34567,1
34568,0
34569,1
34570,2
34571,1
34572,1
34573,2
34574,2
34575,2
34576,2
34577,2
34578,1
34579,1
34580,3
34581,1
34582,2
34583,2
34584,2
34585,1
34586,0
34587,2
34588,1
34589,1
34590,2
34591,0
34592,0
34593,0
34594,1
34595,1
34596,1
34597,0
34598,2
34599,1
34600,1
34601,1
34602,1
34603,1
34604,2
34605,1
34606,1
34607,1
34608,1
34609,1
34610,1
34611,1
34612,1
34613,2
34614,0
34615,0
34616,1
34617,1
34618,2
34619,1
34620,1
34621,1
34622,1
34623,1
34624,1
34625,1
34626,1
34627,1
34628,0
34629,1
34630,1
34631,0
34632,1
34633,2
34634,1
34635,1
34636,2
34637,2
34638,0
34639,3
34640,3
34641,2
34642,1
34643,2
34644,0
34645,0
34646,1
34647,2
34648,2
34649,3
34650,1
34651,3
34652,3
34653,1
34654,1
34655,2
34656,1
34657,1
34658,2
34659,1
34660,0
34661,1
34662,1
34663,1
34664,2
34665,1
34666,1
34667,1
34668,1
34669,1
34670,1
34671,0
34672,2
34673,2
34674,2
34675,1
34676,2
34677,0
34678,2
34679,1
34680,1
34681,0
34682,1
34683,3
34684,1
34685,1
34686,1
34687,1
34688,3
34689,0
34690,0
34691,1
34692,0
34693,0
34694,1
34695,0
34696,1
34697,2
34698,1
34699,1
34700,1
34701,1
34702,3
34703,1
34704,2
34705,1
34706,2
34707,0
34708,2
34709,0
34710,3
34711,1
34712,1
34713,2
34714,2
34715,1
34716,1
34717,1
34718,3
34719,1
34720,2
34721,0
34722,2
34723,1
34724,1
34725,1
34726,2
34727,2
34728,1
34729,1
34730,1
34731,2
34732,1
34733,2
34734,0
34735,0
34736,1
34737,2
34738,3
34739,1
34740,1
34741,3
34742,1
34743,1
34744,1
34745,1
34746,1
34747,1
34748,2
34749,1
34750,0
34751,1
34752,1
34753,1
34754,1
34755,1
34756,1
34757,1
34758,2
34759,1
34760,1
34761,2
34762,2
34763,1
34764,1
34765,1
34766,1
34767,2
34768,1
34769,2
34770,3
34771,0
34772,1
34773,1
34774,3
34775,2
34776,0
34777,2
34778,2
34779,1
34780,3
34781,0
34782,1
34783,1
34784,1
34785,2
34786,0
34787,2
34788,1
34789,0
34790,0
34791,2
34792,1
34793,0
34794,0
34795,2
34796,0
34797,2
34798,2
34799,0
34800,0
34801,2
34802,2
34803,0
34804,0
34805,1
34806,1
34807,0
34808,1
34809,0
34810,1
34811,1
34812,1
34813,1
34814,1
34815,0
34816,2
34817,1
34818,2
34819,1
34820,1
34821,1
34822,1
34823,2
34824,1
34825,0
34826,1
34827,1
34828,2
34829,2
34830,2
34831,2
34832,2
34833,0
34834,2
34835,3
34836,1
34837,3
34838,3
34839,0
34840,1
34841,1
34842,3
34843,1
34844,2
34845,1
34846,0
34847,2
34848,1
34849,1
34850,1
34851,0
34852,0
34853,0
34854,0
34855,0
34856,1
34857,1
34858,2
34859,1
34860,1
34861,0
34862,2
34863,0
34864,0
34865,2
34866,2
34867,0
34868,1
34869,1
34870,1
34871,0
34872,1
34873,0
34874,2
34875,1
34876,1
34877,1
34878,1
34879,1
34880,1
34881,1
34882,1
34883,1
34884,0
34885,1
34886,2
34887,1
34888,0
34889,1
34890,0
34891,1
34892,1
34893,2
34894,2
34895,1
34896,2
34897,2
34898,2
34899,0
34900,1
34901,2
34902,2
34903,2
34904,1
34905,3
34906,2
34907,2
34908,0
34909,3
34910,2
34911,2
34912,1
34913,1
34914,1
34915,1
34916,1
34917,2
34918,0
34919,1
34920,1
34921,0
34922,1
34923,1
34924,0
34925,2
34926,0
34927,0
34928,1
34929,1
34930,2
34931,1
34932,1
34933,2
34934,1
34935,1
34936,2
34937,3
34938,1
34939,2
34940,1
34941,1
34942,1
34943,1
34944,1
34945,1
34946,3
34947,2
34948,1
34949,2
34950,0
34951,1
34952,3
34953,1
34954,1
34955,1
34956,1
34957,1
34958,0
34959,2
34960,1
34961,1
34962,1
34963,2
34964,2
34965,1
34966,2
34967,1
34968,1
34969,1
34970,3
34971,2
34972,2
34973,0
34974,1
34975,1
34976,2
34977,1
34978,1
34979,0
34980,1
34981,1
34982,2
34983,0
34984,2
34985,3
34986,3
34987,3
34988,1
34989,0
34990,2
34991,2
34992,1
34993,0
34994,1
34995,0
34996,1
34997,2
34998,1
34999,1
35000,2
35001,1
35002,1
35003,2
35004,2
35005,2
35006,1
35007,2
35008,2
35009,2
35010,1
35011,1
35012,1
35013,1
35014,0
35015,1
35016,1
35017,1
35018,2
35019,1
35020,3
35021,2
35022,2
35023,1
35024,2
35025,1
35026,2
35027,2
35028,1
35029,1
35030,2
35031,1
35032,2
35033,2
35034,1
35035,2
35036,2
35037,1
35038,2
35039,2
35040,1
35041,1
35042,1
35043,1
35044,2
35045,1
35046,1
35047,1
35048,1
35049,1
35050,0
35051,1
35052,1
35053,2
35054,2
35055,2
35056,0
35057,1
35058,1
35059,1
35060,1
35061,2
35062,1
35063,2
35064,1
35065,1
35066,0
35067,1
35068,0
35069,2
35070,1
35071,2
35072,1
35073,0
35074,1
35075,1
35076,2
35077,1
35078,1
35079,1
35080,3
35081,2
35082,1
35083,0
35084,0
35085,1
35086,1
35087,1
35088,1
35089,1
35090,2
35091,2
35092,1
35093,1
35094,1
35095,2
35096,1
35097,2
35098,1
35099,1
35100,1
35101,1
35102,1
35103,1
35104,1
35105,1
35106,1
35107,1
35108,1
35109,3
35110,0
35111,2
35112,3
35113,1
35114,1
35115,0
35116,1
35117,1
35118,2
35119,2
35120,1
35121,1
35122,1
35123,1
35124,1
35125,3
35126,1
35127,2
35128,1
35129,1
35130,1
35131,1
35132,1
35133,2
35134,2
35135,1
35136,1
35137,1
35138,1
35139,1
35140,0
35141,0
35142,2
35143,0
35144,2
35145,1
35146,2
35147,1
35148,1
35149,2
35150,1
35151,1
35152,1
35153,2
35154,2
35155,1
35156,1
35157,1
35158,0
35159,1
35160,0
35161,1
35162,1
35163,1
35164,2
35165,1
35166,2
35167,2
35168,3
35169,2
35170,1
35171,1
35172,1
35173,0
35174,1
35175,2
35176,1
35177,2
35178,1
35179,3
35180,2
35181,3
35182,1
35183,1
35184,1
35185,1
35186,1
35187,2
35188,1
35189,0
35190,1
35191,1
35192,1
35193,2
35194,1
35195,1
35196,1
35197,0
35198,0
35199,1
35200,2
35201,0
35202,1
35203,1
35204,2
35205,1
35206,0
35207,2
35208,1
35209,1
35210,1
35211,2
35212,2
35213,2
35214,0
35215,1
35216,1
35217,2
35218,1
35219,1
35220,2
35221,1
35222,1
35223,1
35224,1
35225,2
35226,1
35227,2
35228,1
35229,1
35230,2
35231,1
35232,3
35233,2
35234,2
35235,1
35236,1
35237,1
35238,2
35239,3
35240,0
35241,0
35242,1
35243,1
35244,3
35245,1
35246,1
35247,1
35248,2
35249,3
35250,0
35251,1
35252,1
35253,1
35254,2
35255,1
35256,1
35257,2
35258,2
35259,2
35260,3
35261,1
35262,1
35263,1
35264,0
35265,1
35266,0
35267,1
35268,2
35269,3
35270,1
35271,1
35272,2
35273,0
35274,1
35275,1
35276,1
35277,1
35278,0
35279,1
35280,0
35281,2
35282,1
35283,0
35284,1
35285,1
35286,3
35287,1
35288,1
35289,1
35290,1
35291,1
35292,1
35293,2
35294,1
35295,2
35296,1
35297,1
35298,1
35299,2
35300,0
35301,2
35302,0
35303,0
35304,2
35305,1
35306,2
35307,1
35308,2
35309,1
35310,1
35311,1
35312,1
35313,1
35314,3
35315,1
35316,2
35317,1
35318,2
35319,0
35320,1
35321,1
35322,0
35323,1
35324,2
35325,2
35326,1
35327,1
35328,1
35329,2
35330,1
35331,0
35332,0
35333,0
35334,2
35335,1
35336,1
35337,1
35338,1
35339,1
35340,3
35341,2
35342,0
35343,0
35344,1
35345,1
35346,1
35347,1
35348,2
35349,1
35350,1
35351,1
35352,0
35353,1
35354,1
35355,2
35356,1
35357,2
35358,1
35359,1
35360,1
35361,1
35362,1
35363,2
35364,0
35365,2
35366,1
35367,1
35368,1
35369,3
35370,1
35371,1
35372,1
35373,1
35374,1
35375,1
35376,1
35377,1
35378,1
35379,2
35380,1
35381,0
35382,0
35383,1
35384,2
35385,1
35386,0
35387,0
35388,0
35389,1
35390,0
35391,1
35392,1
35393,2
35394,1
35395,2
35396,1
35397,1
35398,2
35399,1
35400,1
35401,1
35402,1
35403,1
35404,2
35405,1
35406,1
35407,1
35408,2
35409,1
35410,1
35411,1
35412,1
35413,2
35414,0
35415,2
35416,1
35417,1
35418,1
35419,1
35420,1
35421,2
35422,1
35423,1
35424,2
35425,1
35426,3
35427,1
35428,1
35429,2
35430,1
35431,0
35432,1
35433,3
35434,0
35435,3
35436,2
35437,1
35438,0
35439,1
35440,2
35441,2
35442,2
35443,1
35444,3
35445,2
35446,2
35447,1
35448,2
35449,1
35450,1
35451,1
35452,2
35453,1
35454,1
35455,1
35456,1
35457,3
35458,1
35459,1
35460,0
35461,2
35462,1
35463,2
35464,1
35465,1
35466,1
35467,0
35468,1
35469,1
35470,1
35471,2
35472,2
35473,1
35474,0
35475,1
35476,2
35477,1
35478,0
35479,2
35480,1
35481,1
35482,1
35483,1
35484,1
35485,1
35486,1
35487,2
35488,1
35489,1
35490,2
35491,1
35492,1
35493,2
35494,1
35495,1
35496,1
35497,2
35498,1
35499,1
35500,1
35501,2
35502,1
35503,2
35504,2
35505,1
35506,1
35507,3
35508,1
35509,2
35510,1
35511,0
35512,0
35513,1
35514,1
35515,1
35516,0
35517,1
35518,3
35519,1
35520,0
35521,1
35522,0
35523,2
35524,1
35525,2
35526,2
35527,3
35528,1
35529,1
35530,1
35531,1
35532,2
35533,1
35534,1
35535,1
35536,2
35537,2
35538,1
35539,3
35540,2
35541,1
35542,2
35543,1
35544,0
35545,1
35546,1
35547,2
35548,0
35549,2
35550,1
35551,1
35552,1
35553,1
35554,1
35555,0
35556,2
35557,1
35558,1
35559,1
35560,1
35561,2
35562,0
35563,1
35564,1
35565,0
35566,0
35567,0
35568,1
35569,1
35570,1
35571,0
35572,1
35573,1
35574,2
35575,1
35576,1
35577,2
35578,2
35579,1
35580,1
35581,1
35582,0
35583,2
35584,1
35585,1
35586,1
35587,1
35588,2
35589,1
35590,2
35591,2
35592,1
35593,0
35594,1
35595,2
35596,2
35597,1
35598,0
35599,2
35600,2
35601,2
35602,0
35603,1
35604,1
35605,2
35606,2
35607,2
35608,1
35609,2
35610,1
35611,2
35612,1
35613,1
35614,1
35615,1
35616,1
35617,1
35618,1
35619,2
35620,0
35621,2
35622,0
35623,2
35624,3
35625,0
35626,1
35627,2
35628,1
35629,2
35630,1
35631,1
35632,0
35633,2
35634,1
35635,1
35636,2
35637,2
35638,2
35639,2
35640,2
35641,3
35642,0
35643,1
35644,1
35645,1
35646,0
35647,2
35648,2
35649,1
35650,1
35651,0
35652,1
35653,2
35654,1
35655,0
35656,1
35657,1
35658,2
35659,1
35660,3
35661,2
35662,1
35663,1
35664,1
35665,1
35666,1
35667,0
35668,2
35669,1
35670,1
35671,1
35672,2
35673,1
35674,2
35675,1
35676,1
35677,2
35678,1
35679,1
35680,1
35681,1
35682,0
35683,1
35684,1
35685,1
35686,2
35687,1
35688,1
35689,1
35690,1
35691,1
35692,1
35693,1
35694,1
35695,0
35696,1
35697,0
35698,2
35699,0
35700,1
35701,1
35702,1
35703,2
35704,1
35705,2
35706,1
35707,1
35708,1
35709,2
35710,0
35711,1
35712,2
35713,1
35714,1
35715,1
35716,2
35717,1
35718,1
35719,1
35720,2
35721,1
35722,0
35723,1
35724,1
35725,3
35726,1
35727,1
35728,1
35729,1
35730,1
35731,1
35732,0
35733,0
35734,1
35735,1
35736,1
35737,2
35738,2
35739,1
35740,1
35741,1
35742,2
35743,1
35744,0
35745,2
35746,2
35747,1
35748,1
35749,1
35750,2
35751,2
35752,2
35753,2
35754,0
35755,1
35756,2
35757,2
35758,1
35759,2
35760,1
35761,1
35762,2
35763,3
35764,1
35765,1
35766,1
35767,1
35768,2
35769,1
35770,1
35771,1
35772,1
35773,1
35774,2
35775,1
35776,1
35777,1
35778,2
35779,1
35780,2
35781,0
35782,0
35783,0
35784,1
35785,0
35786,2
35787,2
35788,1
35789,1
35790,1
35791,1
35792,2
35793,1
35794,0
35795,2
35796,1
35797,1
35798,2
35799,2
35800,1
35801,1
35802,2
35803,2
35804,2
35805,0
35806,1
35807,2
35808,3
35809,2
35810,2
35811,2
35812,1
35813,1
35814,0
35815,2
35816,0
35817,2
35818,0
35819,1
35820,2
35821,0
35822,1
35823,1
35824,3
35825,1
35826,3
35827,3
35828,0
35829,1
35830,1
35831,2
35832,0
35833,1
35834,1
35835,2
35836,2
35837,1
35838,1
35839,1
35840,1
35841,0
35842,0
35843,1
35844,1
35845,1
35846,3
35847,1
35848,1
35849,1
35850,1
35851,2
35852,2
35853,2
35854,1
35855,2
35856,1
35857,1
35858,2
35859,2
35860,3
35861,1
35862,1
35863,1
35864,2
35865,1
35866,0
35867,1
35868,2
35869,2
35870,2
35871,1
35872,1
35873,1
35874,2
35875,1
35876,1
35877,1
35878,1
35879,2
35880,1
35881,1
35882,0
35883,0
35884,1
35885,1
35886,2
35887,1
35888,1
35889,1
35890,1
35891,2
35892,1
35893,0
35894,2
35895,2
35896,1
35897,0
35898,2
35899,1
35900,0
35901,1
35902,1
35903,1
35904,2
35905,1
35906,0
35907,1
35908,1
35909,1
35910,2
35911,0
35912,1
35913,0
35914,1
35915,0
35916,1
35917,1
35918,1
35919,0
35920,1
35921,1
35922,2
35923,2
35924,1
35925,2
35926,0
35927,0
35928,2
35929,1
35930,0
35931,1
35932,1
35933,1
35934,1
35935,1
35936,1
35937,2
35938,0
35939,2
35940,1
35941,0
35942,1
35943,1
35944,1
35945,1
35946,1
35947,0
35948,1
35949,1
35950,1
35951,1
35952,1
35953,1
35954,1
35955,2
35956,1
35957,1
35958,2
35959,1
35960,0
35961,2
35962,1
35963,2
35964,1
35965,1
35966,2
35967,2
35968,0
35969,1
35970,1
35971,2
35972,0
35973,2
35974,2
35975,1
35976,0
35977,2
35978,2
35979,1
35980,0
35981,1
35982,1
35983,1
35984,1
35985,1
35986,1
35987,2
35988,2
35989,1
35990,1
35991,1
35992,1
35993,2
35994,0
35995,1
35996,0
35997,2
35998,1
35999,2
36000,1
36001,2
36002,2
36003,2
36004,1
36005,1
36006,0
36007,3
36008,2
36009,2
36010,3
36011,2
36012,2
36013,0
36014,2
36015,2
36016,1
36017,2
36018,1
36019,2
36020,1
36021,2
36022,1
36023,1
36024,1
36025,1
36026,1
36027,1
36028,1
36029,1
36030,0
36031,2
36032,1
36033,1
36034,0
36035,2
36036,0
36037,1
36038,1
36039,1
36040,1
36041,1
36042,2
36043,2
36044,1
36045,1
36046,1
36047,1
36048,2
36049,1
36050,0
36051,2
36052,1
36053,1
36054,1
36055,3
36056,1
36057,1
36058,1
36059,1
36060,0
36061,1
36062,0
36063,1
36064,2
36065,0
36066,2
36067,1
36068,0
36069,1
36070,1
36071,1
36072,1
36073,1
36074,2
36075,2
36076,0
36077,3
36078,0
36079,1
36080,1
36081,0
36082,1
36083,2
36084,0
36085,1
36086,1
36087,1
36088,2
36089,1
36090,2
36091,3
36092,1
36093,1
36094,1
36095,0
36096,2
36097,1
36098,2
36099,1
36100,3
36101,1
36102,1
36103,1
36104,1
36105,1
36106,2
36107,1
36108,0
36109,1
36110,2
36111,2
36112,1
36113,1
36114,2
36115,1
36116,0
36117,1
36118,1
36119,2
36120,2
36121,1
36122,2
36123,1
36124,1
36125,2
36126,1
36127,2
36128,0
36129,3
36130,1
36131,2
36132,2
36133,2
36134,0
36135,1
36136,2
36137,1
36138,1
36139,2
36140,1
36141,1
36142,2
36143,0
36144,0
36145,1
36146,2
36147,2
36148,1
36149,0
36150,2
36151,1
36152,1
36153,1
36154,1
36155,1
36156,2
36157,1
36158,1
36159,2
36160,1
36161,1
36162,1
36163,0
36164,1
36165,1
36166,1
36167,1
36168,1
36169,1
36170,0
36171,2
36172,1
36173,1
36174,1
36175,0
36176,0
36177,2
36178,0
36179,1
36180,2
36181,1
36182,1
36183,1
36184,2
36185,1
36186,0
36187,1
36188,3
36189,0
36190,2
36191,1
36192,2
36193,1
36194,1
36195,0
36196,1
36197,1
36198,2
36199,1
36200,2
36201,2
36202,2
36203,1
36204,1
36205,1
36206,2
36207,1
36208,1
36209,1
36210,1
36211,0
36212,2
36213,1
36214,3
36215,1
36216,1
36217,1
36218,1
36219,2
36220,1
36221,1
36222,1
36223,1
36224,2
36225,1
36226,2
36227,1
36228,2
36229,1
36230,1
36231,1
36232,1
36233,2
36234,1
36235,1
36236,0
36237,1
36238,1
36239,0
36240,1
36241,2
36242,2
36243,1
36244,2
36245,2
36246,2
36247,2
36248,0
36249,1
36250,1
36251,1
36252,1
36253,1
36254,1
36255,1
36256,1
36257,1
36258,1
36259,1
36260,2
36261,2
36262,1
36263,1
36264,1
36265,2
36266,0
36267,1
36268,1
36269,2
36270,0
36271,0
36272,0
36273,0
36274,1
36275,3
36276,1
36277,2
36278,1
36279,2
36280,1
36281,2
36282,1
36283,1
36284,1
36285,2
36286,2
36287,1
36288,1
36289,3
36290,1
36291,1
36292,2
36293,2
36294,2
36295,1
36296,1
36297,1
36298,1
36299,1
36300,0
36301,0
36302,1
36303,2
36304,1
36305,2
36306,2
36307,1
36308,0
36309,1
36310,1
36311,1
36312,0
36313,1
36314,2
36315,1
36316,2
36317,0
36318,0
36319,3
36320,1
36321,1
36322,0
36323,1
36324,1
36325,2
36326,2
36327,0
36328,1
36329,1
36330,2
36331,1
36332,0
36333,1
36334,3
36335,1
36336,1
36337,1
36338,1
36339,1
36340,1
36341,1
36342,2
36343,1
36344,1
36345,2
36346,1
36347,1
36348,0
36349,1
36350,2
36351,3
36352,1
36353,0
36354,0
36355,2
36356,3
36357,2
36358,1
36359,1
36360,1
36361,1
36362,2
36363,2
36364,2
36365,2
36366,1
36367,1
36368,0
36369,1
36370,1
36371,0
36372,2
36373,0
36374,1
36375,3
36376,1
36377,1
36378,2
36379,2
36380,1
36381,1
36382,2
36383,2
36384,3
36385,1
36386,2
36387,1
36388,0
36389,1
36390,1
36391,2
36392,2
36393,2
36394,1
36395,1
36396,3
36397,0
36398,0
36399,3
36400,2
36401,0
36402,1
36403,2
36404,1
36405,2
36406,2
36407,3
36408,1
36409,2
36410,1
36411,1
36412,1
36413,0
36414,2
36415,1
36416,1
36417,1
36418,2
36419,1
36420,1
36421,0
36422,1
36423,1
36424,2
36425,0
36426,0
36427,2
36428,1
36429,1
36430,1
36431,0
36432,1
36433,3
36434,1
36435,2
36436,1
36437,2
36438,1
36439,2
36440,1
36441,2
36442,2
36443,1
36444,1
36445,2
36446,1
36447,1
36448,2
36449,1
36450,3
36451,0
36452,1
36453,2
36454,2
36455,0
36456,3
36457,2
36458,2
36459,0
36460,1
36461,1
36462,1
36463,2
36464,1
36465,1
36466,3
36467,1
36468,1
36469,1
36470,1
36471,1
36472,1
36473,0
36474,1
36475,2
36476,1
36477,2
36478,2
36479,0
36480,3
36481,0
36482,1
36483,0
36484,1
36485,1
36486,0
36487,2
36488,1
36489,2
36490,0
36491,2
36492,2
36493,0
36494,1
36495,0
36496,1
36497,2
36498,2
36499,1
36500,0
36501,2
36502,2
36503,1
36504,1
36505,1
36506,0
36507,1
36508,1
36509,2
36510,1
36511,2
36512,1
36513,0
36514,1
36515,2
36516,1
36517,2
36518,1
36519,1
36520,0
36521,2
36522,0
36523,1
36524,1
36525,1
36526,2
36527,0
36528,1
36529,2
36530,1
36531,0
36532,1
36533,0
36534,1
36535,1
36536,2
36537,0
36538,1
36539,0
36540,0
36541,1
36542,3
36543,1
36544,1
36545,0
36546,1
36547,1
36548,1
36549,1
36550,0
36551,1
36552,1
36553,1
36554,1
36555,1
36556,1
36557,0
36558,1
36559,1
36560,1
36561,2
36562,0
36563,1
36564,1
36565,2
36566,1
36567,2
36568,1
36569,1
36570,1
36571,1
36572,2
36573,1
36574,1
36575,1
36576,1
36577,1
36578,1
36579,1
36580,1
36581,1
36582,2
36583,1
36584,2
36585,1
36586,3
36587,1
36588,1
36589,1
36590,2
36591,1
36592,1
36593,1
36594,1
36595,2
36596,0
36597,0
36598,1
36599,1
36600,2
36601,1
36602,1
36603,0
36604,2
36605,2
36606,1
36607,2
36608,1
36609,1
36610,1
36611,2
36612,1
36613,0
36614,0
36615,1
36616,1
36617,1
36618,1
36619,1
36620,2
36621,1
36622,1
36623,1
36624,1
36625,0
36626,1
36627,0
36628,3
36629,2
36630,2
36631,1
36632,2
36633,3
36634,1
36635,1
36636,2
36637,1
36638,2
36639,1
36640,2
36641,1
36642,1
36643,0
36644,1
36645,2
36646,2
36647,1
36648,1
36649,1
36650,1
36651,2
36652,2
36653,1
36654,0
36655,2
36656,2
36657,0
36658,2
36659,1
36660,1
36661,1
36662,1
36663,0
36664,2
36665,1
36666,1
36667,0
36668,1
36669,1
36670,1
36671,0
36672,2
36673,1
36674,0
36675,0
36676,1
36677,1
36678,1
36679,1
36680,1
36681,0
36682,1
36683,2
36684,3
36685,2
36686,1
36687,3
36688,2
36689,1
36690,1
36691,2
36692,2
36693,1
36694,3
36695,1
36696,1
36697,1
36698,2
36699,1
36700,2
36701,0
36702,1
36703,3
36704,1
36705,1
36706,2
36707,1
36708,0
36709,1
36710,1
36711,1
36712,0
36713,1
36714,1
36715,1
36716,1
36717,1
36718,1
36719,2
36720,1
36721,0
36722,1
36723,1
36724,1
36725,1
36726,2
36727,1
36728,1
36729,1
36730,1
36731,2
36732,2
36733,1
36734,0
36735,1
36736,1
36737,2
36738,1
36739,1
36740,2
36741,2
36742,1
36743,0
36744,2
36745,1
36746,2
36747,2
36748,1
36749,0
36750,3
36751,1
36752,1
36753,1
36754,2
36755,0
36756,1
36757,1
36758,2
36759,1
36760,1
36761,1
36762,1
36763,2
36764,1
36765,1
36766,2
36767,1
36768,2
36769,1
36770,1
36771,2
36772,3
36773,2
36774,1
36775,0
36776,1
36777,2
36778,3
36779,0
36780,2
36781,1
36782,0
36783,3
36784,1
36785,2
36786,2
36787,1
36788,2
36789,1
36790,1
36791,1
36792,2
36793,0
36794,2
36795,0
36796,0
36797,1
36798,1
36799,1
36800,1
36801,1
36802,1
36803,2
36804,1
36805,0
36806,0
36807,1
36808,1
36809,2
36810,0
36811,1
36812,2
36813,0
36814,1
36815,1
36816,1
36817,1
36818,1
36819,1
36820,1
36821,0
36822,1
36823,2
36824,1
36825,2
36826,1
36827,1
36828,1
36829,1
36830,1
36831,1
36832,0
36833,1
36834,2
36835,1
36836,1
36837,1
36838,1
36839,0
36840,0
36841,2
36842,2
36843,2
36844,1
36845,1
36846,0
36847,1
36848,0
36849,0
36850,1
36851,1
36852,1
36853,2
36854,1
36855,1
36856,1
36857,0
36858,1
36859,1
36860,1
36861,2
36862,1
36863,1
36864,1
36865,1
36866,1
36867,1
36868,3
36869,1
36870,2
36871,1
36872,1
36873,1
36874,1
36875,0
36876,1
36877,2
36878,1
36879,1
36880,0
36881,1
36882,0
36883,1
36884,1
36885,3
36886,1
36887,1
36888,1
36889,1
36890,0
36891,2
36892,0
36893,1
36894,1
36895,1
36896,0
36897,1
36898,1
36899,1
36900,1
36901,1
36902,2
36903,3
36904,1
36905,2
36906,2
36907,1
36908,0
36909,1
36910,1
36911,0
36912,0
36913,2
36914,2
36915,0
36916,1
36917,1
36918,1
36919,1
36920,1
36921,1
36922,1
36923,3
36924,2
36925,1
36926,1
36927,2
36928,1
36929,0
36930,0
36931,2
36932,2
36933,1
36934,1
36935,2
36936,1
36937,1
36938,2
36939,1
36940,1
36941,0
36942,1
36943,3
36944,2
36945,1
36946,1
36947,2
36948,0
36949,1
36950,2
36951,0
36952,0
36953,1
36954,0
36955,0
36956,2
36957,2
36958,2
36959,1
36960,1
36961,2
36962,0
36963,2
36964,2
36965,1
36966,1
36967,0
36968,2
36969,1
36970,0
36971,1
36972,3
36973,2
36974,3
36975,2
36976,0
36977,0
36978,1
36979,3
36980,1
36981,1
36982,0
36983,1
36984,1
36985,2
36986,3
36987,1
36988,0
36989,2
36990,2
36991,0
36992,1
36993,1
36994,2
36995,0
36996,1
36997,1
36998,0
36999,1
37000,1
37001,2
37002,0
37003,1
37004,1
37005,1
37006,1
37007,2
37008,1
37009,3
37010,1
37011,3
37012,1
37013,1
37014,0
37015,1
37016,3
37017,1
37018,1
37019,1
37020,1
37021,2
37022,2
37023,1
37024,2
37025,3
37026,2
37027,1
37028,1
37029,1
37030,2
37031,2
37032,0
37033,2
37034,2
37035,1
37036,3
37037,2
37038,1
37039,2
37040,0
37041,1
37042,1
37043,1
37044,1
37045,1
37046,1
37047,1
37048,1
37049,1
37050,1
37051,1
37052,2
37053,2
37054,1
37055,1
37056,1
37057,0
37058,2
37059,1
37060,1
37061,1
37062,2
37063,2
37064,1
37065,1
37066,1
37067,1
37068,1
37069,1
37070,2
37071,0
37072,0
37073,1
37074,2
37075,0
37076,1
37077,0
37078,2
37079,2
37080,1
37081,1
37082,1
37083,2
37084,1
37085,1
37086,1
37087,1
37088,0
37089,1
37090,1
37091,3
37092,2
37093,1
37094,2
37095,1
37096,1
37097,2
37098,1
37099,0
37100,1
37101,2
37102,1
37103,1
37104,1
37105,3
37106,1
37107,1
37108,2
37109,1
37110,1
37111,3
37112,0
37113,2
37114,0
37115,1
37116,1
37117,1
37118,2
37119,2
37120,0
37121,1
37122,0
37123,2
37124,1
37125,1
37126,1
37127,2
37128,2
37129,2
37130,1
37131,1
37132,1
37133,0
37134,1
37135,1
37136,1
37137,1
37138,2
37139,1
37140,1
37141,1
37142,2
37143,1
37144,1
37145,1
37146,2
37147,2
37148,2
37149,2
37150,1
37151,1
37152,1
37153,1
37154,1
37155,1
37156,1
37157,2
37158,2
37159,1
37160,2
37161,0
37162,3
37163,2
37164,0
37165,1
37166,2
37167,1
37168,1
37169,1
37170,2
37171,1
37172,2
37173,1
37174,1
37175,1
37176,1
37177,1
37178,1
37179,1
37180,1
37181,2
37182,3
37183,1
37184,0
37185,0
37186,1
37187,1
37188,2
37189,1
37190,1
37191,1
37192,1
37193,2
37194,2
37195,2
37196,1
37197,0
37198,2
37199,2
37200,1
37201,3
37202,2
37203,1
37204,0
37205,2
37206,2
37207,2
37208,1
37209,1
37210,1
37211,1
37212,1
37213,1
37214,1
37215,1
37216,1
37217,1
37218,1
37219,2
37220,2
37221,1
37222,2
37223,2
37224,0
37225,1
37226,2
37227,1
37228,0
37229,1
37230,2
37231,0
37232,1
37233,1
37234,1
37235,2
37236,2
37237,1
37238,1
37239,1
37240,2
37241,1
37242,2
37243,2
37244,1
37245,0
37246,0
37247,1
37248,2
37249,1
37250,0
37251,1
37252,1
37253,1
37254,1
37255,1
37256,1
37257,1
37258,1
37259,1
37260,0
37261,2
37262,1
37263,2
37264,1
37265,1
37266,2
37267,2
37268,1
37269,1
37270,1
37271,0
37272,1
37273,2
37274,1
37275,2
37276,1
37277,1
37278,1
37279,1
37280,1
37281,2
37282,1
37283,1
37284,1
37285,1
37286,1
37287,0
37288,2
37289,1
37290,1
37291,1
37292,2
37293,1
37294,1
37295,2
37296,1
37297,1
37298,0
37299,1
37300,1
37301,1
37302,2
37303,0
37304,2
37305,1
37306,2
37307,1
37308,0
37309,1
37310,2
37311,2
37312,0
37313,1
37314,2
37315,1
37316,1
37317,1
37318,0
37319,0
37320,1
37321,1
37322,1
37323,1
37324,1
37325,1
37326,2
37327,1
37328,0
37329,1
37330,1
37331,2
37332,1
37333,2
37334,2
37335,1
37336,2
37337,1
37338,1
37339,1
37340,2
37341,1
37342,2
37343,2
37344,1
37345,2
37346,2
37347,1
37348,1
37349,1
37350,1
37351,1
37352,0
37353,1
37354,0
37355,1
37356,1
37357,2
37358,1
37359,0
37360,2
37361,0
37362,1
37363,1
37364,1
37365,1
37366,3
37367,2
37368,1
37369,1
37370,1
37371,1
37372,1
37373,0
37374,1
37375,1
37376,1
37377,0
37378,3
37379,2
37380,2
37381,1
37382,0
37383,2
37384,1
37385,1
37386,1
37387,1
37388,1
37389,1
37390,1
37391,1
37392,1
37393,1
37394,1
37395,2
37396,1
37397,2
37398,1
37399,2
37400,1
37401,1
37402,1
37403,1
37404,0
37405,0
37406,1
37407,0
37408,1
37409,1
37410,2
37411,1
37412,2
37413,0
37414,3
37415,1
37416,1
37417,1
37418,1
37419,1
37420,0
37421,1
37422,0
37423,1
37424,2
37425,2
37426,2
37427,1
37428,2
37429,1
37430,1
37431,1
37432,1
37433,1
37434,1
37435,2
37436,3
37437,0
37438,1
37439,1
37440,3
37441,1
37442,1
37443,1
37444,0
37445,2
37446,1
37447,1
37448,1
37449,1
37450,1
37451,2
37452,1
37453,1
37454,1
37455,1
37456,1
37457,2
37458,1
37459,1
37460,3
37461,2
37462,1
37463,1
37464,1
37465,1
37466,1
37467,0
37468,1
37469,3
37470,2
37471,1
37472,1
37473,2
37474,2
37475,2
37476,3
37477,1
37478,1
37479,1
37480,2
37481,1
37482,1
37483,0
37484,1
37485,1
37486,1
37487,1
37488,1
37489,0
37490,1
37491,2
37492,2
37493,1
37494,1
37495,1
37496,2
37497,1
37498,1
37499,1
37500,1
37501,1
37502,1
37503,1
37504,0
37505,0
37506,1
37507,1
37508,1
37509,1
37510,1
37511,1
37512,1
37513,3
37514,0
37515,1
37516,0
37517,1
37518,2
37519,1
37520,1
37521,1
37522,2
37523,0
37524,1
37525,2
37526,2
37527,1
37528,1
37529,1
37530,2
37531,2
37532,1
37533,1
37534,2
37535,1
37536,0
37537,2
37538,2
37539,0
37540,1
37541,2
37542,1
37543,1
37544,1
37545,3
37546,1
37547,1
37548,1
37549,2
37550,1
37551,1
37552,2
37553,3
37554,1
37555,1
37556,1
37557,1
37558,1
37559,1
37560,1
37561,0
37562,1
37563,2
37564,1
37565,1
37566,1
37567,2
37568,1
37569,1
37570,1
37571,1
37572,1
37573,1
37574,2
37575,2
37576,3
37577,0
37578,3
37579,2
37580,2
37581,1
37582,3
37583,1
37584,1
37585,0
37586,2
37587,2
37588,0
37589,0
37590,1
37591,1
37592,0
37593,0
37594,1
37595,3
37596,2
37597,1
37598,1
37599,0
37600,0
37601,1
37602,1
37603,0
37604,2
37605,2
37606,2
37607,1
37608,0
37609,2
37610,1
37611,2
37612,2
37613,1
37614,1
37615,2
37616,0
37617,2
37618,1
37619,1
37620,1
37621,1
37622,2
37623,0
37624,3
37625,1
37626,1
37627,2
37628,2
37629,1
37630,2
37631,2
37632,3
37633,2
37634,1
37635,2
37636,1
37637,1
37638,1
37639,2
37640,0
37641,1
37642,0
37643,1
37644,1
37645,1
37646,1
37647,1
37648,2
37649,2
37650,1
37651,1
37652,1
37653,1
37654,0
37655,1
37656,1
37657,1
37658,0
37659,0
37660,1
37661,1
37662,1
37663,1
37664,1
37665,0
37666,2
37667,2
37668,1
37669,1
37670,1
37671,1
37672,1
37673,1
37674,1
37675,1
37676,0
37677,3
37678,1
37679,1
37680,2
37681,2
37682,3
37683,1
37684,2
37685,1
37686,1
37687,1
37688,1
37689,1
37690,1
37691,3
37692,1
37693,2
37694,1
37695,1
37696,1
37697,2
37698,1
37699,1
37700,1
37701,1
37702,3
37703,2
37704,1
37705,1
37706,1
37707,2
37708,1
37709,1
37710,0
37711,2
37712,1
37713,0
37714,1
37715,1
37716,0
37717,0
37718,2
37719,1
37720,1
37721,1
37722,2
37723,1
37724,0
37725,1
37726,2
37727,2
37728,1
37729,1
37730,2
37731,2
37732,1
37733,2
37734,0
37735,1
37736,1
37737,1
37738,0
37739,2
37740,1
37741,1
37742,1
37743,2
37744,2
37745,2
37746,0
37747,2
37748,3
37749,2
37750,2
37751,2
37752,1
37753,2
37754,3
37755,2
37756,1
37757,1
37758,1
37759,1
37760,1
37761,2
37762,1
37763,2
37764,1
37765,3
37766,2
37767,1
37768,1
37769,0
37770,0
37771,2
37772,2
37773,2
37774,0
37775,3
37776,1
37777,1
37778,1
37779,1
37780,1
37781,2
37782,2
37783,1
37784,1
37785,1
37786,2
37787,1
37788,0
37789,2
37790,1
37791,1
37792,2
37793,1
37794,1
37795,1
37796,2
37797,2
37798,1
37799,2
37800,0
37801,3
37802,1
37803,1
37804,1
37805,2
37806,1
37807,1
37808,2
37809,1
37810,1
37811,0
37812,2
37813,1
37814,1
37815,2
37816,1
37817,1
37818,0
37819,1
37820,0
37821,0
37822,0
37823,1
37824,1
37825,0
37826,0
37827,2
37828,2
37829,1
37830,0
37831,1
37832,1
37833,1
37834,2
37835,0
37836,1
37837,1
37838,1
37839,0
37840,2
37841,1
37842,1
37843,2
37844,1
37845,2
37846,1
37847,1
37848,0
37849,1
37850,2
37851,1
37852,2
37853,0
37854,1
37855,1
37856,2
37857,1
37858,0
37859,1
37860,2
37861,2
37862,2
37863,3
37864,1
37865,1
37866,0
37867,0
37868,1
37869,1
37870,1
37871,1
37872,1
37873,0
37874,2
37875,1
37876,1
37877,1
37878,2
37879,3
37880,2
37881,1
37882,1
37883,2
37884,1
37885,1
37886,0
37887,1
37888,2
37889,1
37890,1
37891,1
37892,2
37893,0
37894,1
37895,1
37896,1
37897,1
37898,1
37899,0
37900,1
37901,1
37902,2
37903,2
37904,1
37905,3
37906,1
37907,1
37908,1
37909,0
37910,2
37911,1
37912,1
37913,1
37914,1
37915,2
37916,1
37917,0
37918,0
37919,2
37920,1
37921,1
37922,1
37923,2
37924,1
37925,1
37926,1
37927,2
37928,1
37929,1
37930,1
37931,2
37932,2
37933,1
37934,2
37935,0
37936,2
37937,1
37938,1
37939,1
37940,1
37941,1
37942,2
37943,0
37944,1
37945,1
37946,1
37947,2
37948,1
37949,2
37950,0
37951,2
37952,3
37953,1
37954,1
37955,0
37956,1
37957,3
37958,2
37959,0
37960,0
37961,3
37962,1
37963,2
37964,2
37965,2
37966,0
37967,1
37968,1
37969,1
37970,3
37971,2
37972,2
37973,2
37974,1
37975,1
37976,2
37977,1
37978,2
37979,1
37980,1
37981,1
37982,1
37983,2
37984,1
37985,3
37986,1
37987,2
37988,1
37989,1
37990,1
37991,1
37992,1
37993,1
37994,1
37995,2
37996,0
37997,1
37998,1
37999,1
38000,2
38001,2
38002,1
38003,1
38004,1
38005,1
38006,1
38007,1
38008,1
38009,1
38010,2
38011,3
38012,2
38013,1
38014,3
38015,1
38016,1
38017,1
38018,1
38019,2
38020,2
38021,2
38022,0
38023,3
38024,1
38025,0
38026,2
38027,1
38028,1
38029,0
38030,1
38031,0
38032,2
38033,3
38034,2
38035,2
38036,2
38037,2
38038,2
38039,1
38040,2
38041,3
38042,2
38043,1
38044,1
38045,1
38046,2
38047,2
38048,3
38049,1
38050,2
38051,1
38052,2
38053,2
38054,2
38055,0
38056,1
38057,1
38058,3
38059,1
38060,0
38061,1
38062,1
38063,1
38064,2
38065,1
38066,1
38067,1
38068,1
38069,2
38070,1
38071,1
38072,1
38073,1
38074,2
38075,1
38076,1
38077,1
38078,1
38079,1
38080,1
38081,1
38082,1
38083,2
38084,1
38085,1
38086,2
38087,0
38088,2
38089,2
38090,1
38091,1
38092,2
38093,0
38094,2
38095,2
38096,1
38097,3
38098,1
38099,3
38100,1
38101,1
38102,1
38103,1
38104,1
38105,2
38106,1
38107,0
38108,1
38109,0
38110,2
38111,2
38112,2
38113,1
38114,1
38115,1
38116,2
38117,3
38118,2
38119,3
38120,1
38121,3
38122,1
38123,2
38124,2
38125,2
38126,1
38127,1
38128,1
38129,1
38130,2
38131,0
38132,1
38133,2
38134,1
38135,1
38136,0
38137,1
38138,1
38139,1
38140,1
38141,1
38142,1
38143,1
38144,3
38145,1
38146,0
38147,2
38148,2
38149,1
38150,1
38151,2
38152,1
38153,1
38154,1
38155,1
38156,0
38157,2
38158,1
38159,1
38160,1
38161,0
38162,1
38163,2
38164,0
38165,1
38166,2
38167,2
38168,2
38169,2
38170,2
38171,1
38172,1
38173,1
38174,1
38175,0
38176,2
38177,1
38178,0
38179,2
38180,0
38181,1
38182,2
38183,1
38184,1
38185,2
38186,1
38187,0
38188,2
38189,0
38190,1
38191,0
38192,2
38193,3
38194,2
38195,1
38196,1
38197,3
38198,0
38199,1
38200,1
38201,1
38202,1
38203,1
38204,0
38205,1
38206,1
38207,1
38208,2
38209,2
38210,1
38211,2
38212,2
38213,3
38214,1
38215,2
38216,1
38217,1
38218,0
38219,0
38220,1
38221,0
38222,2
38223,3
38224,1
38225,0
38226,0
38227,1
38228,1
38229,1
38230,1
38231,3
38232,1
38233,1
38234,3
38235,2
38236,0
38237,1
38238,1
38239,0
38240,1
38241,0
38242,1
38243,2
38244,1
38245,0
38246,1
38247,2
38248,2
38249,1
38250,1
38251,2
38252,1
38253,1
38254,1
38255,1
38256,1
38257,1
38258,2
38259,2
38260,2
38261,2
38262,1
38263,0
38264,0
38265,1
38266,0
38267,1
38268,0
38269,0
38270,1
38271,2
38272,1
38273,1
38274,1
38275,1
38276,0
38277,2
38278,2
38279,1
38280,0
38281,1
38282,1
38283,3
38284,0
38285,1
38286,1
38287,1
38288,3
38289,1
38290,1
38291,2
38292,1
38293,2
38294,0
38295,1
38296,1
38297,1
38298,1
38299,2
38300,0
38301,2
38302,0
38303,0
38304,0
38305,2
38306,1
38307,1
38308,1
38309,1
38310,1
38311,1
38312,1
38313,2
38314,0
38315,2
38316,0
38317,1
38318,1
38319,1
38320,1
38321,1
38322,3
38323,1
38324,1
38325,2
38326,1
38327,2
38328,1
38329,1
38330,1
38331,1
38332,2
38333,1
38334,1
38335,3
38336,1
38337,1
38338,1
38339,2
38340,1
38341,2
38342,2
38343,1
38344,2
38345,0
38346,2
38347,1
38348,2
38349,2
38350,0
38351,2
38352,2
38353,1
38354,2
38355,1
38356,1
38357,1
38358,0
38359,2
38360,1
38361,0
38362,1
38363,1
38364,1
38365,1
38366,2
38367,2
38368,2
38369,1
38370,1
38371,1
38372,0
38373,0
38374,0
38375,2
38376,1
38377,2
38378,1
38379,0
38380,1
38381,2
38382,0
38383,1
38384,2
38385,3
38386,3
38387,2
38388,1
38389,1
38390,2
38391,1
38392,2
38393,0
38394,0
38395,1
38396,1
38397,2
38398,2
38399,1
38400,1
38401,1
38402,2
38403,3
38404,1
38405,2
38406,1
38407,2
38408,2
38409,1
38410,1
38411,0
38412,1
38413,1
38414,2
38415,2
38416,1
38417,2
38418,1
38419,1
38420,1
38421,2
38422,1
38423,1
38424,2
38425,1
38426,3
38427,1
38428,2
38429,1
38430,2
38431,2
38432,0
38433,1
38434,1
38435,0
38436,1
38437,2
38438,1
38439,1
38440,2
38441,2
38442,1
38443,1
38444,1
38445,2
38446,1
38447,0
38448,1
38449,2
38450,1
38451,1
38452,0
38453,1
38454,0
38455,1
38456,1
38457,1
38458,1
38459,1
38460,1
38461,0
38462,0
38463,2
38464,2
38465,2
38466,1
38467,1
38468,1
38469,2
38470,0
38471,1
38472,1
38473,1
38474,1
38475,2
38476,1
38477,1
38478,2
38479,0
38480,2
38481,2
38482,1
38483,2
38484,1
38485,0
38486,2
38487,2
38488,1
38489,1
38490,2
38491,1
38492,1
38493,3
38494,1
38495,2
38496,1
38497,2
38498,1
38499,0
38500,1
38501,1
38502,1
38503,1
38504,2
38505,1
38506,2
38507,1
38508,1
38509,1
38510,1
38511,1
38512,2
38513,2
38514,1
38515,1
38516,1
38517,1
38518,0
38519,1
38520,2
38521,1
38522,1
38523,2
38524,1
38525,0
38526,1
38527,1
38528,2
38529,2
38530,1
38531,0
38532,1
38533,0
38534,2
38535,2
38536,3
38537,0
38538,0
38539,1
38540,2
38541,1
38542,1
38543,1
38544,1
38545,1
38546,0
38547,1
38548,2
38549,3
38550,2
38551,1
38552,1
38553,1
38554,3
38555,2
38556,1
38557,1
38558,0
38559,2
38560,1
38561,1
38562,0
38563,1
38564,1
38565,1
38566,1
38567,1
38568,1
38569,3
38570,2
38571,1
38572,2
38573,2
38574,2
38575,1
38576,2
38577,2
38578,1
38579,1
38580,1
38581,1
38582,3
38583,2
38584,1
38585,1
38586,1
38587,2
38588,1
38589,1
38590,1
38591,1
38592,0
38593,1
38594,3
38595,2
38596,1
38597,1
38598,1
38599,1
38600,2
38601,1
38602,1
38603,1
38604,1
38605,0
38606,1
38607,1
38608,2
38609,3
38610,3
38611,2
38612,2
38613,2
38614,1
38615,0
38616,1
38617,1
38618,3
38619,0
38620,1
38621,0
38622,2
38623,3
38624,1
38625,0
38626,0
38627,2
38628,2
38629,0
38630,1
38631,1
38632,1
38633,1
38634,1
38635,1
38636,3
38637,2
38638,1
38639,1
38640,0
38641,0
38642,1
38643,1
38644,1
38645,1
38646,3
38647,1
38648,1
38649,1
38650,0
38651,2
38652,1
38653,2
38654,2
38655,2
38656,0
38657,1
38658,2
38659,1
38660,1
38661,1
38662,2
38663,1
38664,2
38665,0
38666,2
38667,3
38668,1
38669,1
38670,0
38671,2
38672,0
38673,2
38674,1
38675,0
38676,1
38677,2
38678,1
38679,1
38680,1
38681,1
38682,2
38683,1
38684,2
38685,1
38686,0
38687,1
38688,2
38689,1
38690,1
38691,1
38692,1
38693,2
38694,1
38695,2
38696,0
38697,0
38698,1
38699,1
38700,1
38701,1
38702,1
38703,2
38704,0
38705,1
38706,3
38707,1
38708,1
38709,2
38710,2
38711,2
38712,2
38713,2
38714,1
38715,1
38716,0
38717,2
38718,2
38719,2
38720,1
38721,3
38722,0
38723,1
38724,2
38725,1
38726,2
38727,1
38728,2
38729,1
38730,1
38731,2
38732,2
38733,1
38734,0
38735,1
38736,1
38737,1
38738,2
38739,2
38740,1
38741,1
38742,1
38743,1
38744,1
38745,1
38746,2
38747,1
38748,1
38749,1
38750,1
38751,3
38752,1
38753,1
38754,1
38755,2
38756,0
38757,1
38758,2
38759,1
38760,3
38761,1
38762,1
38763,1
38764,0
38765,1
38766,1
38767,0
38768,2
38769,2
38770,1
38771,1
38772,1
38773,2
38774,2
38775,1
38776,1
38777,2
38778,0
38779,0
38780,2
38781,1
38782,0
38783,0
38784,2
38785,0
38786,2
38787,2
38788,2
38789,0
38790,1
38791,1
38792,2
38793,1
38794,1
38795,0
38796,0
38797,1
38798,2
38799,2
38800,2
38801,2
38802,1
38803,2
38804,1
38805,2
38806,1
38807,1
38808,1
38809,1
38810,2
38811,1
38812,1
38813,1
38814,1
38815,1
38816,1
38817,1
38818,1
38819,2
38820,1
38821,1
38822,1
38823,0
38824,1
38825,1
38826,2
38827,1
38828,2
38829,3
38830,2
38831,1
38832,0
38833,1
38834,1
38835,0
38836,1
38837,2
38838,1
38839,1
38840,0
38841,2
38842,0
38843,0
38844,1
38845,1
38846,1
38847,1
38848,1
38849,2
38850,2
38851,0
38852,1
38853,1
38854,1
38855,1
38856,1
38857,0
38858,1
38859,1
38860,2
38861,2
38862,1
38863,1
38864,2
38865,1
38866,1
38867,1
38868,2
38869,2
38870,2
38871,0
38872,0
38873,2
38874,1
38875,3
38876,1
38877,1
38878,2
38879,0
38880,2
38881,0
38882,2
38883,0
38884,2
38885,1
38886,1
38887,1
38888,2
38889,1
38890,0
38891,2
38892,0
38893,3
38894,1
38895,1
38896,1
38897,1
38898,1
38899,1
38900,2
38901,1
38902,1
38903,0
38904,2
38905,2
38906,1
38907,0
38908,0
38909,1
38910,1
38911,2
38912,2
38913,1
38914,0
38915,1
38916,2
38917,1
38918,2
38919,1
38920,1
38921,1
38922,1
38923,0
38924,2
38925,1
38926,1
38927,0
38928,3
38929,0
38930,1
38931,1
38932,1
38933,1
38934,1
38935,2
38936,1
38937,2
38938,2
38939,1
38940,1
38941,1
38942,0
38943,1
38944,1
38945,1
38946,2
38947,2
38948,3
38949,1
38950,0
38951,1
38952,0
38953,1
38954,0
38955,0
38956,2
38957,2
38958,2
38959,1
38960,2
38961,1
38962,1
38963,1
38964,1
38965,0
38966,3
38967,1
38968,2
38969,1
38970,0
38971,1
38972,1
38973,2
38974,2
38975,2
38976,1
38977,0
38978,1
38979,1
38980,0
38981,1
38982,2
38983,0
38984,1
38985,1
38986,2
38987,2
38988,1
38989,1
38990,1
38991,1
38992,1
38993,1
38994,3
38995,1
38996,0
38997,2
38998,1
38999,0
39000,1
39001,1
39002,1
39003,1
39004,1
39005,1
39006,1
39007,2
39008,2
39009,0
39010,1
39011,1
39012,1
39013,0
39014,2
39015,1
39016,2
39017,2
39018,2
39019,1
39020,1
39021,1
39022,1
39023,1
39024,1
39025,1
39026,2
39027,1
39028,2
39029,3
39030,0
39031,1
39032,1
39033,3
39034,1
39035,2
39036,1
39037,2
39038,0
39039,2
39040,3
39041,3
39042,2
39043,1
39044,2
39045,0
39046,1
39047,1
39048,1
39049,1
39050,1
39051,3
39052,1
39053,2
39054,2
39055,2
39056,1
39057,2
39058,1
39059,1
39060,0
39061,2
39062,1
39063,0
39064,1
39065,2
39066,1
39067,2
39068,1
39069,1
39070,1
39071,1
39072,0
39073,2
39074,0
39075,1
39076,1
39077,1
39078,1
39079,2
39080,1
39081,3
39082,2
39083,1
39084,1
39085,1
39086,2
39087,0
39088,1
39089,1
39090,2
39091,1
39092,0
39093,1
39094,1
39095,2
39096,1
39097,1
39098,3
39099,1
39100,2
39101,1
39102,1
39103,1
39104,1
39105,1
39106,1
39107,1
39108,0
39109,2
39110,1
39111,1
39112,2
39113,1
39114,0
39115,1
39116,3
39117,1
39118,1
39119,2
39120,1
39121,0
39122,0
39123,0
39124,1
39125,0
39126,1
39127,1
39128,1
39129,2
39130,3
39131,1
39132,1
39133,1
39134,1
39135,2
39136,1
39137,3
39138,1
39139,1
39140,1
39141,0
39142,2
39143,2
39144,3
39145,1
39146,0
39147,1
39148,1
39149,2
39150,1
39151,1
39152,1
39153,3
39154,1
39155,1
39156,1
39157,1
39158,1
39159,1
39160,1
39161,0
39162,2
39163,3
39164,1
39165,2
39166,2
39167,1
39168,1
39169,1
39170,2
39171,1
39172,1
39173,0
39174,1
39175,0
39176,1
39177,1
39178,0
39179,1
39180,2
39181,0
39182,2
39183,1
39184,1
39185,1
39186,0
39187,1
39188,1
39189,2
39190,2
39191,0
39192,2
39193,1
39194,1
39195,2
39196,1
39197,2
39198,1
39199,1
39200,1
39201,2
39202,1
39203,1
39204,1
39205,2
39206,3
39207,1
39208,1
39209,1
39210,1
39211,1
39212,1
39213,2
39214,1
39215,1
39216,1
39217,1
39218,1
39219,2
39220,1
39221,3
39222,3
39223,2
39224,1
39225,1
39226,2
39227,1
39228,2
39229,1
39230,1
39231,1
39232,1
39233,2
39234,1
39235,1
39236,1
39237,1
39238,0
39239,2
39240,1
39241,1
39242,0
39243,1
39244,1
39245,2
39246,2
39247,1
39248,2
39249,1
39250,1
39251,1
39252,1
39253,2
39254,2
39255,1
39256,0
39257,2
39258,1
39259,2
39260,1
39261,1
39262,1
39263,0
39264,0
39265,1
39266,1
39267,1
39268,0
39269,1
39270,0
39271,2
39272,0
39273,1
39274,1
39275,2
39276,2
39277,1
39278,3
39279,1
39280,3
39281,1
39282,0
39283,1
39284,0
39285,1
39286,1
39287,1
39288,1
39289,3
39290,1
39291,1
39292,1
39293,2
39294,1
39295,3
39296,2
39297,0
39298,1
39299,2
39300,1
39301,0
39302,2
39303,1
39304,1
39305,0
39306,2
39307,2
39308,1
39309,0
39310,1
39311,1
39312,1
39313,0
39314,1
39315,0
39316,3
39317,2
39318,2
39319,1
39320,2
39321,2
39322,2
39323,1
39324,1
39325,1
39326,2
39327,1
39328,0
39329,1
39330,1
39331,1
39332,2
39333,2
39334,1
39335,1
39336,1
39337,1
39338,1
39339,1
39340,1
39341,1
39342,1
39343,1
39344,3
39345,1
39346,2
39347,1
39348,2
39349,2
39350,3
39351,1
39352,1
39353,2
39354,2
39355,1
39356,0
39357,1
39358,1
39359,2
39360,1
39361,2
39362,3
39363,1
39364,2
39365,1
39366,1
39367,2
39368,1
39369,1
39370,1
39371,2
39372,1
39373,1
39374,1
39375,2
39376,1
39377,1
39378,1
39379,1
39380,1
39381,2
39382,1
39383,1
39384,2
39385,2
39386,1
39387,1
39388,1
39389,1
39390,1
39391,0
39392,1
39393,2
39394,2
39395,1
39396,1
39397,1
39398,2
39399,0
39400,1
39401,1
39402,0
39403,1
39404,1
39405,1
39406,0
39407,2
39408,1
39409,1
39410,0
39411,2
39412,2
39413,0
39414,1
39415,1
39416,2
39417,2
39418,2
39419,1
39420,0
39421,1
39422,1
39423,1
39424,2
39425,1
39426,2
39427,1
39428,2
39429,0
39430,0
39431,1
39432,1
39433,1
39434,1
39435,1
39436,1
39437,1
39438,1
39439,1
39440,0
39441,2
39442,1
39443,2
39444,2
39445,1
39446,1
39447,0
39448,0
39449,1
39450,1
39451,2
39452,2
39453,1
39454,1
39455,2
39456,1
39457,0
39458,1
39459,1
39460,1
39461,1
39462,3
39463,2
39464,2
39465,1
39466,2
39467,1
39468,1
39469,1
39470,2
39471,1
39472,3
39473,1
39474,1
39475,2
39476,1
39477,1
39478,0
39479,0
39480,2
39481,2
39482,0
39483,1
39484,1
39485,1
39486,2
39487,1
39488,2
39489,2
39490,1
39491,0
39492,0
39493,1
39494,1
39495,2
39496,1
39497,1
39498,3
39499,0
39500,1
39501,2
39502,0
39503,1
39504,0
39505,3
39506,0
39507,1
39508,1
39509,0
39510,2
39511,0
39512,1
39513,1
39514,1
39515,3
39516,3
39517,1
39518,2
39519,1
39520,1
39521,0
39522,1
39523,1
39524,1
39525,1
39526,0
39527,1
39528,2
39529,1
39530,2
39531,2
39532,1
39533,0
39534,1
39535,2
39536,1
39537,0
39538,2
39539,1
39540,2
39541,1
39542,2
39543,1
39544,0
39545,0
39546,1
39547,1
39548,1
39549,1
39550,0
39551,1
39552,1
39553,1
39554,0
39555,1
39556,1
39557,1
39558,3
39559,1
39560,2
39561,2
39562,1
39563,1
39564,1
39565,2
39566,1
39567,2
39568,2
39569,0
39570,1
39571,2
39572,1
39573,1
39574,1
39575,0
39576,1
39577,0
39578,2
39579,1
39580,1
39581,1
39582,1
39583,1
39584,0
39585,2
39586,0
39587,1
39588,0
39589,2
39590,1
39591,1
39592,1
39593,1
39594,1
39595,1
39596,2
39597,1
39598,1
39599,0
39600,1
39601,1
39602,1
39603,1
39604,2
39605,1
39606,1
39607,1
39608,1
39609,1
39610,1
39611,1
39612,0
39613,0
39614,1
39615,3
39616,1
39617,1
39618,1
39619,2
39620,1
39621,2
39622,2
39623,0
39624,1
39625,1
39626,1
39627,0
39628,1
39629,1
39630,1
39631,2
39632,3
39633,1
39634,1
39635,1
39636,1
39637,3
39638,1
39639,1
39640,0
39641,3
39642,3
39643,2
39644,1
39645,2
39646,2
39647,1
39648,1
39649,1
39650,2
39651,1
39652,1
39653,1
39654,1
39655,3
39656,0
39657,1
39658,1
39659,2
39660,1
39661,0
39662,1
39663,1
39664,1
39665,2
39666,1
39667,1
39668,1
39669,2
39670,1
39671,0
39672,1
39673,0
39674,1
39675,1
39676,1
39677,2
39678,1
39679,1
39680,1
39681,1
39682,1
39683,1
39684,0
39685,1
39686,1
39687,1
39688,1
39689,2
39690,0
39691,2
39692,1
39693,1
39694,0
39695,1
39696,2
39697,1
39698,3
39699,1
39700,1
39701,1
39702,2
39703,1
39704,1
39705,1
39706,2
39707,2
39708,2
39709,1
39710,1
39711,1
39712,1
39713,1
39714,1
39715,3
39716,2
39717,1
39718,1
39719,1
39720,1
39721,1
39722,1
39723,2
39724,1
39725,1
39726,1
39727,1
39728,1
39729,1
39730,0
39731,1
39732,1
39733,1
39734,2
39735,1
39736,1
39737,2
39738,2
39739,2
39740,2
39741,1
39742,2
39743,2
39744,1
39745,1
39746,2
39747,2
39748,0
39749,1
39750,3
39751,1
39752,1
39753,2
39754,1
39755,1
39756,1
39757,0
39758,1
39759,2
39760,1
39761,1
39762,0
39763,2
39764,1
39765,3
39766,1
39767,1
39768,0
39769,0
39770,2
39771,1
39772,1
39773,0
39774,1
39775,1
39776,1
39777,1
39778,1
39779,2
39780,1
39781,1
39782,1
39783,3
39784,0
39785,1
39786,1
39787,2
39788,1
39789,1
39790,1
39791,2
39792,1
39793,1
39794,1
39795,1
39796,3
39797,0
39798,2
39799,2
39800,1
39801,1
39802,1
39803,3
39804,1
39805,1
39806,1
39807,1
39808,1
39809,2
39810,2
39811,1
39812,3
39813,1
39814,1
39815,2
39816,2
39817,1
39818,0
39819,1
39820,2
39821,1
39822,1
39823,1
39824,1
39825,1
39826,0
39827,0
39828,1
39829,1
39830,1
39831,1
39832,0
39833,2
39834,1
39835,1
39836,1
39837,1
39838,1
39839,3
39840,1
39841,1
39842,1
39843,1
39844,1
39845,0
39846,2
39847,2
39848,1
39849,2
39850,1
39851,2
39852,2
39853,1
39854,1
39855,1
39856,2
39857,1
39858,1
39859,1
39860,1
39861,1
39862,1
39863,0
39864,1
39865,1
39866,2
39867,1
39868,2
39869,1
39870,1
39871,1
39872,2
39873,1
39874,1
39875,1
39876,2
39877,0
39878,3
39879,0
39880,0
39881,1
39882,2
39883,2
39884,1
39885,1
39886,2
39887,1
39888,3
39889,2
39890,1
39891,2
39892,0
39893,0
39894,1
39895,2
39896,1
39897,1
39898,2
39899,1
39900,1
39901,2
39902,2
39903,2
39904,0
39905,1
39906,2
39907,0
39908,1
39909,1
39910,0
39911,0
39912,1
39913,1
39914,1
39915,2
39916,1
39917,1
39918,1
39919,1
39920,1
39921,1
39922,1
39923,2
39924,1
39925,2
39926,1
39927,2
39928,1
39929,1
39930,2
39931,1
39932,0
39933,1
39934,1
39935,1
39936,2
39937,1
39938,2
39939,1
39940,2
39941,0
39942,0
39943,1
39944,1
39945,1
39946,2
39947,1
39948,1
39949,0
39950,0
39951,3
39952,2
39953,1
39954,1
39955,2
39956,0
39957,1
39958,1
39959,1
39960,3
39961,1
39962,1
39963,2
39964,1
39965,1
39966,2
39967,1
39968,1
39969,1
39970,1
39971,1
39972,0
39973,0
39974,1
39975,2
39976,1
39977,3
39978,1
39979,0
39980,2
39981,1
39982,2
39983,2
39984,1
39985,2
39986,1
39987,2
39988,1
39989,1
39990,1
39991,0
39992,1
39993,1
39994,1
39995,1
39996,1
39997,2
39998,2
39999,2
40000,1
40001,3
40002,1
40003,1
40004,1
40005,1
40006,1
40007,0
40008,1
40009,1
40010,3
40011,1
40012,2
40013,1
40014,3
40015,1
40016,0
40017,1
40018,1
40019,1
40020,1
40021,1
40022,1
40023,2
40024,2
40025,1
40026,2
40027,1
40028,0
40029,0
40030,3
40031,1
40032,1
40033,1
40034,1
40035,1
40036,1
40037,1
40038,1
40039,1
40040,1
40041,2
40042,3
40043,1
40044,0
40045,1
40046,1
40047,0
40048,1
40049,1
40050,0
40051,0
40052,2
40053,0
40054,2
40055,1
40056,0
40057,2
40058,1
40059,1
40060,1
40061,1
40062,1
40063,1
40064,0
40065,0
40066,1
40067,1
40068,1
40069,0
40070,1
40071,1
40072,1
40073,1
40074,3
40075,3
40076,1
40077,1
40078,3
40079,2
40080,1
40081,1
40082,1
40083,1
40084,1
40085,2
40086,1
40087,2
40088,0
40089,1
40090,1
40091,1
40092,2
40093,1
40094,1
40095,1
40096,2
40097,1
40098,1
40099,1
40100,0
40101,2
40102,2
40103,1
40104,1
40105,1
40106,2
40107,1
40108,1
40109,2
40110,1
40111,1
40112,3
40113,0
40114,1
40115,2
40116,1
40117,0
40118,0
40119,1
40120,1
40121,0
40122,1
40123,1
40124,1
40125,1
40126,1
40127,1
40128,1
40129,2
40130,0
40131,1
40132,1
40133,1
40134,1
40135,1
40136,1
40137,0
40138,1
40139,1
40140,2
40141,3
40142,1
40143,1
40144,0
40145,3
40146,1
40147,0
40148,0
40149,1
40150,2
40151,2
40152,1
40153,2
40154,0
40155,1
40156,2
40157,2
40158,1
40159,1
40160,0
40161,1
40162,1
40163,0
40164,0
40165,0
40166,2
40167,0
40168,2
40169,2
40170,2
40171,1
40172,1
40173,1
40174,2
40175,2
40176,0
40177,1
40178,0
40179,1
40180,2
40181,2
40182,2
40183,1
40184,1
40185,1
40186,2
40187,0
40188,1
40189,3
40190,1
40191,0
40192,2
40193,1
40194,1
40195,1
40196,1
40197,0
40198,2
40199,0
40200,1
40201,0
40202,0
40203,1
40204,1
40205,1
40206,0
40207,0
40208,0
40209,1
40210,1
40211,1
40212,0
40213,1
40214,1
40215,2
40216,1
40217,2
40218,1
40219,2
40220,1
40221,1
40222,1
40223,1
40224,1
40225,2
40226,1
40227,1
40228,1
40229,2
40230,1
40231,1
40232,1
40233,0
40234,3
40235,3
40236,1
40237,1
40238,1
40239,2
40240,2
40241,1
40242,2
40243,2
40244,0
40245,1
40246,1
40247,1
40248,2
40249,0
40250,1
40251,1
40252,0
40253,1
40254,1
40255,0
40256,3
40257,1
40258,1
40259,1
40260,2
40261,1
40262,1
40263,2
40264,2
40265,0
40266,1
40267,2
40268,2
40269,1
40270,0
40271,2
40272,1
40273,2
40274,3
40275,1
40276,0
40277,2
40278,1
40279,1
40280,1
40281,2
40282,1
40283,0
40284,1
40285,2
40286,2
40287,2
40288,1
40289,1
40290,2
40291,0
40292,2
40293,1
40294,1
40295,0
40296,0
40297,2
40298,1
40299,1
40300,1
40301,2
40302,0
40303,1
40304,2
40305,1
40306,1
40307,1
40308,2
40309,1
40310,1
40311,2
40312,2
40313,1
40314,2
40315,2
40316,2
40317,1
40318,1
40319,1
40320,2
40321,1
40322,1
40323,1
40324,1
40325,1
40326,0
40327,2
40328,0
40329,1
40330,3
40331,1
40332,2
40333,2
40334,1
40335,1
40336,1
40337,1
40338,2
40339,2
40340,0
40341,1
40342,0
40343,1
40344,1
40345,0
40346,1
40347,2
40348,1
40349,2
40350,1
40351,1
40352,1
40353,1
40354,1
40355,2
40356,1
40357,1
40358,1
40359,0
40360,1
40361,0
40362,1
40363,1
40364,2
40365,1
40366,3
40367,1
40368,1
40369,1
40370,3
40371,2
40372,1
40373,1
40374,2
40375,1
40376,1
40377,2
40378,1
40379,1
40380,1
40381,2
40382,3
40383,1
40384,1
40385,0
40386,2
40387,0
40388,0
40389,1
40390,0
40391,1
40392,1
40393,1
40394,1
40395,2
40396,2
40397,1
40398,0
40399,1
40400,1
40401,1
40402,2
40403,2
40404,1
40405,0
40406,1
40407,1
40408,1
40409,2
40410,2
40411,1
40412,2
40413,1
40414,1
40415,0
40416,2
40417,1
40418,1
40419,2
40420,0
40421,1
40422,2
40423,1
40424,1
40425,0
40426,1
40427,2
40428,2
40429,1
40430,1
40431,2
40432,1
40433,1
40434,0
40435,1
40436,2
40437,2
40438,1
40439,1
40440,0
40441,1
40442,1
40443,2
40444,1
40445,2
40446,1
40447,1
40448,1
40449,2
40450,2
40451,1
40452,0
40453,1
40454,1
40455,2
40456,1
40457,1
40458,0
40459,1
40460,2
40461,0
40462,2
40463,1
40464,1
40465,2
40466,0
40467,1
40468,1
40469,2
40470,2
40471,3
40472,1
40473,1
40474,2
40475,0
40476,1
40477,0
40478,1
40479,1
40480,2
40481,0
40482,0
40483,2
40484,1
40485,1
40486,1
40487,1
40488,1
40489,2
40490,1
40491,2
40492,1
40493,2
40494,3
40495,2
40496,0
40497,1
40498,0
40499,1
40500,0
40501,1
40502,0
40503,1
40504,1
40505,1
40506,1
40507,1
40508,0
40509,1
40510,0
40511,0
40512,1
40513,1
40514,3
40515,1
40516,0
40517,2
40518,1
40519,3
40520,2
40521,2
40522,1
40523,2
40524,2
40525,1
40526,0
40527,1
40528,2
40529,2
40530,1
40531,1
40532,2
40533,1
40534,1
40535,2
40536,2
40537,2
40538,1
40539,2
40540,1
40541,1
40542,1
40543,2
40544,2
40545,1
40546,1
40547,1
40548,1
40549,1
40550,0
40551,1
40552,0
40553,2
40554,1
40555,0
40556,0
40557,1
40558,0
40559,1
40560,2
40561,2
40562,2
40563,1
40564,3
40565,1
40566,1
40567,2
40568,1
40569,1
40570,1
40571,1
40572,0
40573,2
40574,1
40575,3
40576,1
40577,1
40578,2
40579,1
40580,1
40581,0
40582,0
40583,1
40584,1
40585,1
40586,3
40587,2
40588,1
40589,3
40590,1
40591,1
40592,3
40593,1
40594,2
40595,2
40596,2
40597,1
40598,1
40599,2
40600,2
40601,0
40602,1
40603,1
40604,1
40605,1
40606,1
40607,1
40608,1
40609,2
40610,1
40611,0
40612,2
40613,2
40614,2
40615,1
40616,1
40617,1
40618,1
40619,1
40620,2
40621,2
40622,1
40623,2
40624,0
40625,0
40626,2
40627,0
40628,2
40629,1
40630,2
40631,0
40632,1
40633,1
40634,2
40635,1
40636,1
40637,3
40638,1
40639,2
40640,1
40641,1
40642,1
40643,3
40644,2
40645,1
40646,1
40647,1
40648,1
40649,1
40650,1
40651,2
40652,1
40653,1
40654,1
40655,1
40656,2
40657,2
40658,0
40659,1
40660,0
40661,2
40662,2
40663,1
40664,1
40665,0
40666,1
40667,0
40668,1
40669,1
40670,2
40671,1
40672,0
40673,2
40674,0
40675,2
40676,1
40677,0
40678,1
40679,2
40680,0
40681,3
40682,1
40683,1
40684,1
40685,2
40686,3
40687,1
40688,2
40689,0
40690,2
40691,1
40692,0
40693,0
40694,2
40695,2
40696,2
40697,1
40698,1
40699,3
40700,1
40701,1
40702,2
40703,1
40704,1
40705,1
40706,3
40707,1
40708,1
40709,0
40710,1
40711,2
40712,2
40713,1
40714,2
40715,0
40716,1
40717,1
40718,1
40719,1
40720,1
40721,1
40722,1
40723,1
40724,1
40725,1
40726,3
40727,2
40728,1
40729,1
40730,0
40731,1
40732,0
40733,1
40734,1
40735,1
40736,2
40737,2
40738,1
40739,1
40740,0
40741,1
40742,1
40743,1
40744,1
40745,0
40746,1
40747,1
40748,1
40749,2
40750,1
40751,1
40752,1
40753,0
40754,1
40755,1
40756,0
40757,0
40758,1
40759,0
40760,2
40761,1
40762,1
40763,0
40764,1
40765,1
40766,1
40767,1
40768,0
40769,1
40770,1
40771,1
40772,1
40773,1
40774,1
40775,2
40776,2
40777,1
40778,2
40779,2
40780,1
40781,1
40782,2
40783,1
40784,1
40785,1
40786,2
40787,1
40788,2
40789,1
40790,1
40791,1
40792,1
40793,1
40794,1
40795,1
40796,1
40797,1
40798,1
40799,1
40800,0
40801,1
40802,1
40803,1
40804,1
40805,2
40806,1
40807,2
40808,1
40809,0
40810,0
40811,0
40812,1
40813,1
40814,1
40815,1
40816,2
40817,2
40818,0
40819,1
40820,1
40821,1
40822,1
40823,0
40824,1
40825,1
40826,1
40827,0
40828,0
40829,2
40830,1
40831,1
40832,2
40833,1
40834,0
40835,1
40836,1
40837,1
40838,0
40839,1
40840,1
40841,2
40842,1
40843,0
40844,1
40845,2
40846,1
40847,0
40848,1
40849,2
40850,2
40851,1
40852,0
40853,2
40854,1
40855,1
40856,1
40857,1
40858,1
40859,1
40860,2
40861,2
40862,3
40863,2
40864,2
40865,1
40866,2
40867,1
40868,2
40869,1
40870,1
40871,1
40872,1
40873,2
40874,1
40875,2
40876,0
40877,2
40878,0
40879,0
40880,0
40881,1
40882,1
40883,1
40884,2
40885,0
40886,1
40887,2
40888,1
40889,1
40890,2
40891,0
40892,1
40893,2
40894,1
40895,2
40896,2
40897,2
40898,1
40899,1
40900,1
40901,1
40902,0
40903,1
40904,1
40905,1
40906,1
40907,3
40908,1
40909,1
40910,1
40911,1
40912,0
40913,2
40914,1
40915,1
40916,1
40917,1
40918,1
40919,1
40920,1
40921,1
40922,2
40923,2
40924,0
40925,1
40926,1
40927,2
40928,1
40929,2
40930,1
40931,1
40932,2
40933,1
40934,1
40935,1
40936,1
40937,2
40938,1
40939,1
40940,1
40941,1
40942,1
40943,2
40944,2
40945,2
40946,1
40947,1
40948,1
40949,0
40950,1
40951,2
40952,1
40953,1
40954,1
40955,2
40956,0
40957,0
40958,2
40959,0
40960,2
40961,0
40962,1
40963,1
40964,2
40965,1
40966,2
40967,0
40968,1
40969,2
40970,1
40971,1
40972,1
40973,1
40974,1
40975,1
40976,2
40977,2
40978,1
40979,1
40980,1
40981,1
40982,3
40983,1
40984,1
40985,1
40986,1
40987,2
40988,1
40989,0
40990,1
40991,1
40992,1
40993,2
40994,1
40995,1
40996,1
40997,1
40998,1
40999,1
41000,1
41001,1
41002,2
41003,1
41004,2
41005,1
41006,2
41007,1
41008,1
41009,2
41010,0
41011,1
41012,1
41013,2
41014,1
41015,1
41016,1
41017,1
41018,1
41019,1
41020,2
41021,1
41022,1
41023,1
41024,1
41025,3
41026,1
41027,1
41028,1
41029,0
41030,0
41031,2
41032,1
41033,0
41034,1
41035,1
41036,0
41037,1
41038,1
41039,1
41040,2
41041,1
41042,0
41043,1
41044,1
41045,2
41046,1
41047,2
41048,1
41049,2
41050,1
41051,1
41052,1
41053,1
41054,3
41055,1
41056,1
41057,0
41058,0
41059,2
41060,1
41061,1
41062,0
41063,1
41064,1
41065,1
41066,1
41067,1
41068,0
41069,2
41070,3
41071,1
41072,1
41073,0
41074,0
41075,1
41076,1
41077,1
41078,1
41079,1
41080,1
41081,2
41082,2
41083,0
41084,2
41085,1
41086,2
41087,0
41088,1
41089,1
41090,0
41091,0
41092,0
41093,1
41094,2
41095,1
41096,1
41097,2
41098,2
41099,1
41100,0
41101,2
41102,3
41103,1
41104,1
41105,2
41106,2
41107,1
41108,2
41109,0
41110,0
41111,1
41112,1
41113,1
41114,2
41115,1
41116,2
41117,2
41118,1
41119,1
41120,2
41121,1
41122,2
41123,0
41124,1
41125,0
41126,0
41127,2
41128,2
41129,0
41130,1
41131,1
41132,1
41133,0
41134,1
41135,2
41136,1
41137,1
41138,0
41139,1
41140,2
41141,1
41142,1
41143,3
41144,2
41145,1
41146,2
41147,1
41148,1
41149,1
41150,1
41151,2
41152,0
41153,2
41154,1
41155,1
41156,1
41157,3
41158,1
41159,1
41160,1
41161,1
41162,2
41163,1
41164,1
41165,2
41166,0
41167,1
41168,2
41169,2
41170,1
41171,1
41172,1
41173,1
41174,1
41175,1
41176,3
41177,2
41178,1
41179,1
41180,2
41181,1
41182,1
41183,1
41184,1
41185,0
41186,0
41187,1
41188,1
41189,1
41190,0
41191,2
41192,2
41193,2
41194,0
41195,1
41196,1
41197,1
41198,2
41199,2
41200,2
41201,1
41202,1
41203,1
41204,1
41205,1
41206,2
41207,2
41208,1
41209,1
41210,2
41211,1
41212,1
41213,2
41214,1
41215,0
41216,2
41217,1
41218,0
41219,0
41220,1
41221,1
41222,1
41223,1
41224,1
41225,2
41226,2
41227,1
41228,1
41229,1
41230,2
41231,1
41232,1
41233,2
41234,1
41235,0
41236,2
41237,1
41238,1
41239,1
41240,3
41241,1
41242,1
41243,2
41244,1
41245,1
41246,1
41247,0
41248,1
41249,1
41250,1
41251,2
41252,1
41253,1
41254,2
41255,1
41256,3
41257,1
41258,1
41259,2
41260,0
41261,1
41262,0
41263,1
41264,2
41265,2
41266,3
41267,1
41268,2
41269,1
41270,2
41271,1
41272,1
41273,2
41274,1
41275,0
41276,1
41277,2
41278,3
41279,1
41280,1
41281,2
41282,2
41283,1
41284,1
41285,0
41286,0
41287,1
41288,3
41289,2
41290,1
41291,1
41292,1
41293,1
41294,1
41295,2
41296,1
41297,0
41298,3
41299,2
41300,1
41301,1
41302,2
41303,1
41304,1
41305,2
41306,0
41307,2
41308,1
41309,2
41310,0
41311,2
41312,2
41313,2
41314,1
41315,3
41316,1
41317,1
41318,1
41319,3
41320,3
41321,1
41322,1
41323,0
41324,2
41325,1
41326,0
41327,1
41328,1
41329,1
41330,0
41331,1
41332,1
41333,2
41334,1
41335,2
41336,1
41337,1
41338,2
41339,1
41340,2
41341,1
41342,2
41343,1
41344,2
41345,1
41346,1
41347,0
41348,2
41349,2
41350,0
41351,1
41352,0
41353,1
41354,1
41355,1
41356,1
41357,1
41358,3
41359,2
41360,1
41361,1
41362,2
41363,1
41364,2
41365,2
41366,1
41367,1
41368,0
41369,2
41370,3
41371,0
41372,2
41373,1
41374,1
41375,1
41376,3
41377,1
41378,1
41379,0
41380,1
41381,0
41382,3
41383,1
41384,2
41385,0
41386,0
41387,2
41388,1
41389,2
41390,2
41391,2
41392,0
41393,1
41394,1
41395,1
41396,2
41397,2
41398,0
41399,1
41400,2
41401,1
41402,2
41403,3
41404,1
41405,1
41406,0
41407,2
41408,0
41409,1
41410,2
41411,0
41412,1
41413,2
41414,1
41415,2
41416,2
41417,2
41418,1
41419,1
41420,1
41421,1
41422,0
41423,2
41424,1
41425,0
41426,1
41427,1
41428,1
41429,1
41430,1
41431,1
41432,1
41433,2
41434,1
41435,1
41436,2
41437,0
41438,1
41439,3
41440,1
41441,2
41442,1
41443,2
41444,1
41445,1
41446,1
41447,1
41448,0
41449,2
41450,1
41451,2
41452,2
41453,2
41454,1
41455,3
41456,1
41457,1
41458,1
41459,1
41460,1
41461,1
41462,1
41463,1
41464,1
41465,1
41466,1
41467,1
41468,3
41469,1
41470,1
41471,1
41472,2
41473,1
41474,1
41475,1
41476,2
41477,1
41478,1
41479,1
41480,1
41481,1
41482,2
41483,1
41484,3
41485,2
41486,1
41487,1
41488,1
41489,1
41490,1
41491,1
41492,0
41493,1
41494,1
41495,0
41496,2
41497,2
41498,0
41499,2
41500,1
41501,1
41502,1
41503,2
41504,0
41505,0
41506,1
41507,1
41508,2
41509,1
41510,1
41511,1
41512,2
41513,1
41514,2
41515,1
41516,2
41517,0
41518,2
41519,1
41520,1
41521,1
41522,1
41523,2
41524,0
41525,3
41526,1
41527,1
41528,1
41529,0
41530,3
41531,1
41532,1
41533,1
41534,3
41535,1
41536,0
41537,1
41538,1
41539,1
41540,2
41541,2
41542,1
41543,1
41544,0
41545,1
41546,1
41547,2
41548,2
41549,1
41550,3
41551,1
41552,1
41553,2
41554,2
41555,2
41556,1
41557,1
41558,0
41559,1
41560,2
41561,1
41562,1
41563,1
41564,1
41565,2
41566,2
41567,1
41568,0
41569,0
41570,1
41571,1
41572,2
41573,1
41574,1
41575,1
41576,1
41577,2
41578,0
41579,2
41580,1
41581,1
41582,1
41583,0
41584,0
41585,0
41586,2
41587,0
41588,1
41589,0
41590,1
41591,2
41592,2
41593,2
41594,2
41595,0
41596,2
41597,1
41598,1
41599,1
41600,1
41601,1
41602,1
41603,1
41604,1
41605,3
41606,0
41607,0
41608,0
41609,1
41610,1
41611,0
41612,1
41613,2
41614,0
41615,1
41616,1
41617,2
41618,1
41619,1
41620,3
41621,1
41622,1
41623,1
41624,1
41625,2
41626,2
41627,3
41628,1
41629,2
41630,1
41631,1
41632,1
41633,1
41634,1
41635,1
41636,1
41637,2
41638,1
41639,2
41640,1
41641,1
41642,1
41643,1
41644,0
41645,0
41646,0
41647,1
41648,1
41649,1
41650,2
41651,1
41652,1
41653,2
41654,2
41655,1
41656,1
41657,1
41658,0
41659,2
41660,1
41661,1
41662,1
41663,3
41664,1
41665,0
41666,2
41667,1
41668,0
41669,0
41670,0
41671,2
41672,1
41673,0
41674,2
41675,1
41676,3
41677,1
41678,2
41679,2
41680,2
41681,3
41682,1
41683,3
41684,3
41685,1
41686,1
41687,1
41688,1
41689,1
41690,2
41691,0
41692,1
41693,0
41694,0
41695,1
41696,2
41697,1
41698,3
41699,1
41700,2
41701,1
41702,1
41703,0
41704,2
41705,0
41706,1
41707,2
41708,1
41709,0
41710,0
41711,1
41712,1
41713,1
41714,1
41715,1
41716,0
41717,2
41718,1
41719,1
41720,1
41721,0
41722,2
41723,1
41724,1
41725,0
41726,1
41727,2
41728,0
41729,2
41730,2
41731,3
41732,1
41733,2
41734,1
41735,1
41736,1
41737,1
41738,1
41739,1
41740,1
41741,1
41742,1
41743,1
41744,0
41745,1
41746,2
41747,2
41748,1
41749,1
41750,2
41751,2
41752,1
41753,1
41754,1
41755,0
41756,1
41757,1
41758,1
41759,0
41760,2
41761,0
41762,2
41763,1
41764,2
41765,0
41766,1
41767,0
41768,1
41769,1
41770,1
41771,1
41772,0
41773,2
41774,1
41775,1
41776,1
41777,1
41778,0
41779,1
41780,3
41781,1
41782,1
41783,0
41784,1
41785,2
41786,1
41787,2
41788,1
41789,1
41790,3
41791,1
41792,2
41793,1
41794,1
41795,0
41796,0
41797,2
41798,1
41799,3
41800,1
41801,2
41802,1
41803,1
41804,1
41805,1
41806,1
41807,1
41808,1
41809,1
41810,1
41811,1
41812,2
41813,1
41814,1
41815,1
41816,0
41817,0
41818,1
41819,1
41820,1
41821,1
41822,2
41823,1
41824,2
41825,2
41826,1
41827,1
41828,2
41829,2
41830,1
41831,1
41832,2
41833,1
41834,0
41835,1
41836,2
41837,1
41838,1
41839,2
41840,2
41841,1
41842,2
41843,3
41844,3
41845,1
41846,2
41847,3
41848,2
41849,1
41850,1
41851,1
41852,1
41853,2
41854,1
41855,1
41856,2
41857,3
41858,0
41859,1
41860,2
41861,2
41862,1
41863,1
41864,0
41865,1
41866,1
41867,1
41868,2
41869,1
41870,1
41871,1
41872,1
41873,0
41874,1
41875,2
41876,1
41877,1
41878,0
41879,1
41880,1
41881,1
41882,2
41883,1
41884,1
41885,0
41886,2
41887,1
41888,1
41889,3
41890,1
41891,1
41892,2
41893,1
41894,1
41895,2
41896,1
41897,0
41898,1
41899,2
41900,1
41901,1
41902,1
41903,1
41904,1
41905,2
41906,2
41907,2
41908,2
41909,3
41910,1
41911,1
41912,1
41913,1
41914,2
41915,1
41916,2
41917,1
41918,1
41919,1
41920,2
41921,1
41922,2
41923,1
41924,0
41925,1
41926,1
41927,1
41928,1
41929,0
41930,2
41931,2
41932,1
41933,3
41934,2
41935,1
41936,1
41937,2
41938,2
41939,2
41940,1
41941,1
41942,2
41943,2
41944,1
41945,1
41946,3
41947,0
41948,2
41949,2
41950,1
41951,2
41952,2
41953,0
41954,1
41955,1
41956,1
41957,0
41958,1
41959,1
41960,3
41961,1
41962,1
41963,2
41964,1
41965,2
41966,2
41967,1
41968,0
41969,2
41970,1
41971,1
41972,2
41973,1
41974,1
41975,1
41976,2
41977,1
41978,2
41979,3
41980,1
41981,1
41982,2
41983,1
41984,3
41985,1
41986,1
41987,2
41988,3
41989,0
41990,0
41991,1
41992,3
41993,0
41994,2
41995,1
41996,0
41997,1
41998,0
41999,0
42000,2
42001,1
42002,0
42003,1
42004,1
42005,2
42006,1
42007,1
42008,1
42009,1
42010,1
42011,2
42012,3
42013,1
42014,2
42015,1
42016,2
42017,0
42018,2
42019,1
42020,1
42021,1
42022,2
42023,3
42024,1
42025,1
42026,2
42027,0
42028,1
42029,2
42030,3
42031,2
42032,2
42033,1
42034,0
42035,1
42036,2
42037,3
42038,1
42039,1
42040,1
42041,1
42042,1
42043,2
42044,2
42045,2
42046,2
42047,1
42048,2
42049,1
42050,1
42051,0
42052,1
42053,3
42054,1
42055,2
42056,1
42057,1
42058,1
42059,1
42060,1
42061,0
42062,1
42063,2
42064,1
42065,0
42066,1
42067,1
42068,1
42069,1
42070,1
42071,1
42072,2
42073,1
42074,2
42075,2
42076,1
42077,1
42078,1
42079,1
42080,0
42081,1
42082,2
42083,1
42084,2
42085,2
42086,2
42087,2
42088,1
42089,0
42090,2
42091,1
42092,1
42093,1
42094,1
42095,1
42096,1
42097,0
42098,1
42099,1
42100,3
42101,1
42102,1
42103,2
42104,3
42105,1
42106,3
42107,1
42108,1
42109,1
42110,1
42111,1
42112,1
42113,0
42114,0
42115,1
42116,1
42117,0
42118,0
42119,1
42120,2
42121,3
42122,2
42123,0
42124,0
42125,0
42126,0
42127,2
42128,2
42129,0
42130,1
42131,2
42132,2
42133,1
42134,0
42135,0
42136,1
42137,2
42138,1
42139,1
42140,1
42141,2
42142,1
42143,2
42144,2
42145,1
42146,1
42147,1
42148,2
42149,3
42150,1
42151,1
42152,1
42153,1
42154,2
42155,0
42156,1
42157,1
42158,1
42159,1
42160,2
42161,1
42162,1
42163,1
42164,2
42165,1
42166,2
42167,1
42168,1
42169,1
42170,2
42171,1
42172,0
42173,1
42174,2
42175,2
42176,0
42177,1
42178,1
42179,1
42180,2
42181,1
42182,1
42183,1
42184,2
42185,2
42186,2
42187,2
42188,2
42189,2
42190,1
42191,1
42192,2
42193,1
42194,1
42195,1
42196,2
42197,2
42198,1
42199,1
42200,1
42201,2
42202,1
42203,1
42204,1
42205,1
42206,0
42207,1
42208,2
42209,1
42210,1
42211,1
42212,1
42213,2
42214,2
42215,1
42216,1
42217,1
42218,1
42219,1
42220,2
42221,1
42222,1
42223,1
42224,0
42225,0
42226,1
42227,2
42228,1
42229,0
42230,3
42231,1
42232,1
42233,1
42234,2
42235,2
42236,1
42237,1
42238,3
42239,1
42240,2
42241,1
42242,2
42243,1
42244,2
42245,0
42246,1
42247,1
42248,2
42249,1
42250,3
42251,2
42252,2
42253,1
42254,2
42255,2
42256,1
42257,2
42258,2
42259,0
42260,1
42261,2
42262,2
42263,0
42264,3
42265,2
42266,0
42267,2
42268,1
42269,0
42270,2
42271,0
42272,1
42273,3
42274,2
42275,1
42276,2
42277,1
42278,2
42279,1
42280,1
42281,1
42282,1
42283,0
42284,2
42285,2
42286,1
42287,2
42288,1
42289,1
42290,0
42291,1
42292,0
42293,1
42294,2
42295,2
42296,1
42297,3
42298,2
42299,1
42300,1
42301,2
42302,0
42303,1
42304,2
42305,2
42306,1
42307,0
42308,1
42309,1
42310,2
42311,2
42312,2
42313,2
42314,2
42315,1
42316,1
42317,0
42318,2
42319,2
42320,2
42321,0
42322,1
42323,2
42324,1
42325,1
42326,1
42327,1
42328,1
42329,0
42330,1
42331,2
42332,3
42333,1
42334,2
42335,1
42336,1
42337,0
42338,2
42339,1
42340,1
42341,2
42342,2
42343,2
42344,1
42345,1
42346,2
42347,1
42348,2
42349,3
42350,1
42351,1
42352,0
42353,2
42354,0
42355,2
42356,0
42357,2
42358,1
42359,0
42360,0
42361,1
42362,1
42363,2
42364,2
42365,0
42366,2
42367,1
42368,1
42369,2
42370,0
42371,1
42372,2
42373,1
42374,2
42375,3
42376,0
42377,2
42378,1
42379,2
42380,1
42381,0
42382,0
42383,1
42384,1
42385,1
42386,0
42387,1
42388,2
42389,1
42390,1
42391,1
42392,1
42393,0
42394,1
42395,2
42396,1
42397,1
42398,2
42399,2
42400,2
42401,1
42402,0
42403,1
42404,1
42405,0
42406,1
42407,0
42408,1
42409,1
42410,1
42411,1
42412,1
42413,1
42414,1
42415,3
42416,1
42417,1
42418,1
42419,2
42420,1
42421,1
42422,1
42423,1
42424,2
42425,1
42426,1
42427,1
42428,1
42429,1
42430,2
42431,1
42432,1
42433,2
42434,0
42435,0
42436,2
42437,2
42438,2
42439,1
42440,2
42441,2
42442,1
42443,0
42444,1
42445,1
42446,2
42447,1
42448,3
42449,0
42450,1
42451,1
42452,0
42453,2
42454,2
42455,2
42456,1
42457,2
42458,3
42459,1
42460,0
42461,1
42462,2
42463,0
42464,1
42465,1
42466,1
42467,1
42468,2
42469,1
42470,1
42471,1
42472,1
42473,2
42474,1
42475,3
42476,1
42477,2
42478,3
42479,1
42480,1
42481,0
42482,1
42483,2
42484,1
42485,2
42486,2
42487,0
42488,3
42489,2
42490,1
42491,2
42492,1
42493,0
42494,0
42495,1
42496,1
42497,1
42498,2
42499,1
42500,2
42501,1
42502,1
42503,0
42504,2
42505,1
42506,1
42507,0
42508,2
42509,0
42510,1
42511,3
42512,1
42513,1
42514,1
42515,1
42516,2
42517,1
42518,3
42519,1
42520,1
42521,0
42522,1
42523,1
42524,1
42525,2
42526,1
42527,1
42528,1
42529,2
42530,1
42531,1
42532,2
42533,1
42534,0
42535,1
42536,2
42537,2
42538,2
42539,1
42540,1
42541,1
42542,3
42543,0
42544,1
42545,2
42546,1
42547,1
42548,2
42549,1
42550,1
42551,2
42552,2
42553,1
42554,2
42555,1
42556,1
42557,3
42558,0
42559,1
42560,2
42561,2
42562,2
42563,1
42564,3
42565,2
42566,1
42567,1
42568,1
42569,1
42570,1
42571,1
42572,1
42573,1
42574,1
42575,1
42576,1
42577,1
42578,2
42579,1
42580,2
42581,0
42582,2
42583,0
42584,1
42585,2
42586,2
42587,1
42588,2
42589,1
42590,0
42591,2
42592,2
42593,1
42594,2
42595,1
42596,2
42597,2
42598,1
42599,1
42600,1
42601,2
42602,1
42603,1
42604,1
42605,1
42606,1
42607,1
42608,1
42609,2
42610,2
42611,0
42612,3
42613,0
42614,0
42615,1
42616,1
42617,1
42618,1
42619,0
42620,2
42621,2
42622,1
42623,2
42624,2
42625,1
42626,2
42627,1
42628,0
42629,1
42630,2
42631,2
42632,1
42633,2
42634,0
42635,2
42636,1
42637,1
42638,2
42639,1
42640,1
42641,1
42642,1
42643,1
42644,2
42645,2
42646,1
42647,1
42648,1
42649,3
42650,1
42651,2
42652,1
42653,1
42654,1
42655,1
42656,1
42657,1
42658,1
42659,2
42660,1
42661,1
42662,1
42663,1
42664,2
42665,1
42666,1
42667,1
42668,2
42669,2
42670,0
42671,1
42672,1
42673,1
42674,1
42675,1
42676,1
42677,1
42678,1
42679,1
42680,2
42681,2
42682,3
42683,1
42684,1
42685,1
42686,2
42687,1
42688,1
42689,1
42690,1
42691,1
42692,1
42693,2
42694,2
42695,0
42696,1
42697,0
42698,1
42699,1
42700,2
42701,1
42702,2
42703,2
42704,1
42705,0
42706,1
42707,2
42708,1
42709,1
42710,0
42711,3
42712,1
42713,1
42714,0
42715,2
42716,1
42717,1
42718,1
42719,3
42720,1
42721,1
42722,1
42723,1
42724,1
42725,0
42726,1
42727,2
42728,1
42729,2
42730,1
42731,0
42732,1
42733,1
42734,1
42735,1
42736,0
42737,2
42738,2
42739,2
42740,1
42741,1
42742,2
42743,2
42744,1
42745,1
42746,1
42747,2
42748,1
42749,1
42750,1
42751,1
42752,0
42753,3
42754,0
42755,1
42756,1
42757,1
42758,2
42759,1
42760,3
42761,1
42762,1
42763,2
42764,1
42765,1
42766,2
42767,2
42768,1
42769,3
42770,2
42771,1
42772,0
42773,2
42774,0
42775,3
42776,0
42777,0
42778,1
42779,1
42780,3
42781,1
42782,1
42783,1
42784,1
42785,0
42786,1
42787,2
42788,1
42789,1
42790,1
42791,1
42792,1
42793,1
42794,3
42795,2
42796,1
42797,1
42798,1
42799,2
42800,2
42801,1
42802,1
42803,1
42804,2
42805,1
42806,1
42807,1
42808,2
42809,1
42810,1
42811,1
42812,2
42813,0
42814,1
42815,1
42816,2
42817,1
42818,2
42819,1
42820,1
42821,1
42822,1
42823,0
42824,1
42825,0
42826,1
42827,1
42828,1
42829,1
42830,1
42831,3
42832,0
42833,1
42834,1
42835,1
42836,1
42837,1
42838,2
42839,0
42840,1
42841,0
42842,1
42843,2
42844,1
42845,1
42846,1
42847,1
42848,1
42849,0
42850,1
42851,1
42852,2
42853,1
42854,1
42855,1
42856,2
42857,1
42858,1
42859,0
42860,1
42861,0
42862,1
42863,0
42864,2
42865,2
42866,0
42867,1
42868,3
42869,2
42870,0
42871,0
42872,2
42873,2
42874,1
42875,1
42876,0
42877,2
42878,2
42879,2
42880,2
42881,0
42882,1
42883,1
42884,2
42885,1
42886,2
42887,1
42888,3
42889,0
42890,2
42891,1
42892,0
42893,1
42894,1
42895,1
42896,2
42897,2
42898,1
42899,0
42900,1
42901,2
42902,2
42903,1
42904,1
42905,1
42906,2
42907,1
42908,0
42909,1
42910,0
42911,2
42912,3
42913,1
42914,2
42915,1
42916,1
42917,2
42918,1
42919,1
42920,0
42921,1
42922,1
42923,1
42924,2
42925,1
42926,0
42927,3
42928,0
42929,1
42930,1
42931,1
42932,2
42933,1
42934,2
42935,1
42936,1
42937,2
42938,2
42939,2
42940,3
42941,1
42942,0
42943,1
42944,1
42945,1
42946,1
42947,0
42948,1
42949,2
42950,1
42951,1
42952,2
42953,1
42954,0
42955,1
42956,1
42957,0
42958,1
42959,2
42960,0
42961,3
42962,2
42963,1
42964,2
42965,1
42966,2
42967,1
42968,2
42969,1
42970,1
42971,1
42972,1
42973,1
42974,1
42975,2
42976,1
42977,3
42978,2
42979,1
42980,1
42981,0
42982,1
42983,1
42984,1
42985,0
42986,1
42987,1
42988,2
42989,0
42990,0
42991,2
42992,2
42993,1
42994,2
42995,0
42996,2
42997,2
42998,1
42999,0
43000,1
43001,2
43002,1
43003,1
43004,1
43005,0
43006,1
43007,0
43008,1
43009,1
43010,1
43011,1
43012,2
43013,0
43014,2
43015,2
43016,1
43017,0
43018,0
43019,0
43020,1
43021,2
43022,1
43023,0
43024,1
43025,1
43026,0
43027,2
43028,1
43029,2
43030,1
43031,2
43032,2
43033,1
43034,1
43035,0
43036,1
43037,1
43038,1
43039,2
43040,2
43041,1
43042,1
43043,2
43044,2
43045,2
43046,1
43047,1
43048,1
43049,1
43050,2
43051,2
43052,1
43053,2
43054,1
43055,2
43056,1
43057,2
43058,1
43059,1
43060,2
43061,1
43062,1
43063,1
43064,2
43065,1
43066,2
43067,2
43068,1
43069,1
43070,1
43071,1
43072,0
43073,1
43074,0
43075,0
43076,1
43077,1
43078,1
43079,1
43080,0
43081,1
43082,3
43083,1
43084,0
43085,1
43086,1
43087,2
43088,1
43089,2
43090,1
43091,0
43092,1
43093,1
43094,2
43095,3
43096,1
43097,1
43098,1
43099,1
43100,2
43101,3
43102,1
43103,2
43104,1
43105,0
43106,1
43107,0
43108,1
43109,1
43110,0
43111,2
43112,2
43113,2
43114,1
43115,0
43116,2
43117,1
43118,1
43119,1
43120,1
43121,1
43122,1
43123,1
43124,1
43125,1
43126,1
43127,0
43128,1
43129,2
43130,1
43131,2
43132,1
43133,1
43134,2
43135,0
43136,2
43137,1
43138,0
43139,1
43140,0
43141,1
43142,1
43143,2
43144,1
43145,1
43146,1
43147,2
43148,0
43149,1
43150,1
43151,3
43152,0
43153,1
43154,0
43155,2
43156,2
43157,1
43158,1
43159,1
43160,1
43161,1
43162,2
43163,2
43164,2
43165,1
43166,2
43167,1
43168,3
43169,2
43170,2
43171,2
43172,2
43173,1
43174,1
43175,1
43176,1
43177,0
43178,2
43179,1
43180,1
43181,1
43182,1
43183,2
43184,1
43185,0
43186,1
43187,3
43188,1
43189,2
43190,1
43191,1
43192,1
43193,2
43194,1
43195,0
43196,1
43197,2
43198,1
43199,1
43200,1
43201,2
43202,0
43203,1
43204,2
43205,2
43206,1
43207,1
43208,0
43209,2
43210,2
43211,1
43212,2
43213,1
43214,2
43215,2
43216,1
43217,0
43218,1
43219,0
43220,1
43221,1
43222,1
43223,1
43224,2
43225,1
43226,0
43227,2
43228,2
43229,1
43230,0
43231,2
43232,1
43233,1
43234,1
43235,1
43236,1
43237,1
43238,1
43239,0
43240,0
43241,1
43242,2
43243,0
43244,1
43245,0
43246,1
43247,0
43248,2
43249,1
43250,2
43251,1
43252,0
43253,1
43254,1
43255,2
43256,1
43257,2
43258,3
43259,1
43260,1
43261,0
43262,1
43263,0
43264,1
43265,1
43266,0
43267,1
43268,3
43269,1
43270,1
43271,1
43272,1
43273,0
43274,3
43275,2
43276,1
43277,0
43278,1
43279,1
43280,1
43281,1
43282,1
43283,1
43284,3
43285,2
43286,1
43287,1
43288,1
43289,0
43290,1
43291,1
43292,2
43293,1
43294,3
43295,1
43296,1
43297,1
43298,0
43299,2
43300,2
43301,0
43302,2
43303,0
43304,0
43305,2
43306,1
43307,1
43308,2
43309,1
43310,0
43311,3
43312,0
43313,3
43314,2
43315,0
43316,1
43317,1
43318,1
43319,2
43320,1
43321,1
43322,1
43323,2
43324,2
43325,1
43326,0
43327,1
43328,0
43329,2
43330,1
43331,1
43332,2
43333,2
43334,1
43335,2
43336,1
43337,2
43338,3
43339,1
43340,2
43341,1
43342,1
43343,0
43344,1
43345,3
43346,1
43347,1
43348,1
43349,1
43350,1
43351,1
43352,1
43353,1
43354,0
43355,2
43356,2
43357,1
43358,2
43359,1
43360,2
43361,2
43362,0
43363,1
43364,0
43365,1
43366,0
43367,2
43368,1
43369,2
43370,2
43371,2
43372,1
43373,0
43374,1
43375,1
43376,1
43377,0
43378,2
43379,2
43380,1
43381,1
43382,1
43383,2
43384,1
43385,3
43386,2
43387,1
43388,1
43389,1
43390,2
43391,0
43392,2
43393,1
43394,1
43395,2
43396,1
43397,2
43398,1
43399,1
43400,1
43401,2
43402,1
43403,0
43404,1
43405,0
43406,2
43407,0
43408,1
43409,2
43410,2
43411,1
43412,0
43413,1
43414,3
43415,1
43416,3
43417,1
43418,1
43419,0
43420,2
43421,1
43422,1
43423,1
43424,0
43425,1
43426,2
43427,1
43428,1
43429,1
43430,1
43431,2
43432,1
43433,1
43434,2
43435,2
43436,2
43437,1
43438,1
43439,1
43440,1
43441,2
43442,3
43443,0
43444,1
43445,1
43446,0
43447,2
43448,2
43449,3
43450,1
43451,2
43452,0
43453,2
43454,0
43455,1
43456,2
43457,1
43458,1
43459,0
43460,1
43461,0
43462,2
43463,2
43464,3
43465,0
43466,1
43467,1
43468,1
43469,1
43470,1
43471,0
43472,2
43473,2
43474,1
43475,2
43476,3
43477,1
43478,0
43479,1
43480,1
43481,1
43482,1
43483,1
43484,2
43485,1
43486,2
43487,3
43488,1
43489,1
43490,1
43491,2
43492,2
43493,1
43494,0
43495,1
43496,1
43497,1
43498,1
43499,1
43500,0
43501,2
43502,1
43503,1
43504,2
43505,0
43506,1
43507,0
43508,2
43509,2
43510,2
43511,0
43512,1
43513,0
43514,3
43515,1
43516,2
43517,3
43518,1
43519,1
43520,2
43521,1
43522,1
43523,2
43524,1
43525,1
43526,2
43527,1
43528,0
43529,1
43530,2
43531,0
43532,0
43533,2
43534,1
43535,1
43536,0
43537,3
43538,0
43539,1
43540,2
43541,1
43542,0
43543,2
43544,1
43545,1
43546,0
43547,2
43548,0
43549,2
43550,1
43551,1
43552,1
43553,1
43554,2
43555,1
43556,1
43557,2
43558,3
43559,1
43560,1
43561,1
43562,1
43563,1
43564,0
43565,0
43566,2
43567,1
43568,1
43569,2
43570,1
43571,2
43572,1
43573,1
43574,0
43575,1
43576,2
43577,2
43578,1
43579,1
43580,1
43581,1
43582,1
43583,1
43584,0
43585,1
43586,1
43587,0
43588,1
43589,2
43590,1
43591,3
43592,1
43593,3
43594,1
43595,2
43596,1
43597,2
43598,2
43599,1
43600,0
43601,1
43602,1
43603,0
43604,1
43605,3
43606,0
43607,1
43608,1
43609,1
43610,1
43611,3
43612,1
43613,1
43614,1
43615,1
43616,2
43617,1
43618,2
43619,2
43620,1
43621,1
43622,1
43623,0
43624,0
43625,2
43626,2
43627,1
43628,1
43629,1
43630,1
43631,1
43632,1
43633,1
43634,1
43635,1
43636,1
43637,3
43638,1
43639,2
43640,1
43641,2
43642,1
43643,1
43644,1
43645,1
43646,0
43647,3
43648,1
43649,1
43650,1
43651,2
43652,1
43653,1
43654,1
43655,0
43656,1
43657,1
43658,1
43659,0
43660,1
43661,1
43662,1
43663,2
43664,2
43665,1
43666,3
43667,2
43668,1
43669,2
43670,1
43671,1
43672,2
43673,1
43674,1
43675,1
43676,1
43677,1
43678,2
43679,1
43680,1
43681,2
43682,2
43683,1
43684,1
43685,0
43686,1
43687,1
43688,1
43689,1
43690,1
43691,1
43692,1
43693,1
43694,1
43695,1
43696,2
43697,1
43698,2
43699,1
43700,2
43701,1
43702,1
43703,1
43704,2
43705,1
43706,1
43707,1
43708,1
43709,1
43710,1
43711,1
43712,1
43713,2
43714,1
43715,2
43716,2
43717,1
43718,1
43719,0
43720,0
43721,1
43722,0
43723,2
43724,2
43725,2
43726,1
43727,0
43728,1
43729,1
43730,2
43731,1
43732,2
43733,1
43734,1
43735,1
43736,1
43737,2
43738,1
43739,2
43740,1
43741,1
43742,1
43743,1
43744,3
43745,0
43746,1
43747,1
43748,1
43749,1
43750,1
43751,1
43752,0
43753,2
43754,1
43755,2
43756,0
43757,2
43758,2
43759,1
43760,1
43761,1
43762,1
43763,1
43764,1
43765,0
43766,3
43767,1
43768,1
43769,0
43770,1
43771,1
43772,2
43773,0
43774,1
43775,1
43776,1
43777,2
43778,1
43779,1
43780,1
43781,2
43782,1
43783,1
43784,0
43785,2
43786,0
43787,1
43788,0
43789,2
43790,1
43791,1
43792,1
43793,2
43794,2
43795,2
43796,2
43797,1
43798,2
43799,1
43800,1
43801,1
43802,1
43803,2
43804,1
43805,1
43806,2
43807,1
43808,0
43809,0
43810,1
43811,2
43812,1
43813,3
43814,0
43815,1
43816,1
43817,1
43818,1
43819,1
43820,1
43821,2
43822,1
43823,1
43824,1
43825,3
43826,2
43827,3
43828,1
43829,1
43830,2
43831,2
43832,1
43833,2
43834,0
43835,1
43836,2
43837,2
43838,1
43839,1
43840,1
43841,1
43842,1
43843,2
43844,2
43845,1
43846,1
43847,1
43848,1
43849,1
43850,2
43851,2
43852,0
43853,1
43854,2
43855,1
43856,2
43857,1
43858,0
43859,1
43860,1
43861,0
43862,2
43863,1
43864,1
43865,1
43866,2
43867,0
43868,0
43869,2
43870,0
43871,3
43872,1
43873,1
43874,2
43875,1
43876,1
43877,2
43878,2
43879,1
43880,1
43881,1
43882,2
43883,1
43884,2
43885,0
43886,1
43887,2
43888,1
43889,0
43890,1
43891,0
43892,1
43893,3
43894,1
43895,1
43896,3
43897,1
43898,1
43899,1
43900,0
43901,1
43902,2
43903,1
43904,1
43905,1
43906,1
43907,1
43908,2
43909,1
43910,2
43911,1
43912,1
43913,2
43914,1
43915,1
43916,2
43917,1
43918,2
43919,1
43920,2
43921,2
43922,2
43923,1
43924,1
43925,1
43926,1
43927,2
43928,1
43929,1
43930,1
43931,1
43932,1
43933,1
43934,1
43935,1
43936,0
43937,1
43938,1
43939,1
43940,2
43941,2
43942,0
43943,0
43944,2
43945,0
43946,0
43947,2
43948,0
43949,2
43950,1
43951,0
43952,2
43953,1
43954,1
43955,0
43956,1
43957,2
43958,1
43959,0
43960,1
43961,1
43962,1
43963,1
43964,2
43965,1
43966,1
43967,1
43968,3
43969,1
43970,2
43971,1
43972,1
43973,2
43974,1
43975,2
43976,1
43977,1
43978,0
43979,1
43980,1
43981,2
43982,1
43983,1
43984,3
43985,1
43986,1
43987,1
43988,2
43989,0
43990,1
43991,1
43992,1
43993,1
43994,2
43995,1
43996,0
43997,1
43998,0
43999,1
44000,2
44001,1
44002,1
44003,2
44004,1
44005,2
44006,1
44007,1
44008,2
44009,1
44010,1
44011,0
44012,1
44013,1
44014,1
44015,2
44016,2
44017,0
44018,1
44019,1
44020,1
44021,2
44022,0
44023,1
44024,1
44025,2
44026,1
44027,1
44028,2
44029,1
44030,0
44031,1
44032,1
44033,2
44034,1
44035,1
44036,0
44037,1
44038,1
44039,1
44040,2
44041,2
44042,1
44043,1
44044,2
44045,2
44046,1
44047,0
44048,1
44049,0
44050,1
44051,2
44052,3
44053,1
44054,1
44055,0
44056,2
44057,0
44058,1
44059,1
44060,2
44061,0
44062,1
44063,2
44064,2
44065,1
44066,0
44067,2
44068,1
44069,1
44070,1
44071,1
44072,1
44073,1
44074,1
44075,1
44076,2
44077,1
44078,2
44079,1
44080,0
44081,2
44082,1
44083,2
44084,1
44085,1
44086,2
44087,1
44088,3
44089,1
44090,1
44091,2
44092,1
44093,1
44094,1
44095,1
44096,1
44097,1
44098,0
44099,1
44100,1
44101,2
44102,0
44103,1
44104,1
44105,0
44106,2
44107,1
44108,1
44109,1
44110,1
44111,2
44112,1
44113,2
44114,2
44115,1
44116,1
44117,0
44118,1
44119,2
44120,2
44121,1
44122,2
44123,0
44124,3
44125,1
44126,1
44127,1
44128,2
44129,1
44130,1
44131,0
44132,1
44133,1
44134,2
44135,1
44136,2
44137,1
44138,2
44139,1
44140,2
44141,1
44142,3
44143,1
44144,2
44145,1
44146,1
44147,1
44148,1
44149,1
44150,1
44151,1
44152,1
44153,1
44154,1
44155,1
44156,1
44157,3
44158,0
44159,1
44160,0
44161,2
44162,2
44163,2
44164,1
44165,1
44166,0
44167,1
44168,1
44169,1
44170,0
44171,1
44172,2
44173,3
44174,1
44175,1
44176,1
44177,1
44178,2
44179,1
44180,2
44181,2
44182,1
44183,1
44184,3
44185,1
44186,2
44187,3
44188,1
44189,1
44190,0
44191,0
44192,2
44193,0
44194,2
44195,2
44196,0
44197,0
44198,2
44199,1
44200,0
44201,1
44202,1
44203,2
44204,1
44205,1
44206,2
44207,0
44208,0
44209,1
44210,2
44211,2
44212,2
44213,2
44214,1
44215,0
44216,1
44217,2
44218,1
44219,1
44220,0
44221,1
44222,2
44223,1
44224,1
44225,1
44226,1
44227,1
44228,1
44229,1
44230,0
44231,2
44232,0
44233,1
44234,1
44235,1
44236,2
44237,2
44238,1
44239,0
44240,3
44241,2
44242,3
44243,1
44244,1
44245,1
44246,1
44247,1
44248,2
44249,3
44250,1
44251,1
44252,2
44253,3
44254,1
44255,2
44256,1
44257,1
44258,1
44259,1
44260,1
44261,1
44262,1
44263,0
44264,2
44265,1
44266,1
44267,1
44268,1
44269,1
44270,1
44271,1
44272,0
44273,1
44274,1
44275,2
44276,1
44277,1
44278,1
44279,3
44280,0
44281,2
44282,1
44283,1
44284,1
44285,2
44286,2
44287,2
44288,1
44289,2
44290,2
44291,2
44292,1
44293,0
44294,1
44295,1
44296,2
44297,2
44298,1
44299,1
44300,2
44301,0
44302,1
44303,1
44304,1
44305,1
44306,0
44307,1
44308,1
44309,0
44310,0
44311,1
44312,2
44313,1
44314,1
44315,1
44316,1
44317,1
44318,0
44319,1
44320,1
44321,1
44322,1
44323,2
44324,1
44325,1
44326,0
44327,1
44328,3
44329,1
44330,2
44331,2
44332,0
44333,0
44334,1
44335,2
44336,1
44337,1
44338,1
44339,0
44340,1
44341,0
44342,2
44343,0
44344,1
44345,2
44346,1
44347,1
44348,3
44349,0
44350,0
44351,1
44352,1
44353,0
44354,1
44355,2
44356,2
44357,1
44358,1
44359,1
44360,1
44361,0
44362,1
44363,0
44364,1
44365,1
44366,1
44367,2
44368,2
44369,0
44370,1
44371,1
44372,1
44373,1
44374,1
44375,3
44376,3
44377,1
44378,1
44379,2
44380,1
44381,2
44382,0
44383,2
44384,1
44385,1
44386,2
44387,1
44388,1
44389,0
44390,1
44391,0
44392,2
44393,1
44394,2
44395,1
44396,2
44397,3
44398,0
44399,1
44400,1
44401,1
44402,1
44403,1
44404,0
44405,0
44406,1
44407,0
44408,2
44409,1
44410,2
44411,2
44412,1
44413,1
44414,1
44415,1
44416,1
44417,0
44418,1
44419,2
44420,2
44421,0
44422,1
44423,1
44424,2
44425,1
44426,2
44427,0
44428,2
44429,1
44430,0
44431,3
44432,1
44433,1
44434,2
44435,0
44436,1
44437,0
44438,1
44439,1
44440,1
44441,1
44442,1
44443,3
44444,1
44445,1
44446,2
44447,1
44448,2
44449,0
44450,1
44451,0
44452,2
44453,1
44454,2
44455,1
44456,2
44457,1
44458,2
44459,0
44460,2
44461,2
44462,1
44463,1
44464,2
44465,1
44466,2
44467,1
44468,1
44469,1
44470,2
44471,2
44472,1
44473,1
44474,3
44475,1
44476,1
44477,1
44478,2
44479,1
44480,1
44481,2
44482,3
44483,1
44484,1
44485,0
44486,2
44487,1
44488,0
44489,1
44490,1
44491,1
44492,2
44493,1
44494,2
44495,1
44496,1
44497,1
44498,1
44499,2
44500,2
44501,1
44502,1
44503,2
44504,1
44505,1
44506,2
44507,2
44508,1
44509,1
44510,3
44511,0
44512,1
44513,1
44514,1
44515,2
44516,1
44517,2
44518,2
44519,2
44520,1
44521,1
44522,1
44523,0
44524,3
44525,1
44526,1
44527,1
44528,2
44529,1
44530,1
44531,1
44532,2
44533,1
44534,1
44535,0
44536,1
44537,1
44538,0
44539,2
44540,1
44541,0
44542,1
44543,2
44544,0
44545,0
44546,2
44547,1
44548,1
44549,0
44550,2
44551,1
44552,1
44553,1
44554,1
44555,1
44556,0
44557,1
44558,1
44559,2
44560,1
44561,1
44562,1
44563,1
44564,2
44565,1
44566,0
44567,0
44568,1
44569,0
44570,0
44571,1
44572,1
44573,1
44574,2
44575,1
44576,2
44577,0
44578,1
44579,2
44580,1
44581,3
44582,2
44583,1
44584,2
44585,2
44586,1
44587,0
44588,1
44589,2
44590,2
44591,3
44592,2
44593,1
44594,1
44595,0
44596,2
44597,1
44598,1
44599,1
44600,2
44601,1
44602,1
44603,1
44604,2
44605,1
44606,2
44607,1
44608,1
44609,1
44610,1
44611,1
44612,1
44613,1
44614,1
44615,1
44616,1
44617,1
44618,1
44619,1
44620,1
44621,1
44622,1
44623,1
44624,0
44625,1
44626,1
44627,2
44628,1
44629,1
44630,1
44631,0
44632,0
44633,1
44634,1
44635,2
44636,1
44637,2
44638,3
44639,2
44640,2
44641,1
44642,2
44643,2
44644,1
44645,1
44646,1
44647,1
44648,2
44649,1
44650,2
44651,1
44652,2
44653,2
44654,1
44655,1
44656,1
44657,1
44658,2
44659,1
44660,1
44661,1
44662,2
44663,1
44664,1
44665,2
44666,1
44667,2
44668,1
44669,2
44670,2
44671,1
44672,1
44673,1
44674,2
44675,1
44676,2
44677,2
44678,1
44679,0
44680,2
44681,2
44682,1
44683,0
44684,1
44685,1
44686,1
44687,2
44688,1
44689,1
44690,1
44691,2
44692,0
44693,0
44694,0
44695,0
44696,1
44697,0
44698,1
44699,1
44700,1
44701,1
44702,0
44703,2
44704,1
44705,1
44706,1
44707,0
44708,1
44709,0
44710,1
44711,1
44712,2
44713,0
44714,1
44715,0
44716,1
44717,2
44718,0
44719,0
44720,1
44721,1
44722,2
44723,0
44724,0
44725,2
44726,1
44727,1
44728,1
44729,1
44730,2
44731,1
44732,2
44733,1
44734,2
44735,2
44736,2
44737,1
44738,1
44739,1
44740,1
44741,2
44742,1
44743,1
44744,0
44745,1
44746,1
44747,0
44748,2
44749,2
44750,2
44751,2
44752,1
44753,0
44754,0
44755,1
44756,2
44757,2
44758,1
44759,0
44760,1
44761,1
44762,0
44763,1
44764,0
44765,1
44766,1
44767,1
44768,1
44769,3
44770,1
44771,1
44772,0
44773,2
44774,1
44775,1
44776,1
44777,1
44778,0
44779,1
44780,2
44781,1
44782,1
44783,1
44784,2
44785,2
44786,0
44787,2
44788,1
44789,2
44790,3
44791,0
44792,1
44793,2
44794,1
44795,2
44796,1
44797,2
44798,1
44799,0
44800,1
44801,2
44802,1
44803,1
44804,1
44805,1
44806,2
44807,1
44808,1
44809,1
44810,1
44811,2
44812,0
44813,0
44814,0
44815,1
44816,1
44817,1
44818,1
44819,0
44820,1
44821,0
44822,1
44823,1
44824,0
44825,1
44826,2
44827,1
44828,2
44829,1
44830,1
44831,2
44832,2
44833,2
44834,1
44835,1
44836,2
44837,2
44838,1
44839,0
44840,2
44841,1
44842,2
44843,1
44844,1
44845,2
44846,3
44847,1
44848,1
44849,0
44850,2
44851,2
44852,1
44853,0
44854,1
44855,1
44856,1
44857,1
44858,3
44859,1
44860,2
44861,1
44862,1
44863,1
44864,1
44865,2
44866,0
44867,1
44868,1
44869,1
44870,1
44871,1
44872,2
44873,0
44874,1
44875,1
44876,1
44877,1
44878,2
44879,1
44880,3
44881,1
44882,1
44883,1
44884,1
44885,2
44886,1
44887,1
44888,1
44889,1
44890,1
44891,1
44892,1
44893,1
44894,0
44895,1
44896,3
44897,1
44898,0
44899,1
44900,1
44901,2
44902,1
44903,1
44904,2
44905,1
44906,1
44907,1
44908,1
44909,1
44910,1
44911,2
44912,1
44913,2
44914,2
44915,1
44916,1
44917,1
44918,1
44919,1
44920,1
44921,1
44922,1
44923,2
44924,1
44925,1
44926,1
44927,1
44928,0
44929,1
44930,1
44931,1
44932,1
44933,1
44934,1
44935,1
44936,1
44937,2
44938,1
44939,1
44940,2
44941,2
44942,0
44943,3
44944,1
44945,1
44946,0
44947,1
44948,1
44949,1
44950,3
44951,3
44952,1
44953,1
44954,2
44955,1
44956,1
44957,1
44958,1
44959,1
44960,2
44961,0
44962,2
44963,1
44964,1
44965,1
44966,1
44967,0
44968,2
44969,1
44970,1
44971,1
44972,1
44973,2
44974,1
44975,2
44976,1
44977,1
44978,1
44979,1
44980,2
44981,1
44982,2
44983,2
44984,3
44985,1
44986,0
44987,2
44988,1
44989,1
44990,2
44991,1
44992,1
44993,0
44994,1
44995,2
44996,3
44997,2
44998,1
44999,1
45000,1
45001,2
45002,1
45003,2
45004,2
45005,1
45006,1
45007,1
45008,1
45009,2
45010,2
45011,0
45012,2
45013,0
45014,1
45015,0
45016,2
45017,2
45018,1
45019,1
45020,1
45021,3
45022,2
45023,0
45024,3
45025,2
45026,1
45027,1
45028,1
45029,1
45030,0
45031,2
45032,3
45033,1
45034,2
45035,1
45036,1
45037,0
45038,2
45039,1
45040,1
45041,1
45042,0
45043,1
45044,2
45045,1
45046,2
45047,1
45048,0
45049,2
45050,2
45051,0
45052,0
45053,1
45054,1
45055,2
45056,2
45057,1
45058,3
45059,1
45060,1
45061,0
45062,2
45063,1
45064,1
45065,0
45066,0
45067,2
45068,1
45069,1
45070,2
45071,2
45072,1
45073,0
45074,0
45075,2
45076,2
45077,0
45078,1
45079,1
45080,2
45081,1
45082,1
45083,1
45084,0
45085,0
45086,2
45087,1
45088,2
45089,1
45090,1
45091,1
45092,2
45093,1
45094,1
45095,1
45096,1
45097,1
45098,1
45099,2
45100,2
45101,2
45102,1
45103,0
45104,3
45105,0
45106,1
45107,1
45108,2
45109,0
45110,1
45111,3
45112,1
45113,1
45114,1
45115,2
45116,1
45117,3
45118,2
45119,2
45120,2
45121,3
45122,1
45123,1
45124,0
45125,2
45126,2
45127,2
45128,1
45129,1
45130,2
45131,2
45132,1
45133,0
45134,2
45135,1
45136,2
45137,1
45138,2
45139,1
45140,1
45141,1
45142,1
45143,1
45144,1
45145,1
45146,1
45147,2
45148,0
45149,2
45150,1
45151,1
45152,1
45153,1
45154,1
45155,1
45156,2
45157,1
45158,1
45159,1
45160,0
45161,1
45162,3
45163,0
45164,2
45165,1
45166,0
45167,3
45168,1
45169,2
45170,1
45171,2
45172,1
45173,1
45174,1
45175,1
45176,1
45177,0
45178,3
45179,1
45180,2
45181,1
45182,0
45183,1
45184,0
45185,3
45186,2
45187,0
45188,0
45189,2
45190,1
45191,1
45192,1
45193,1
45194,1
45195,2
45196,3
45197,2
45198,3
45199,1
45200,1
45201,1
45202,1
45203,1
45204,2
45205,1
45206,1
45207,1
45208,1
45209,1
45210,2
45211,1
45212,1
45213,0
45214,1
45215,1
45216,2
45217,2
45218,2
45219,2
45220,2
45221,0
