index,kmeans_cluster,fair_cluster
0,0,2
1,1,1
2,1,1
3,1,1
4,0,2
5,0,2
6,1,1
7,1,1
8,0,2
9,0,2
10,0,1
11,0,2
12,0,1
13,0,1
14,1,1
15,1,1
16,1,1
17,1,1
18,0,2
19,0,2
20,1,1
21,1,1
22,2,3
23,1,1
24,0,2
25,1,1
26,0,1
27,1,1
28,0,2
29,1,1
30,2,3
31,1,1
32,1,1
33,1,1
34,1,1
35,1,1
36,0,1
37,1,1
38,0,2
39,0,2
40,1,1
41,1,1
42,0,2
43,1,1
44,0,2
45,0,1
46,0,1
47,1,1
48,2,0
49,0,2
50,0,1
51,1,1
52,1,1
53,1,1
54,1,1
55,1,1
56,0,2
57,1,1
58,0,2
59,0,1
60,1,1
61,1,1
62,1,1
63,0,1
64,1,1
65,0,2
66,0,2
67,1,1
68,1,1
69,1,1
70,0,1
71,1,1
72,1,1
73,1,1
74,0,2
75,1,1
76,1,1
77,1,1
78,1,1
79,1,1
80,0,2
81,1,1
82,0,2
83,0,1
84,1,1
85,1,1
86,0,2
87,0,1
88,2,0
89,0,1
90,0,1
91,1,1
92,0,2
93,0,2
94,0,2
95,1,1
96,1,1
97,1,1
98,1,1
99,1,1
100,1,1
101,0,2
102,0,2
103,2,3
104,1,1
105,1,1
106,1,1
107,0,1
108,0,1
109,0,1
110,1,1
111,1,1
112,0,2
113,0,2
114,0,2
115,1,1
116,0,2
117,2,3
118,0,1
119,1,1
120,0,2
121,2,3
122,1,1
123,0,2
124,0,1
125,0,2
126,0,1
127,1,1
128,1,1
129,1,1
130,1,1
131,1,1
132,1,1
133,2,3
134,1,1
135,1,1
136,1,1
137,1,1
138,2,3
139,1,1
140,1,1
141,0,2
142,1,1
143,1,1
144,0,2
145,2,3
146,0,1
147,0,2
148,1,1
149,0,2
150,1,1
151,0,2
152,1,1
153,0,1
154,0,2
155,1,1
156,1,1
157,2,3
158,1,1
159,2,3
160,0,2
161,0,2
162,1,1
163,1,1
164,1,1
165,1,1
166,0,2
167,1,1
168,1,1
169,1,1
170,1,1
171,1,1
172,1,1
173,0,2
174,0,2
175,1,2
176,1,1
177,1,1
178,0,2
179,1,1
180,1,1
181,1,1
182,1,1
183,0,2
184,0,2
185,1,1
186,2,3
187,0,2
188,2,3
189,1,1
190,1,1
191,0,1
192,0,1
193,1,1
194,1,1
195,1,1
196,1,1
197,1,1
198,1,1
199,1,1
200,0,2
201,0,1
202,0,2
203,0,2
204,1,1
205,1,1
206,2,3
207,1,1
208,1,1
209,1,1
210,1,1
211,1,1
212,1,1
213,1,1
214,1,1
215,1,1
216,1,1
217,0,2
218,1,1
219,1,1
220,0,2
221,0,2
222,1,1
223,0,2
224,1,1
225,0,1
226,2,3
227,1,1
228,1,1
229,2,0
230,0,2
231,0,2
232,1,1
233,1,1
234,1,1
235,1,1
236,1,1
237,1,1
238,0,1
239,1,1
240,0,2
241,0,1
242,1,1
243,1,1
244,1,1
245,0,1
246,1,1
247,0,2
248,1,1
249,1,1
250,1,1
251,0,2
252,0,2
253,1,1
254,1,1
255,1,1
256,1,1
257,1,1
258,0,1
259,1,1
260,1,1
261,0,1
262,0,2
263,1,1
264,0,2
265,0,2
266,1,1
267,0,2
268,1,1
269,0,2
270,1,1
271,0,2
272,1,1
273,0,2
274,1,1
275,0,2
276,1,1
277,0,1
278,0,2
279,1,1
280,1,1
281,1,1
282,1,1
283,1,1
284,0,1
285,0,1
286,0,1
287,0,1
288,0,2
289,0,2
290,0,2
291,1,1
292,1,1
293,1,1
294,1,1
295,1,1
296,1,1
297,1,1
298,2,3
299,1,1
300,1,1
301,1,1
302,1,1
303,2,3
304,1,1
305,0,1
306,1,1
307,0,2
308,1,1
309,1,1
310,1,1
311,1,1
312,1,1
313,0,2
314,1,1
315,1,1
316,0,1
317,0,1
318,1,1
319,1,1
320,1,1
321,0,2
322,1,1
323,0,1
324,0,2
325,1,1
326,0,2
327,1,1
328,1,1
329,1,1
330,0,1
331,1,1
332,1,1
333,1,1
334,0,2
335,0,2
336,2,3
337,0,1
338,1,1
339,1,1
340,1,1
341,0,2
342,1,1
343,1,1
344,1,1
345,1,1
346,1,1
347,1,1
348,1,1
349,1,1
350,1,1
351,0,2
352,1,1
353,1,1
354,2,3
355,1,1
356,1,1
357,1,1
358,1,1
359,1,1
360,2,3
361,1,1
362,1,1
363,1,1
364,0,2
365,0,1
366,1,1
367,1,1
368,1,1
369,0,2
370,0,2
371,1,1
372,1,1
373,0,2
374,0,1
375,2,3
376,2,0
377,1,1
378,1,1
379,0,1
380,1,1
381,1,1
382,1,1
383,0,2
384,1,1
385,1,1
386,1,1
387,1,1
388,1,1
389,1,1
390,1,1
391,1,1
392,0,2
393,1,1
394,1,1
395,0,1
396,2,3
397,0,1
398,1,1
399,0,2
400,0,2
401,1,1
402,2,3
403,0,2
404,0,1
405,1,1
406,1,1
407,1,1
408,0,2
409,1,1
410,1,1
411,1,1
412,1,1
413,1,1
414,1,1
415,1,1
416,1,1
417,1,1
418,0,1
419,1,1
420,1,1
421,1,1
422,1,1
423,0,1
424,0,1
425,0,1
426,1,1
427,0,2
428,1,1
429,1,1
430,0,1
431,1,1
432,1,1
433,2,3
434,1,1
435,1,1
436,1,1
437,0,1
438,1,1
439,0,2
440,1,1
441,1,1
442,1,1
443,1,1
444,0,1
445,1,1
446,1,1
447,1,1
448,1,1
449,1,1
450,0,2
451,0,2
452,1,1
453,1,1
454,0,2
455,1,1
456,1,1
457,1,1
458,1,1
459,1,1
460,1,1
461,1,1
462,1,1
463,1,1
464,1,1
465,0,2
466,0,2
467,1,1
468,1,1
469,1,1
470,1,1
471,2,3
472,0,1
473,0,1
474,1,1
475,1,1
476,0,2
477,0,2
478,1,1
479,0,1
480,1,1
481,0,1
482,1,1
483,0,2
484,1,1
485,1,1
486,0,2
487,1,1
488,1,1
489,1,1
490,0,1
491,0,2
492,1,1
493,1,1
494,1,1
495,0,2
496,1,1
497,0,2
498,1,1
499,1,1
500,0,1
501,1,1
502,1,1
503,1,1
504,1,1
505,1,1
506,0,1
507,1,1
508,1,1
509,1,1
510,0,1
511,1,1
512,1,1
513,1,1
514,1,1
515,0,2
516,0,1
517,0,1
518,1,1
519,0,2
520,1,1
521,0,2
522,1,1
523,1,1
524,0,2
525,1,1
526,1,1
527,1,1
528,2,3
529,0,2
530,0,2
531,0,1
532,0,2
533,1,1
534,1,1
535,1,1
536,1,1
537,0,2
538,1,1
539,0,1
540,1,1
541,2,3
542,0,2
543,1,1
544,0,2
545,0,2
546,1,1
547,2,0
548,1,1
549,0,2
550,0,2
551,1,1
552,1,1
553,1,1
554,0,1
555,1,1
556,0,2
557,1,1
558,1,1
559,1,1
560,0,2
561,1,1
562,1,1
563,0,2
564,1,1
565,0,1
566,1,1
567,1,1
568,0,2
569,0,2
570,1,1
571,1,1
572,1,1
573,0,1
574,1,1
575,0,1
576,1,1
577,0,1
578,1,1
579,1,1
580,1,1
581,1,1
582,0,1
583,0,2
584,0,1
585,1,1
586,0,2
587,0,2
588,1,1
589,0,2
590,0,1
591,1,1
592,1,1
593,0,1
594,1,1
595,0,2
596,1,1
597,1,1
598,0,2
599,1,1
600,1,1
601,0,2
602,0,1
603,1,1
604,1,1
605,1,1
606,1,1
607,1,1
608,1,1
609,0,2
610,1,1
611,0,2
612,1,1
613,0,1
614,1,1
615,1,1
616,2,3
617,1,1
618,1,1
619,0,2
620,1,1
621,1,1
622,1,1
623,1,1
624,1,1
625,1,1
626,1,1
627,1,1
628,1,1
629,1,1
630,1,1
631,1,1
632,0,2
633,0,2
634,1,1
635,1,1
636,1,1
637,0,1
638,1,1
639,1,1
640,0,2
641,2,3
642,0,2
643,1,1
644,0,2
645,2,3
646,1,1
647,1,1
648,0,2
649,0,2
650,1,1
651,1,1
652,1,1
653,1,1
654,0,2
655,1,1
656,0,1
657,0,1
658,1,1
659,1,1
660,1,1
661,1,1
662,0,2
663,1,1
664,2,0
665,0,2
666,1,1
667,0,2
668,1,1
669,1,1
670,1,1
671,1,1
672,1,1
673,2,3
674,1,1
675,1,1
676,1,1
677,0,2
678,1,1
679,0,2
680,1,1
681,0,1
682,0,2
683,0,1
684,1,1
685,0,2
686,1,1
687,1,1
688,1,1
689,0,2
690,0,2
691,1,1
692,1,1
693,1,1
694,1,1
695,1,1
696,1,1
697,0,2
698,1,1
699,1,1
700,1,1
701,1,1
702,1,1
703,0,2
704,0,2
705,1,1
706,1,1
707,1,1
708,0,2
709,1,1
710,1,1
711,1,1
712,0,1
713,1,1
714,1,1
715,0,1
716,1,1
717,0,2
718,1,1
719,2,3
720,0,1
721,0,1
722,0,2
723,1,1
724,2,3
725,1,1
726,0,1
727,0,2
728,1,1
729,0,1
730,1,1
731,1,1
732,1,1
733,0,2
734,2,3
735,0,1
736,2,3
737,1,1
738,1,1
739,1,1
740,1,1
741,0,2
742,0,2
743,1,1
744,1,1
745,1,1
746,1,1
747,1,1
748,0,1
749,0,1
750,0,1
751,1,1
752,1,1
753,1,1
754,0,2
755,0,1
756,1,1
757,2,0
758,1,1
759,1,1
760,1,1
761,1,1
762,0,2
763,1,1
764,1,1
765,1,1
766,1,1
767,1,1
768,0,2
769,0,2
770,1,1
771,1,1
772,0,1
773,1,1
774,0,2
775,1,1
776,1,1
777,1,1
778,0,2
779,0,2
780,1,1
781,0,2
782,0,1
783,1,1
784,0,2
785,0,2
786,1,1
787,1,1
788,1,1
789,0,2
790,0,2
791,1,1
792,1,1
793,1,1
794,0,1
795,1,1
796,1,1
797,1,1
798,1,1
799,0,1
800,0,2
801,0,2
802,0,1
803,0,2
804,2,3
805,1,1
806,0,2
807,1,1
808,1,1
809,1,1
810,1,1
811,1,1
812,0,2
813,0,1
814,0,2
815,0,1
816,0,1
817,1,1
818,0,1
819,0,2
820,1,1
821,0,2
822,0,2
823,0,2
824,0,1
825,0,2
826,0,2
827,1,1
828,1,1
829,1,1
830,1,1
831,1,1
832,1,1
833,0,1
834,1,1
835,1,1
836,1,1
837,1,1
838,1,1
839,1,1
840,1,1
841,1,1
842,0,2
843,0,2
844,1,1
845,1,1
846,1,1
847,1,1
848,1,1
849,1,1
850,1,1
851,1,1
852,1,1
853,0,2
854,1,1
855,1,1
856,0,1
857,1,1
858,1,1
859,1,1
860,0,1
861,0,2
862,2,3
863,1,1
864,0,2
865,0,1
866,1,1
867,1,1
868,1,1
869,1,1
870,1,1
871,1,1
872,2,3
873,1,1
874,1,1
875,1,1
876,0,2
877,1,1
878,1,1
879,1,1
880,0,1
881,1,1
882,0,2
883,0,1
884,1,1
885,1,1
886,0,2
887,1,1
888,1,1
889,1,1
890,0,1
891,1,1
892,0,2
893,1,1
894,0,1
895,2,3
896,1,1
897,0,1
898,1,1
899,1,1
900,0,2
901,1,1
902,1,1
903,1,1
904,0,1
905,1,1
906,1,1
907,1,1
908,1,1
909,1,1
910,1,1
911,1,1
912,2,3
913,1,1
914,1,1
915,1,1
916,1,1
917,0,1
918,0,2
919,0,2
920,1,1
921,0,2
922,1,1
923,2,0
924,1,1
925,0,2
926,1,1
927,0,2
928,1,1
929,1,1
930,0,1
931,0,1
932,1,1
933,1,1
934,1,1
935,1,1
936,0,2
937,1,1
938,0,1
939,1,1
940,1,1
941,0,1
942,0,2
943,1,1
944,1,1
945,1,1
946,1,1
947,0,1
948,1,1
949,0,2
950,1,1
951,2,3
952,1,1
953,1,1
954,0,1
955,1,1
956,1,1
957,1,1
958,1,1
959,0,2
960,1,1
961,0,2
962,1,1
963,0,1
964,2,0
965,1,1
966,0,2
967,0,2
968,0,1
969,1,1
970,0,2
971,0,1
972,1,1
973,2,3
974,1,1
975,1,1
976,1,1
977,1,1
978,0,1
979,0,1
980,1,1
981,2,0
982,1,1
983,0,2
984,0,2
985,1,1
986,2,3
987,1,1
988,2,0
989,1,1
990,1,1
991,2,3
992,0,2
993,1,1
994,0,1
995,0,2
996,1,1
997,0,1
998,1,1
999,1,1
1000,1,1
1001,1,1
1002,0,1
1003,0,1
1004,1,1
1005,0,1
1006,0,2
1007,0,2
1008,1,1
1009,1,1
1010,1,1
1011,1,1
1012,2,3
1013,1,1
1014,0,2
1015,2,3
1016,0,2
1017,1,1
1018,1,1
1019,0,2
1020,1,1
1021,0,2
1022,0,1
1023,0,2
1024,0,2
1025,0,2
1026,1,1
1027,1,1
1028,1,1
1029,1,1
1030,0,2
1031,0,2
1032,1,1
1033,1,1
1034,1,1
1035,0,2
1036,1,1
1037,1,1
1038,1,1
1039,1,1
1040,1,1
1041,0,2
1042,1,1
1043,1,1
1044,1,1
1045,0,1
1046,0,2
1047,0,1
1048,1,1
1049,1,1
1050,1,1
1051,1,1
1052,1,1
1053,0,1
1054,0,1
1055,0,2
1056,0,1
1057,1,1
1058,1,1
1059,1,1
1060,1,1
1061,1,1
1062,1,1
1063,1,1
1064,0,1
1065,1,1
1066,0,2
1067,1,1
1068,0,1
1069,1,1
1070,0,2
1071,0,1
1072,2,3
1073,1,1
1074,1,1
1075,0,2
1076,1,1
1077,1,1
1078,1,1
1079,0,2
1080,1,1
1081,1,1
1082,1,1
1083,1,1
1084,1,1
1085,1,1
1086,0,2
1087,0,2
1088,1,1
1089,1,1
1090,1,1
1091,1,1
1092,0,2
1093,0,2
1094,1,1
1095,1,1
1096,0,1
1097,0,2
1098,1,1
1099,0,2
1100,0,2
1101,0,2
1102,1,1
1103,0,1
1104,0,2
1105,0,1
1106,0,2
1107,1,1
1108,0,2
1109,1,1
1110,0,2
1111,1,1
1112,0,1
1113,0,1
1114,1,1
1115,0,2
1116,1,1
1117,1,1
1118,0,2
1119,0,2
1120,1,1
1121,1,1
1122,1,1
1123,1,1
1124,1,1
1125,0,2
1126,0,1
1127,1,1
1128,0,2
1129,2,3
1130,1,1
1131,0,2
1132,1,1
1133,1,1
1134,1,1
1135,1,1
1136,1,1
1137,1,1
1138,1,1
1139,0,2
1140,1,1
1141,1,1
1142,0,1
1143,1,1
1144,1,1
1145,3,2
1146,1,1
1147,1,1
1148,1,1
1149,0,2
1150,0,1
1151,1,1
1152,2,3
1153,1,1
1154,0,2
1155,1,1
1156,0,2
1157,1,1
1158,1,1
1159,1,1
1160,1,1
1161,1,1
1162,1,1
1163,2,3
1164,1,1
1165,1,1
1166,0,2
1167,0,2
1168,1,1
1169,0,2
1170,1,1
1171,1,1
1172,0,2
1173,2,3
1174,1,1
1175,1,1
1176,1,1
1177,2,3
1178,0,1
1179,1,1
1180,1,1
1181,1,1
1182,0,2
1183,1,1
1184,0,2
1185,1,1
1186,1,1
1187,0,1
1188,0,2
1189,1,1
1190,2,3
1191,0,1
1192,0,1
1193,1,1
1194,1,1
1195,0,1
1196,1,1
1197,1,1
1198,0,2
1199,0,1
1200,0,2
1201,1,1
1202,1,1
1203,1,1
1204,1,1
1205,0,2
1206,0,2
1207,1,1
1208,0,1
1209,1,1
1210,0,2
1211,0,2
1212,0,2
1213,1,1
1214,1,1
1215,1,1
1216,1,1
1217,1,1
1218,1,1
1219,1,1
1220,1,1
1221,1,1
1222,1,1
1223,1,1
1224,0,2
1225,0,1
1226,1,1
1227,0,2
1228,1,1
1229,1,1
1230,1,1
1231,0,2
1232,0,2
1233,1,1
1234,1,1
1235,1,1
1236,0,2
1237,0,2
1238,0,1
1239,0,2
1240,1,1
1241,1,1
1242,1,1
1243,2,0
1244,1,1
1245,0,1
1246,1,1
1247,1,1
1248,1,1
1249,1,1
1250,1,1
1251,1,1
1252,0,1
1253,1,1
1254,1,1
1255,1,1
1256,3,1
1257,1,1
1258,0,1
1259,0,2
1260,0,2
1261,1,1
1262,1,1
1263,0,1
1264,1,1
1265,0,2
1266,0,2
1267,1,1
1268,0,2
1269,0,2
1270,0,1
1271,0,1
1272,1,1
1273,1,1
1274,2,0
1275,1,1
1276,0,2
1277,2,3
1278,1,1
1279,1,1
1280,1,1
1281,1,1
1282,0,2
1283,1,1
1284,0,1
1285,1,1
1286,1,1
1287,1,1
1288,1,1
1289,1,1
1290,1,1
1291,0,1
1292,1,1
1293,1,1
1294,1,1
1295,0,1
1296,0,2
1297,1,1
1298,1,1
1299,1,1
1300,1,1
1301,0,2
1302,0,2
1303,1,1
1304,1,1
1305,0,1
1306,1,1
1307,1,1
1308,1,1
1309,0,1
1310,1,1
1311,1,1
1312,2,3
1313,1,1
1314,1,1
1315,0,1
1316,1,1
1317,1,1
1318,0,2
1319,0,1
1320,0,2
1321,1,1
1322,2,0
1323,1,1
1324,1,1
1325,2,0
1326,0,1
1327,1,1
1328,0,1
1329,1,1
1330,0,1
1331,1,1
1332,1,1
1333,0,2
1334,0,1
1335,1,1
1336,1,1
1337,1,1
1338,0,2
1339,1,1
1340,1,1
1341,1,1
1342,1,1
1343,1,1
1344,1,1
1345,2,3
1346,0,2
1347,0,1
1348,0,1
1349,1,1
1350,0,2
1351,0,2
1352,1,1
1353,1,1
1354,1,1
1355,1,1
1356,1,1
1357,1,1
1358,1,1
1359,1,1
1360,1,1
1361,3,1
1362,1,1
1363,0,2
1364,1,1
1365,2,3
1366,1,1
1367,1,1
1368,0,2
1369,0,1
1370,1,1
1371,1,1
1372,1,1
1373,1,1
1374,1,1
1375,1,1
1376,2,0
1377,0,1
1378,1,1
1379,0,2
1380,1,1
1381,1,1
1382,0,2
1383,0,1
1384,1,1
1385,1,1
1386,1,1
1387,1,1
1388,1,1
1389,0,2
1390,0,2
1391,0,1
1392,0,2
1393,0,2
1394,0,1
1395,0,1
1396,2,3
1397,1,1
1398,0,2
1399,1,1
1400,1,1
1401,1,1
1402,2,0
1403,1,1
1404,1,1
1405,1,1
1406,3,2
1407,1,1
1408,1,1
1409,1,1
1410,0,2
1411,1,1
1412,1,1
1413,0,1
1414,1,1
1415,1,1
1416,1,1
1417,1,1
1418,1,1
1419,2,0
1420,1,1
1421,1,1
1422,0,2
1423,1,1
1424,0,2
1425,2,3
1426,1,1
1427,1,1
1428,1,1
1429,1,1
1430,1,1
1431,1,1
1432,0,1
1433,0,1
1434,1,1
1435,1,1
1436,1,1
1437,1,1
1438,1,1
1439,1,1
1440,1,1
1441,1,1
1442,0,2
1443,2,3
1444,1,1
1445,1,1
1446,1,1
1447,1,1
1448,0,1
1449,0,2
1450,1,1
1451,0,2
1452,1,1
1453,1,1
1454,1,1
1455,1,1
1456,1,1
1457,1,1
1458,0,2
1459,1,1
1460,0,2
1461,1,1
1462,0,1
1463,0,1
1464,0,2
1465,1,1
1466,0,2
1467,1,1
1468,1,1
1469,1,1
1470,1,1
1471,1,1
1472,1,1
1473,1,1
1474,1,1
1475,1,1
1476,1,1
1477,1,1
1478,0,2
1479,1,1
1480,0,1
1481,1,1
1482,3,2
1483,1,1
1484,1,1
1485,1,1
1486,0,1
1487,2,3
1488,1,1
1489,1,1
1490,1,1
1491,0,2
1492,1,1
1493,0,2
1494,2,3
1495,0,1
1496,1,1
1497,0,1
1498,1,1
1499,1,1
1500,0,1
1501,1,1
1502,1,1
1503,0,2
1504,1,1
1505,1,1
1506,0,2
1507,0,2
1508,0,2
1509,0,2
1510,1,1
1511,1,1
1512,1,1
1513,0,2
1514,1,1
1515,1,1
1516,1,1
1517,1,1
1518,1,1
1519,1,1
1520,0,2
1521,1,1
1522,1,1
1523,1,1
1524,2,3
1525,0,2
1526,0,2
1527,1,1
1528,1,1
1529,0,1
1530,1,1
1531,1,1
1532,0,2
1533,0,1
1534,0,1
1535,1,1
1536,1,1
1537,0,1
1538,0,2
1539,1,1
1540,0,1
1541,1,1
1542,1,1
1543,0,1
1544,3,2
1545,1,1
1546,0,1
1547,2,3
1548,1,1
1549,2,3
1550,1,1
1551,0,2
1552,1,1
1553,1,1
1554,1,1
1555,1,1
1556,0,1
1557,2,3
1558,1,1
1559,1,1
1560,1,1
1561,0,2
1562,1,1
1563,1,1
1564,1,1
1565,1,1
1566,1,1
1567,1,1
1568,0,2
1569,2,3
1570,1,1
1571,1,1
1572,0,2
1573,1,1
1574,1,1
1575,0,2
1576,0,2
1577,0,2
1578,1,1
1579,1,1
1580,0,1
1581,0,2
1582,1,1
1583,1,1
1584,1,1
1585,1,1
1586,1,1
1587,0,2
1588,0,1
1589,0,2
1590,1,1
1591,1,1
1592,0,1
1593,0,1
1594,0,2
1595,0,2
1596,2,3
1597,0,1
1598,0,2
1599,1,1
1600,1,1
1601,0,2
1602,0,1
1603,0,1
1604,0,2
1605,1,1
1606,1,1
1607,1,1
1608,1,1
1609,0,1
1610,1,1
1611,1,1
1612,1,1
1613,0,2
1614,0,2
1615,0,1
1616,1,1
1617,0,1
1618,0,2
1619,1,1
1620,0,2
1621,3,1
1622,1,1
1623,1,1
1624,1,1
1625,1,1
1626,1,1
1627,3,1
1628,0,1
1629,1,1
1630,1,1
1631,1,1
1632,2,3
1633,1,1
1634,0,2
1635,1,1
1636,1,1
1637,0,2
1638,0,1
1639,0,2
1640,0,2
1641,0,2
1642,0,1
1643,1,1
1644,1,1
1645,0,1
1646,1,1
1647,0,2
1648,1,1
1649,1,1
1650,0,2
1651,0,1
1652,1,1
1653,1,1
1654,0,2
1655,1,1
1656,1,1
1657,0,2
1658,1,1
1659,0,2
1660,1,1
1661,1,1
1662,1,1
1663,1,1
1664,0,1
1665,0,1
1666,0,2
1667,1,1
1668,1,1
1669,1,1
1670,2,3
1671,1,1
1672,0,2
1673,1,1
1674,1,1
1675,1,1
1676,0,1
1677,0,2
1678,3,1
1679,1,1
1680,1,1
1681,0,1
1682,1,1
1683,1,1
1684,1,1
1685,0,2
1686,1,1
1687,1,1
1688,0,2
1689,1,1
1690,1,1
1691,0,2
1692,1,1
1693,2,3
1694,0,2
1695,1,1
1696,1,1
1697,1,1
1698,1,1
1699,0,2
1700,1,1
1701,1,1
1702,1,1
1703,0,2
1704,1,1
1705,0,2
1706,0,2
1707,1,1
1708,1,1
1709,0,1
1710,1,1
1711,1,1
1712,0,2
1713,1,1
1714,0,1
1715,1,1
1716,1,1
1717,1,1
1718,0,2
1719,1,1
1720,1,1
1721,0,1
1722,0,2
1723,1,1
1724,1,1
1725,1,1
1726,0,2
1727,1,1
1728,1,1
1729,0,2
1730,1,1
1731,0,2
1732,1,1
1733,1,1
1734,1,1
1735,0,2
1736,1,1
1737,1,1
1738,1,1
1739,1,1
1740,1,1
1741,0,2
1742,1,1
1743,0,2
1744,0,2
1745,1,1
1746,1,1
1747,0,2
1748,1,1
1749,1,1
1750,1,1
1751,0,1
1752,1,1
1753,0,2
1754,0,2
1755,1,1
1756,1,1
1757,1,1
1758,1,1
1759,0,2
1760,1,1
1761,1,1
1762,2,0
1763,0,2
1764,0,1
1765,0,2
1766,0,2
1767,1,1
1768,0,2
1769,1,1
1770,0,2
1771,0,2
1772,2,3
1773,2,3
1774,1,1
1775,0,2
1776,0,1
1777,1,1
1778,1,1
1779,1,1
1780,0,2
1781,0,2
1782,0,2
1783,0,2
1784,1,1
1785,1,1
1786,1,1
1787,1,1
1788,1,1
1789,1,1
1790,2,0
1791,0,2
1792,1,1
1793,0,1
1794,0,2
1795,0,2
1796,1,1
1797,0,2
1798,1,1
1799,1,1
1800,1,1
1801,1,1
1802,1,1
1803,0,2
1804,1,1
1805,1,1
1806,0,2
1807,0,2
1808,0,2
1809,1,1
1810,1,1
1811,1,1
1812,1,1
1813,1,1
1814,1,1
1815,1,1
1816,0,2
1817,0,1
1818,1,1
1819,0,2
1820,0,2
1821,1,1
1822,1,1
1823,1,1
1824,0,2
1825,1,1
1826,0,2
1827,1,1
1828,0,1
1829,1,1
1830,1,1
1831,1,1
1832,1,1
1833,1,1
1834,0,1
1835,1,1
1836,0,2
1837,0,1
1838,0,1
1839,0,2
1840,0,2
1841,1,1
1842,1,1
1843,1,1
1844,1,1
1845,1,1
1846,0,2
1847,1,1
1848,1,1
1849,1,1
1850,0,1
1851,0,1
1852,2,3
1853,1,1
1854,1,1
1855,0,2
1856,2,3
1857,0,2
1858,2,3
1859,0,2
1860,1,1
1861,0,1
1862,0,2
1863,1,1
1864,0,1
1865,0,2
1866,1,1
1867,1,1
1868,1,1
1869,0,2
1870,2,3
1871,1,1
1872,1,1
1873,1,1
1874,1,1
1875,1,1
1876,1,1
1877,1,1
1878,1,1
1879,0,2
1880,1,1
1881,1,1
1882,0,2
1883,0,2
1884,1,1
1885,1,1
1886,2,3
1887,0,2
1888,1,1
1889,0,2
1890,1,1
1891,0,1
1892,1,1
1893,1,1
1894,0,1
1895,1,1
1896,1,1
1897,1,1
1898,1,1
1899,0,2
1900,2,3
1901,1,1
1902,1,1
1903,1,1
1904,1,1
1905,0,1
1906,1,1
1907,0,2
1908,1,1
1909,1,1
1910,1,1
1911,1,1
1912,1,1
1913,1,1
1914,1,1
1915,1,1
1916,1,1
1917,0,2
1918,0,1
1919,1,1
1920,0,2
1921,0,1
1922,1,1
1923,1,1
1924,1,1
1925,0,1
1926,0,1
1927,0,2
1928,2,3
1929,1,1
1930,1,1
1931,1,1
1932,0,2
1933,1,1
1934,1,1
1935,3,1
1936,2,3
1937,1,1
1938,1,1
1939,1,1
1940,0,1
1941,1,1
1942,2,3
1943,1,1
1944,0,2
1945,1,1
1946,2,3
1947,0,2
1948,1,1
1949,1,1
1950,1,1
1951,1,1
1952,0,2
1953,1,1
1954,1,1
1955,0,1
1956,1,1
1957,0,1
1958,1,1
1959,0,2
1960,1,1
1961,0,2
1962,0,1
1963,1,1
1964,1,1
1965,1,1
1966,1,1
1967,0,2
1968,0,2
1969,1,1
1970,1,1
1971,0,2
1972,1,1
1973,1,1
1974,1,1
1975,1,1
1976,0,2
1977,0,1
1978,1,1
1979,0,1
1980,2,3
1981,1,1
1982,1,1
1983,0,2
1984,0,2
1985,1,1
1986,1,1
1987,1,1
1988,1,1
1989,1,1
1990,1,1
1991,0,2
1992,0,1
1993,1,1
1994,1,1
1995,1,1
1996,1,1
1997,1,1
1998,1,1
1999,0,2
2000,1,1
2001,1,1
2002,0,1
2003,0,2
2004,0,1
2005,1,1
2006,1,1
2007,0,2
2008,1,1
2009,0,2
2010,0,2
2011,1,1
2012,1,1
2013,0,1
2014,1,1
2015,1,1
2016,1,1
2017,0,2
2018,1,1
2019,1,1
2020,0,2
2021,0,2
2022,1,1
2023,0,1
2024,0,2
2025,0,2
2026,0,2
2027,1,1
2028,1,1
2029,1,1
2030,1,1
2031,0,2
2032,1,1
2033,1,1
2034,1,1
2035,1,1
2036,0,1
2037,1,1
2038,0,2
2039,1,1
2040,1,1
2041,1,1
2042,1,1
2043,1,1
2044,1,1
2045,1,1
2046,1,1
2047,0,2
2048,0,1
2049,1,1
2050,0,2
2051,0,2
2052,1,1
2053,0,1
2054,1,1
2055,0,1
2056,1,1
2057,0,2
2058,1,1
2059,0,1
2060,2,0
2061,1,1
2062,1,1
2063,0,1
2064,1,1
2065,1,1
2066,0,1
2067,1,1
2068,1,1
2069,0,2
2070,0,2
2071,1,1
2072,0,2
2073,1,1
2074,1,1
2075,1,1
2076,0,2
2077,1,1
2078,0,2
2079,2,3
2080,1,1
2081,0,2
2082,1,1
2083,0,1
2084,1,1
2085,0,1
2086,1,1
2087,1,1
2088,1,1
2089,0,2
2090,1,1
2091,1,1
2092,2,3
2093,1,1
2094,1,1
2095,2,3
2096,0,1
2097,1,1
2098,1,1
2099,0,2
2100,1,1
2101,1,1
2102,0,2
2103,0,2
2104,0,2
2105,0,2
2106,0,2
2107,1,1
2108,1,1
2109,2,3
2110,1,1
2111,1,1
2112,1,1
2113,1,1
2114,1,1
2115,0,2
2116,0,1
2117,1,1
2118,0,2
2119,1,1
2120,0,1
2121,1,1
2122,2,3
2123,0,2
2124,1,1
2125,1,1
2126,0,2
2127,1,1
2128,1,1
2129,1,1
2130,0,2
2131,0,1
2132,0,2
2133,1,1
2134,0,2
2135,1,1
2136,0,2
2137,3,2
2138,1,1
2139,1,1
2140,0,1
2141,0,2
2142,2,0
2143,1,1
2144,1,1
2145,0,1
2146,2,3
2147,0,1
2148,1,1
2149,0,1
2150,2,0
2151,1,1
2152,1,1
2153,1,1
2154,1,1
2155,0,2
2156,1,1
2157,1,1
2158,1,1
2159,0,2
2160,0,2
2161,0,1
2162,1,1
2163,1,1
2164,1,1
2165,0,1
2166,0,2
2167,0,2
2168,0,2
2169,1,1
2170,1,1
2171,0,2
2172,3,2
2173,1,1
2174,1,1
2175,1,1
2176,1,1
2177,0,1
2178,0,2
2179,1,1
2180,1,1
2181,1,1
2182,1,1
2183,0,2
2184,1,1
2185,1,1
2186,1,1
2187,1,1
2188,2,3
2189,1,1
2190,1,1
2191,1,1
2192,0,2
2193,0,2
2194,0,2
2195,1,1
2196,0,2
2197,0,1
2198,0,2
2199,2,3
2200,1,1
2201,1,1
2202,2,3
2203,2,0
2204,1,1
2205,1,1
2206,1,1
2207,1,1
2208,1,1
2209,0,2
2210,0,1
2211,1,1
2212,1,1
2213,1,1
2214,1,1
2215,1,1
2216,1,1
2217,0,1
2218,1,1
2219,1,1
2220,2,0
2221,0,2
2222,1,1
2223,1,1
2224,1,1
2225,1,1
2226,2,3
2227,1,1
2228,0,2
2229,1,1
2230,1,1
2231,2,3
2232,1,1
2233,0,1
2234,1,1
2235,1,1
2236,0,2
2237,0,2
2238,0,2
2239,1,1
2240,0,2
2241,1,1
2242,1,1
2243,1,1
2244,1,1
2245,1,1
2246,1,1
2247,0,1
2248,1,1
2249,1,1
2250,1,1
2251,1,1
2252,1,1
2253,1,1
2254,0,2
2255,1,1
2256,1,1
2257,1,1
2258,1,1
2259,1,1
2260,1,1
2261,1,1
2262,1,1
2263,1,1
2264,0,1
2265,0,1
2266,0,2
2267,0,1
2268,1,1
2269,0,1
2270,1,1
2271,2,3
2272,0,1
2273,0,2
2274,0,2
2275,0,1
2276,2,0
2277,1,1
2278,1,1
2279,1,1
2280,0,1
2281,1,1
2282,0,1
2283,0,2
2284,1,1
2285,1,1
2286,0,2
2287,1,1
2288,1,1
2289,1,1
2290,0,1
2291,1,1
2292,1,1
2293,1,1
2294,1,1
2295,0,2
2296,0,1
2297,0,2
2298,1,1
2299,1,1
2300,2,0
2301,1,1
2302,1,1
2303,1,1
2304,0,1
2305,0,2
2306,1,1
2307,0,1
2308,1,1
2309,1,1
2310,1,1
2311,1,1
2312,1,1
2313,0,2
2314,0,2
2315,0,1
2316,1,1
2317,1,1
2318,1,1
2319,1,1
2320,1,1
2321,2,3
2322,0,1
2323,0,2
2324,1,1
2325,1,1
2326,1,1
2327,1,1
2328,1,1
2329,1,1
2330,1,1
2331,0,1
2332,1,1
2333,1,1
2334,1,1
2335,1,1
2336,0,1
2337,1,1
2338,1,1
2339,0,1
2340,1,1
2341,0,1
2342,1,1
2343,1,1
2344,1,1
2345,1,1
2346,1,1
2347,0,1
2348,0,2
2349,1,1
2350,0,2
2351,1,1
2352,1,1
2353,1,1
2354,1,1
2355,1,1
2356,1,1
2357,1,1
2358,1,1
2359,0,1
2360,0,1
2361,1,1
2362,0,2
2363,1,1
2364,0,1
2365,1,1
2366,1,1
2367,0,1
2368,1,1
2369,1,1
2370,0,2
2371,1,1
2372,1,1
2373,0,1
2374,0,2
2375,1,1
2376,1,1
2377,0,2
2378,1,1
2379,1,1
2380,0,1
2381,1,1
2382,0,1
2383,0,2
2384,1,1
2385,0,1
2386,1,1
2387,1,1
2388,1,1
2389,2,0
2390,1,1
2391,1,1
2392,1,1
2393,1,1
2394,1,1
2395,1,1
2396,0,2
2397,0,2
2398,1,1
2399,1,1
2400,0,1
2401,1,1
2402,1,1
2403,0,1
2404,0,1
2405,0,2
2406,0,1
2407,1,1
2408,1,1
2409,1,1
2410,0,1
2411,1,1
2412,2,3
2413,0,2
2414,0,2
2415,0,2
2416,1,1
2417,0,2
2418,1,1
2419,0,2
2420,1,1
2421,0,1
2422,1,1
2423,1,1
2424,1,1
2425,1,1
2426,0,1
2427,1,1
2428,1,1
2429,0,2
2430,0,2
2431,1,1
2432,0,1
2433,0,2
2434,1,1
2435,1,1
2436,1,1
2437,0,2
2438,1,1
2439,1,1
2440,1,1
2441,0,1
2442,0,2
2443,0,2
2444,1,1
2445,1,1
2446,1,1
2447,1,1
2448,1,1
2449,1,1
2450,0,2
2451,1,1
2452,1,1
2453,1,1
2454,1,1
2455,1,1
2456,0,1
2457,1,1
2458,0,2
2459,1,1
2460,1,1
2461,1,1
2462,1,1
2463,0,2
2464,0,2
2465,1,1
2466,1,1
2467,1,1
2468,0,2
2469,0,1
2470,0,1
2471,1,1
2472,1,1
2473,1,1
2474,0,2
2475,1,1
2476,1,1
2477,0,2
2478,1,1
2479,1,1
2480,1,1
2481,1,1
2482,3,2
2483,1,1
2484,1,1
2485,1,1
2486,0,1
2487,1,1
2488,1,1
2489,1,1
2490,1,1
2491,0,2
2492,0,2
2493,1,1
2494,1,1
2495,0,1
2496,1,1
2497,1,1
2498,0,2
2499,0,2
2500,0,2
2501,1,1
2502,1,1
2503,1,1
2504,1,1
2505,0,2
2506,0,1
2507,1,1
2508,1,1
2509,1,1
2510,1,1
2511,1,1
2512,1,1
2513,0,2
2514,1,1
2515,1,1
2516,2,3
2517,1,1
2518,1,1
2519,1,1
2520,1,1
2521,0,1
2522,1,1
2523,0,1
2524,1,1
2525,0,2
2526,1,1
2527,1,1
2528,2,0
2529,1,1
2530,1,1
2531,1,1
2532,1,1
2533,1,1
2534,1,1
2535,1,1
2536,1,1
2537,0,2
2538,1,1
2539,1,1
2540,1,1
2541,0,2
2542,1,1
2543,1,1
2544,1,1
2545,0,2
2546,0,1
2547,1,1
2548,0,1
2549,1,1
2550,1,1
2551,1,1
2552,0,2
2553,2,3
2554,1,1
2555,0,1
2556,0,1
2557,0,2
2558,0,1
2559,1,1
2560,1,1
2561,0,1
2562,1,1
2563,1,1
2564,2,0
2565,0,2
2566,1,1
2567,0,2
2568,0,2
2569,1,1
2570,0,1
2571,0,2
2572,0,1
2573,1,1
2574,0,2
2575,1,1
2576,1,1
2577,0,2
2578,0,1
2579,1,1
2580,1,1
2581,2,3
2582,0,2
2583,1,1
2584,1,1
2585,1,1
2586,0,2
2587,1,1
2588,0,2
2589,0,1
2590,1,1
2591,1,1
2592,0,1
2593,0,1
2594,1,1
2595,1,1
2596,0,2
2597,0,2
2598,0,1
2599,0,1
2600,0,1
2601,2,0
2602,0,2
2603,1,1
2604,1,1
2605,1,1
2606,1,1
2607,1,1
2608,0,2
2609,2,3
2610,0,2
2611,2,3
2612,0,1
2613,1,1
2614,0,2
2615,0,1
2616,1,1
2617,0,1
2618,1,1
2619,1,1
2620,1,1
2621,1,1
2622,1,1
2623,2,0
2624,0,2
2625,1,1
2626,1,1
2627,0,2
2628,1,1
2629,1,1
2630,1,1
2631,1,1
2632,0,1
2633,1,1
2634,1,1
2635,0,1
2636,0,2
2637,0,2
2638,0,1
2639,1,1
2640,1,1
2641,1,1
2642,1,1
2643,1,1
2644,1,1
2645,1,1
2646,0,2
2647,0,2
2648,1,1
2649,1,1
2650,1,1
2651,0,2
2652,1,1
2653,1,1
2654,1,1
2655,0,2
2656,1,1
2657,0,2
2658,1,1
2659,1,1
2660,1,1
2661,0,2
2662,1,1
2663,1,1
2664,2,0
2665,1,1
2666,1,1
2667,2,3
2668,1,1
2669,1,1
2670,2,3
2671,1,1
2672,1,1
2673,1,1
2674,1,1
2675,0,2
2676,1,1
2677,0,2
2678,1,1
2679,1,1
2680,0,2
2681,0,1
2682,0,1
2683,1,1
2684,1,1
2685,0,1
2686,1,1
2687,2,3
2688,1,1
2689,0,2
2690,1,1
2691,1,1
2692,0,2
2693,1,1
2694,2,3
2695,1,1
2696,1,1
2697,1,1
2698,1,1
2699,1,1
2700,1,1
2701,1,1
2702,1,1
2703,1,1
2704,1,1
2705,1,1
2706,0,2
2707,1,1
2708,0,2
2709,2,3
2710,0,1
2711,1,1
2712,1,1
2713,0,1
2714,0,2
2715,1,1
2716,0,1
2717,0,2
2718,0,1
2719,0,1
2720,1,1
2721,1,1
2722,1,1
2723,1,1
2724,0,2
2725,1,1
2726,0,2
2727,0,2
2728,1,1
2729,1,1
2730,1,1
2731,1,1
2732,1,1
2733,1,1
2734,0,1
2735,1,1
2736,0,2
2737,1,1
2738,1,1
2739,1,1
2740,1,1
2741,0,1
2742,1,1
2743,1,1
2744,1,1
2745,0,2
2746,1,1
2747,1,1
2748,1,1
2749,1,1
2750,0,2
2751,1,1
2752,0,2
2753,1,1
2754,1,1
2755,1,1
2756,1,1
2757,1,1
2758,1,1
2759,0,1
2760,0,1
2761,1,1
2762,1,1
2763,1,1
2764,0,1
2765,0,2
2766,0,2
2767,0,2
2768,1,1
2769,1,1
2770,0,2
2771,0,2
2772,0,1
2773,1,1
2774,0,2
2775,2,3
2776,0,2
2777,2,3
2778,1,1
2779,1,1
2780,2,0
2781,1,1
2782,0,2
2783,1,1
2784,2,3
2785,0,1
2786,0,1
2787,0,2
2788,1,1
2789,1,1
2790,1,1
2791,0,1
2792,0,2
2793,1,1
2794,1,1
2795,1,1
2796,2,3
2797,1,1
2798,0,2
2799,1,1
2800,0,2
2801,0,2
2802,0,2
2803,0,1
2804,0,1
2805,1,1
2806,1,1
2807,1,1
2808,1,1
2809,1,1
2810,1,1
2811,1,1
2812,0,1
2813,1,1
2814,1,1
2815,1,1
2816,1,1
2817,0,2
2818,0,1
2819,1,1
2820,1,1
2821,0,1
2822,1,1
2823,1,1
2824,1,1
2825,0,2
2826,0,2
2827,1,1
2828,0,2
2829,0,2
2830,1,1
2831,1,1
2832,1,1
2833,1,1
2834,2,3
2835,0,1
2836,1,1
2837,0,2
2838,1,1
2839,2,3
2840,2,0
2841,0,2
2842,0,2
2843,0,2
2844,0,2
2845,1,1
2846,1,1
2847,1,1
2848,2,0
2849,1,1
2850,1,1
2851,1,1
2852,3,2
2853,2,3
2854,0,1
2855,1,1
2856,0,2
2857,0,2
2858,1,1
2859,0,2
2860,1,1
2861,0,1
2862,0,2
2863,0,1
2864,1,1
2865,1,1
2866,1,1
2867,1,1
2868,1,1
2869,1,1
2870,2,0
2871,1,1
2872,0,2
2873,1,1
2874,0,1
2875,1,1
2876,1,1
2877,1,1
2878,0,2
2879,1,1
2880,0,1
2881,2,3
2882,1,1
2883,1,1
2884,0,1
2885,1,1
2886,1,1
2887,2,3
2888,0,2
2889,1,1
2890,0,2
2891,1,1
2892,1,1
2893,1,1
2894,1,1
2895,0,2
2896,0,2
2897,1,1
2898,1,1
2899,0,2
2900,1,1
2901,1,1
2902,0,1
2903,0,2
2904,1,1
2905,1,1
2906,1,1
2907,1,1
2908,0,2
2909,0,2
2910,1,1
2911,1,1
2912,0,2
2913,1,1
2914,1,1
2915,1,1
2916,3,2
2917,0,2
2918,1,1
2919,1,1
2920,1,1
2921,1,1
2922,1,1
2923,0,1
2924,1,1
2925,0,2
2926,0,2
2927,0,2
2928,1,1
2929,0,1
2930,1,1
2931,1,1
2932,0,1
2933,1,1
2934,1,1
2935,1,1
2936,1,1
2937,1,1
2938,1,1
2939,1,1
2940,1,1
2941,1,1
2942,0,1
2943,0,2
2944,1,1
2945,2,0
2946,1,1
2947,1,1
2948,0,1
2949,2,0
2950,1,1
2951,1,1
2952,0,1
2953,0,2
2954,0,2
2955,0,2
2956,1,1
2957,0,2
2958,2,3
2959,1,1
2960,0,2
2961,0,2
2962,2,0
2963,1,1
2964,0,2
2965,1,1
2966,0,1
2967,1,1
2968,1,1
2969,1,1
2970,1,1
2971,1,1
2972,0,2
2973,1,1
2974,1,1
2975,1,1
2976,1,1
2977,0,2
2978,1,1
2979,0,1
2980,0,2
2981,2,0
2982,1,1
2983,1,1
2984,0,2
2985,0,1
2986,1,1
2987,2,3
2988,1,1
2989,0,1
2990,2,3
2991,1,1
2992,1,1
2993,1,1
2994,0,2
2995,0,2
2996,0,2
2997,1,1
2998,0,2
2999,1,1
3000,0,2
3001,1,1
3002,1,1
3003,0,2
3004,1,1
3005,0,2
3006,1,1
3007,1,1
3008,0,2
3009,0,1
3010,0,2
3011,0,1
3012,1,1
3013,0,2
3014,1,1
3015,1,1
3016,0,1
3017,0,1
3018,1,1
3019,1,1
3020,0,2
3021,1,1
3022,1,1
3023,0,1
3024,1,1
3025,1,1
3026,1,1
3027,0,1
3028,1,1
3029,1,1
3030,0,2
3031,1,1
3032,0,1
3033,1,1
3034,1,1
3035,1,1
3036,0,1
3037,1,1
3038,0,2
3039,0,1
3040,0,2
3041,1,1
3042,1,1
3043,1,1
3044,1,1
3045,0,1
3046,2,3
3047,1,1
3048,0,1
3049,1,1
3050,1,1
3051,0,2
3052,1,1
3053,2,3
3054,1,1
3055,0,2
3056,0,2
3057,1,1
3058,1,1
3059,1,1
3060,1,1
3061,1,1
3062,1,1
3063,0,2
3064,1,1
3065,1,1
3066,0,1
3067,1,1
3068,2,0
3069,1,1
3070,1,1
3071,1,1
3072,1,1
3073,1,1
3074,0,2
3075,1,1
3076,1,1
3077,1,1
3078,1,1
3079,0,2
3080,1,1
3081,0,1
3082,1,1
3083,0,2
3084,0,2
3085,1,1
3086,1,1
3087,1,1
3088,1,1
3089,0,2
3090,1,1
3091,0,2
3092,3,2
3093,1,1
3094,0,2
3095,1,1
3096,1,1
3097,1,1
3098,0,1
3099,1,1
3100,0,2
3101,0,1
3102,1,1
3103,1,1
3104,0,2
3105,0,1
3106,1,1
3107,1,1
3108,1,1
3109,1,1
3110,0,2
3111,0,2
3112,0,2
3113,1,1
3114,0,2
3115,0,1
3116,1,1
3117,0,2
3118,0,2
3119,1,1
3120,0,2
3121,0,1
3122,1,1
3123,1,1
3124,1,1
3125,1,1
3126,1,1
3127,1,1
3128,1,1
3129,0,1
3130,1,1
3131,0,2
3132,1,1
3133,1,1
3134,0,2
3135,1,1
3136,1,1
3137,1,1
3138,1,1
3139,0,2
3140,1,1
3141,0,1
3142,1,1
3143,1,1
3144,0,2
3145,1,1
3146,1,1
3147,0,2
3148,0,2
3149,0,1
3150,1,1
3151,0,2
3152,1,1
3153,1,1
3154,1,1
3155,1,1
3156,1,1
3157,1,1
3158,1,1
3159,1,1
3160,0,1
3161,1,1
3162,1,1
3163,1,1
3164,0,2
3165,0,2
3166,1,1
3167,1,1
3168,0,1
3169,0,2
3170,0,1
3171,0,2
3172,0,1
3173,0,2
3174,1,1
3175,1,1
3176,0,2
3177,1,1
3178,0,1
3179,1,1
3180,0,2
3181,0,2
3182,0,2
3183,1,1
3184,1,1
3185,0,1
3186,1,1
3187,1,1
3188,0,2
3189,1,1
3190,0,2
3191,0,1
3192,1,1
3193,1,1
3194,0,2
3195,0,2
3196,0,1
3197,1,1
3198,1,1
3199,0,2
3200,0,2
3201,1,1
3202,2,0
3203,0,1
3204,1,1
3205,1,1
3206,0,1
3207,1,1
3208,0,2
3209,1,1
3210,0,1
3211,1,1
3212,0,2
3213,0,2
3214,0,2
3215,0,2
3216,1,1
3217,0,2
3218,0,2
3219,1,1
3220,0,2
3221,0,1
3222,1,1
3223,1,1
3224,1,1
3225,1,1
3226,1,1
3227,1,1
3228,0,2
3229,1,1
3230,0,2
3231,1,1
3232,1,1
3233,1,1
3234,1,1
3235,0,1
3236,1,1
3237,0,1
3238,1,1
3239,1,1
3240,1,1
3241,1,1
3242,0,1
3243,1,1
3244,1,1
3245,1,1
3246,0,2
3247,1,1
3248,0,1
3249,1,1
3250,0,2
3251,0,1
3252,0,1
3253,2,3
3254,0,1
3255,1,1
3256,1,1
3257,1,1
3258,1,1
3259,0,2
3260,1,1
3261,1,1
3262,2,3
3263,1,1
3264,0,1
3265,1,1
3266,0,2
3267,0,2
3268,0,2
3269,0,1
3270,1,1
3271,1,1
3272,1,1
3273,0,1
3274,1,1
3275,0,2
3276,1,1
3277,1,1
3278,1,1
3279,1,1
3280,1,1
3281,2,0
3282,2,3
3283,1,1
3284,0,2
3285,0,2
3286,1,1
3287,0,1
3288,1,1
3289,2,3
3290,0,2
3291,1,1
3292,1,1
3293,1,1
3294,1,1
3295,0,1
3296,0,1
3297,1,1
3298,1,1
3299,1,1
3300,1,1
3301,0,1
3302,1,1
3303,0,2
3304,2,3
3305,1,1
3306,1,1
3307,1,1
3308,1,1
3309,1,1
3310,1,1
3311,1,1
3312,1,1
3313,1,1
3314,0,2
3315,0,1
3316,1,1
3317,1,1
3318,0,2
3319,0,1
3320,1,1
3321,1,1
3322,1,1
3323,0,1
3324,0,1
3325,1,1
3326,1,1
3327,0,2
3328,1,1
3329,0,2
3330,1,1
3331,2,3
3332,0,2
3333,1,1
3334,1,1
3335,1,1
3336,1,1
3337,1,1
3338,1,1
3339,2,3
3340,0,2
3341,0,1
3342,1,1
3343,0,1
3344,1,1
3345,1,1
3346,1,1
3347,0,2
3348,0,2
3349,1,1
3350,1,1
3351,0,2
3352,0,2
3353,1,1
3354,1,1
3355,2,0
3356,1,1
3357,0,1
3358,1,1
3359,1,1
3360,0,1
3361,1,1
3362,1,1
3363,1,1
3364,0,2
3365,0,2
3366,0,2
3367,0,2
3368,1,1
3369,1,1
3370,1,1
3371,0,2
3372,0,2
3373,0,2
3374,1,1
3375,1,1
3376,0,2
3377,0,2
3378,1,1
3379,0,2
3380,1,1
3381,0,1
3382,1,1
3383,1,1
3384,1,1
3385,1,1
3386,1,1
3387,0,1
3388,1,1
3389,1,1
3390,2,3
3391,1,1
3392,1,1
3393,1,1
3394,1,1
3395,1,1
3396,2,3
3397,0,1
3398,1,1
3399,0,1
3400,1,1
3401,1,1
3402,0,2
3403,1,1
3404,1,1
3405,0,1
3406,1,1
3407,2,3
3408,1,1
3409,0,1
3410,1,1
3411,1,1
3412,0,2
3413,1,1
3414,0,2
3415,0,2
3416,1,1
3417,1,1
3418,1,1
3419,0,2
3420,0,1
3421,1,1
3422,2,0
3423,1,1
3424,1,1
3425,1,1
3426,1,1
3427,0,1
3428,1,1
3429,1,1
3430,1,1
3431,1,1
3432,1,1
3433,1,1
3434,1,1
3435,1,1
3436,1,1
3437,1,1
3438,1,1
3439,1,1
3440,1,1
3441,1,1
3442,0,1
3443,0,2
3444,1,1
3445,1,1
3446,1,1
3447,0,2
3448,0,2
3449,2,3
3450,1,1
3451,0,1
3452,1,1
3453,0,2
3454,0,2
3455,1,1
3456,1,1
3457,0,1
3458,1,1
3459,1,1
3460,1,1
3461,0,2
3462,1,1
3463,1,1
3464,1,1
3465,0,1
3466,0,1
3467,0,1
3468,2,0
3469,1,1
3470,1,1
3471,1,1
3472,1,1
3473,1,1
3474,0,1
3475,1,1
3476,1,1
3477,2,0
3478,1,1
3479,1,1
3480,0,2
3481,0,2
3482,0,1
3483,0,1
3484,1,1
3485,1,1
3486,1,1
3487,1,1
3488,0,1
3489,1,1
3490,1,1
3491,1,1
3492,1,1
3493,0,1
3494,1,1
3495,1,1
3496,0,2
3497,0,2
3498,0,2
3499,1,1
3500,0,2
3501,0,1
3502,1,1
3503,1,1
3504,0,2
3505,1,1
3506,0,2
3507,0,2
3508,0,1
3509,1,1
3510,0,2
3511,1,1
3512,0,2
3513,0,1
3514,1,1
3515,1,1
3516,1,1
3517,1,1
3518,0,2
3519,1,1
3520,2,3
3521,1,1
3522,1,1
3523,1,1
3524,3,2
3525,1,1
3526,1,1
3527,1,1
3528,1,1
3529,1,1
3530,1,1
3531,0,2
3532,0,2
3533,1,1
3534,1,1
3535,1,1
3536,1,1
3537,2,3
3538,1,1
3539,1,1
3540,1,1
3541,1,1
3542,0,1
3543,1,1
3544,2,3
3545,1,1
3546,2,3
3547,1,1
3548,1,1
3549,0,1
3550,1,1
3551,1,1
3552,0,2
3553,1,1
3554,1,1
3555,1,1
3556,1,1
3557,1,1
3558,1,1
3559,1,1
3560,1,1
3561,0,1
3562,1,1
3563,0,1
3564,1,1
3565,1,1
3566,1,1
3567,0,2
3568,1,1
3569,0,1
3570,1,1
3571,1,1
3572,1,1
3573,1,1
3574,1,1
3575,2,3
3576,1,1
3577,1,1
3578,1,1
3579,1,1
3580,2,0
3581,1,1
3582,1,1
3583,2,3
3584,0,2
3585,1,1
3586,0,2
3587,0,1
3588,1,1
3589,1,1
3590,0,2
3591,1,1
3592,1,1
3593,1,1
3594,1,1
3595,1,1
3596,0,2
3597,1,1
3598,1,1
3599,1,1
3600,1,1
3601,0,2
3602,1,1
3603,1,1
3604,0,2
3605,1,1
3606,1,1
3607,1,1
3608,1,1
3609,1,1
3610,1,1
3611,0,2
3612,1,1
3613,1,1
3614,1,1
3615,1,1
3616,0,1
3617,1,1
3618,1,1
3619,1,1
3620,1,1
3621,0,2
3622,0,1
3623,1,1
3624,2,3
3625,0,1
3626,1,1
3627,1,1
3628,1,1
3629,2,3
3630,1,1
3631,1,1
3632,0,1
3633,1,1
3634,1,1
3635,1,1
3636,0,2
3637,1,1
3638,2,3
3639,1,1
3640,2,3
3641,0,2
3642,1,1
3643,1,1
3644,1,1
3645,1,1
3646,0,2
3647,0,1
3648,0,1
3649,0,2
3650,0,2
3651,1,1
3652,0,2
3653,1,1
3654,1,1
3655,1,1
3656,1,1
3657,0,1
3658,1,1
3659,1,1
3660,1,1
3661,0,1
3662,0,2
3663,1,1
3664,0,1
3665,1,1
3666,2,3
3667,1,1
3668,1,1
3669,0,2
3670,1,1
3671,0,2
3672,0,2
3673,1,1
3674,1,1
3675,1,1
3676,0,2
3677,1,1
3678,1,1
3679,1,1
3680,1,1
3681,1,1
3682,0,1
3683,1,1
3684,0,2
3685,1,1
3686,1,1
3687,1,1
3688,1,1
3689,1,1
3690,0,1
3691,0,1
3692,1,1
3693,0,1
3694,1,1
3695,2,3
3696,1,1
3697,0,1
3698,0,1
3699,0,2
3700,1,1
3701,1,1
3702,1,1
3703,1,1
3704,0,2
3705,1,1
3706,0,2
3707,1,1
3708,1,1
3709,0,1
3710,1,1
3711,1,1
3712,1,1
3713,1,1
3714,0,2
3715,0,2
3716,1,1
3717,0,2
3718,0,2
3719,0,2
3720,1,1
3721,1,1
3722,0,1
3723,1,1
3724,0,2
3725,1,1
3726,1,1
3727,1,1
3728,1,1
3729,1,1
3730,1,1
3731,1,1
3732,0,1
3733,1,1
3734,1,1
3735,1,1
3736,0,2
3737,1,1
3738,2,3
3739,1,1
3740,0,1
3741,2,3
3742,1,1
3743,1,1
3744,1,1
3745,1,1
3746,1,1
3747,1,1
3748,0,2
3749,0,2
3750,1,1
3751,2,0
3752,0,2
3753,0,2
3754,1,1
3755,0,1
3756,1,1
3757,2,0
3758,1,1
3759,1,1
3760,0,2
3761,0,1
3762,1,1
3763,1,1
3764,0,1
3765,1,1
3766,0,2
3767,1,1
3768,0,2
3769,1,1
3770,1,1
3771,1,1
3772,1,1
3773,0,2
3774,1,1
3775,1,1
3776,1,1
3777,0,2
3778,1,1
3779,1,1
3780,1,1
3781,1,1
3782,1,1
3783,0,2
3784,1,1
3785,1,1
3786,0,2
3787,0,2
3788,1,1
3789,1,1
3790,2,3
3791,0,1
3792,1,1
3793,1,1
3794,1,1
3795,0,2
3796,2,3
3797,1,1
3798,1,1
3799,1,1
3800,1,1
3801,1,1
3802,1,1
3803,1,1
3804,0,2
3805,1,1
3806,0,1
3807,1,1
3808,1,1
3809,0,1
3810,0,2
3811,0,2
3812,1,1
3813,1,1
3814,1,1
3815,1,1
3816,1,1
3817,1,1
3818,1,1
3819,1,1
3820,0,1
3821,1,1
3822,1,1
3823,1,1
3824,1,1
3825,1,1
3826,0,2
3827,1,1
3828,1,1
3829,2,0
3830,1,1
3831,0,2
3832,1,1
3833,1,1
3834,1,1
3835,1,1
3836,0,2
3837,1,1
3838,1,1
3839,1,1
3840,1,1
3841,1,1
3842,1,1
3843,1,1
3844,1,1
3845,1,1
3846,1,1
3847,1,1
3848,1,1
3849,0,1
3850,1,1
3851,2,3
3852,1,1
3853,0,2
3854,0,1
3855,1,1
3856,1,1
3857,1,1
3858,0,2
3859,1,1
3860,0,1
3861,1,1
3862,1,1
3863,1,1
3864,1,1
3865,1,1
3866,1,1
3867,1,1
3868,1,1
3869,1,1
3870,1,1
3871,1,1
3872,1,1
3873,1,1
3874,1,1
3875,1,1
3876,1,1
3877,1,1
3878,1,1
3879,1,1
3880,0,2
3881,1,1
3882,0,2
3883,0,2
3884,0,2
3885,1,1
3886,1,1
3887,0,1
3888,1,1
3889,1,1
3890,2,3
3891,0,2
3892,1,1
3893,1,1
3894,0,1
3895,1,1
3896,1,1
3897,1,1
3898,1,1
3899,0,2
3900,1,1
3901,1,1
3902,0,1
3903,0,2
3904,0,1
3905,0,1
3906,1,1
3907,1,1
3908,1,1
3909,0,2
3910,0,1
3911,0,2
3912,2,3
3913,1,1
3914,1,1
3915,1,1
3916,1,1
3917,1,1
3918,0,2
3919,1,1
3920,0,2
3921,1,1
3922,0,2
3923,1,1
3924,1,1
3925,1,1
3926,1,1
3927,1,1
3928,1,1
3929,2,3
3930,1,1
3931,0,2
3932,1,1
3933,1,1
3934,1,1
3935,0,1
3936,1,1
3937,0,2
3938,1,1
3939,1,1
3940,0,2
3941,1,1
3942,1,1
3943,1,1
3944,1,1
3945,0,1
3946,2,3
3947,1,1
3948,1,1
3949,0,1
3950,1,1
3951,0,2
3952,0,2
3953,1,1
3954,1,1
3955,1,1
3956,0,1
3957,1,1
3958,1,1
3959,1,1
3960,1,1
3961,0,2
3962,0,1
3963,1,1
3964,0,2
3965,0,1
3966,1,1
3967,0,1
3968,1,1
3969,1,1
3970,0,2
3971,0,1
3972,1,1
3973,1,1
3974,1,1
3975,0,2
3976,0,2
3977,1,1
3978,1,1
3979,1,1
3980,0,2
3981,0,1
3982,1,1
3983,1,1
3984,1,1
3985,0,1
3986,0,2
3987,1,1
3988,1,1
3989,1,1
3990,1,1
3991,0,2
3992,1,1
3993,1,1
3994,1,1
3995,0,1
3996,0,2
3997,1,1
3998,0,1
3999,1,1
4000,1,1
4001,0,1
4002,0,2
4003,0,2
4004,1,1
4005,1,1
4006,1,1
4007,1,1
4008,1,1
4009,1,1
4010,2,0
4011,1,1
4012,2,3
4013,1,1
4014,1,1
4015,1,1
4016,2,0
4017,0,2
4018,1,1
4019,1,1
4020,1,1
4021,1,1
4022,1,1
4023,1,1
4024,0,1
4025,3,1
4026,1,1
4027,1,1
4028,1,1
4029,1,1
4030,1,1
4031,0,2
4032,2,3
4033,1,1
4034,1,1
4035,1,1
4036,0,2
4037,0,1
4038,1,1
4039,1,1
4040,0,1
4041,1,1
4042,1,1
4043,0,2
4044,1,1
4045,1,1
4046,1,1
4047,1,1
4048,1,1
4049,1,1
4050,0,2
4051,1,1
4052,3,1
4053,1,1
4054,1,3
4055,0,2
4056,0,1
4057,1,1
4058,0,2
4059,1,1
4060,1,1
4061,1,1
4062,1,1
4063,0,2
4064,0,1
4065,1,1
4066,0,2
4067,1,1
4068,0,2
4069,0,2
4070,0,2
4071,1,1
4072,1,1
4073,0,2
4074,1,1
4075,1,1
4076,1,1
4077,1,1
4078,0,1
4079,1,1
4080,0,2
4081,1,1
4082,1,1
4083,1,1
4084,0,2
4085,1,1
4086,0,1
4087,0,2
4088,1,1
4089,1,1
4090,2,3
4091,1,1
4092,1,1
4093,1,1
4094,1,1
4095,1,1
4096,2,3
4097,1,1
4098,1,1
4099,0,2
4100,0,2
4101,1,1
4102,1,1
4103,0,2
4104,0,2
4105,0,2
4106,2,3
4107,1,1
4108,0,2
4109,0,1
4110,1,1
4111,1,1
4112,1,1
4113,1,1
4114,0,1
4115,0,2
4116,1,1
4117,0,2
4118,1,1
4119,0,1
4120,0,2
4121,0,1
4122,1,1
4123,1,1
4124,1,1
4125,0,2
4126,0,2
4127,0,2
4128,0,2
4129,0,1
4130,1,1
4131,1,1
4132,1,1
4133,0,2
4134,0,1
4135,1,1
4136,0,2
4137,1,1
4138,1,1
4139,1,1
4140,1,1
4141,0,1
4142,1,1
4143,1,1
4144,0,2
4145,1,1
4146,1,1
4147,1,1
4148,1,1
4149,1,1
4150,1,1
4151,1,1
4152,1,1
4153,1,1
4154,1,1
4155,1,1
4156,0,2
4157,0,2
4158,1,1
4159,0,2
4160,0,1
4161,1,1
4162,0,1
4163,0,1
4164,1,1
4165,0,1
4166,0,2
4167,1,1
4168,0,2
4169,1,1
4170,1,1
4171,1,1
4172,1,1
4173,1,1
4174,1,1
4175,0,2
4176,1,1
4177,2,3
4178,1,1
4179,1,1
4180,1,1
4181,0,1
4182,1,1
4183,0,2
4184,1,1
4185,0,2
4186,1,1
4187,1,1
4188,1,1
4189,2,0
4190,1,1
4191,1,1
4192,1,1
4193,0,2
4194,1,1
4195,0,2
4196,1,1
4197,1,1
4198,1,1
4199,0,1
4200,1,1
4201,1,1
4202,0,1
4203,1,1
4204,1,1
4205,1,1
4206,1,1
4207,0,2
4208,1,1
4209,0,1
4210,0,2
4211,1,1
4212,1,1
4213,0,2
4214,1,1
4215,1,1
4216,1,1
4217,1,1
4218,1,1
4219,1,1
4220,1,1
4221,1,1
4222,1,1
4223,1,1
4224,1,1
4225,0,2
4226,1,1
4227,1,1
4228,0,2
4229,0,1
4230,0,2
4231,1,1
4232,0,2
4233,0,2
4234,1,1
4235,1,1
4236,3,2
4237,1,1
4238,1,1
4239,1,1
4240,1,1
4241,1,1
4242,2,3
4243,1,1
4244,1,1
4245,0,1
4246,0,1
4247,0,1
4248,1,1
4249,1,1
4250,0,1
4251,1,1
4252,1,1
4253,1,1
4254,1,1
4255,1,1
4256,1,1
4257,1,1
4258,1,1
4259,1,1
4260,1,1
4261,1,1
4262,1,1
4263,1,1
4264,0,2
4265,0,1
4266,0,1
4267,0,2
4268,0,1
4269,0,1
4270,1,1
4271,1,1
4272,1,1
4273,1,1
4274,1,1
4275,0,2
4276,0,1
4277,0,2
4278,1,1
4279,1,1
4280,0,1
4281,1,1
4282,0,1
4283,0,2
4284,1,1
4285,0,2
4286,0,1
4287,0,1
4288,0,1
4289,0,1
4290,0,2
4291,1,1
4292,1,1
4293,1,1
4294,0,1
4295,1,1
4296,1,1
4297,0,1
4298,1,1
4299,1,1
4300,1,1
4301,1,1
4302,1,1
4303,1,1
4304,1,1
4305,1,1
4306,1,1
4307,1,1
4308,1,1
4309,1,1
4310,1,1
4311,1,1
4312,0,2
4313,1,1
4314,0,1
4315,1,1
4316,1,1
4317,1,1
4318,1,1
4319,1,1
4320,2,3
4321,1,1
4322,1,1
4323,1,1
4324,1,1
4325,0,1
4326,0,2
4327,1,1
4328,2,3
4329,0,2
4330,0,2
4331,1,1
4332,1,1
4333,1,1
4334,1,1
4335,1,1
4336,1,1
4337,0,1
4338,1,1
4339,1,1
4340,1,1
4341,0,2
4342,0,2
4343,2,3
4344,0,2
4345,1,1
4346,0,2
4347,0,2
4348,0,2
4349,0,2
4350,1,1
4351,0,2
4352,1,1
4353,1,1
4354,0,2
4355,1,1
4356,1,1
4357,1,1
4358,0,2
4359,0,2
4360,0,1
4361,0,2
4362,2,3
4363,0,1
4364,1,1
4365,2,3
4366,1,1
4367,1,1
4368,1,1
4369,0,1
4370,0,1
4371,0,2
4372,0,1
4373,1,1
4374,1,1
4375,0,2
4376,0,1
4377,1,1
4378,2,3
4379,1,1
4380,1,1
4381,0,2
4382,1,1
4383,1,1
4384,1,1
4385,1,1
4386,1,1
4387,1,1
4388,0,2
4389,1,1
4390,0,2
4391,1,1
4392,0,2
4393,1,1
4394,1,1
4395,0,1
4396,0,1
4397,2,0
4398,1,1
4399,1,1
4400,0,2
4401,1,1
4402,2,0
4403,0,2
4404,1,1
4405,1,1
4406,0,1
4407,0,2
4408,0,2
4409,0,1
4410,1,1
4411,0,2
4412,0,2
4413,1,1
4414,1,1
4415,1,1
4416,1,1
4417,1,1
4418,1,1
4419,1,1
4420,1,1
4421,1,1
4422,0,1
4423,1,1
4424,0,1
4425,1,1
4426,0,1
4427,2,3
4428,1,1
4429,1,1
4430,1,1
4431,1,1
4432,1,1
4433,0,1
4434,0,1
4435,0,2
4436,0,2
4437,1,1
4438,1,1
4439,1,1
4440,1,1
4441,2,3
4442,1,1
4443,1,1
4444,1,1
4445,0,1
4446,1,1
4447,0,2
4448,1,1
4449,0,1
4450,0,1
4451,2,3
4452,2,3
4453,1,1
4454,1,1
4455,0,1
4456,0,1
4457,0,2
4458,1,1
4459,1,1
4460,0,2
4461,2,3
4462,0,2
4463,0,2
4464,1,1
4465,1,1
4466,0,1
4467,1,1
4468,0,2
4469,1,1
4470,1,1
4471,0,2
4472,1,1
4473,0,1
4474,0,2
4475,1,1
4476,0,1
4477,1,1
4478,0,1
4479,1,1
4480,0,2
4481,1,1
4482,1,1
4483,2,0
4484,3,2
4485,2,3
4486,1,1
4487,0,2
4488,1,1
4489,2,3
4490,1,1
4491,1,1
4492,0,2
4493,1,1
4494,0,1
4495,0,2
4496,1,1
4497,0,2
4498,1,1
4499,0,2
4500,1,1
4501,1,1
4502,1,1
4503,1,1
4504,1,1
4505,1,1
4506,1,1
4507,0,1
4508,1,1
4509,1,1
4510,1,1
4511,1,1
4512,1,1
4513,0,2
4514,0,1
4515,1,1
4516,1,1
4517,1,1
4518,0,1
4519,1,1
4520,1,1
4521,1,1
4522,1,1
4523,2,3
4524,1,1
4525,1,1
4526,1,1
4527,0,1
4528,1,1
4529,0,1
4530,0,2
4531,1,1
4532,1,1
4533,0,2
4534,0,1
4535,0,1
4536,0,1
4537,2,3
4538,1,1
4539,1,1
4540,1,1
4541,0,2
4542,1,1
4543,1,1
4544,1,1
4545,0,1
4546,0,2
4547,1,1
4548,0,2
4549,1,1
4550,2,0
4551,1,1
4552,1,1
4553,1,1
4554,2,3
4555,1,1
4556,0,2
4557,1,1
4558,0,2
4559,1,1
4560,0,2
4561,1,1
4562,0,2
4563,0,2
4564,1,1
4565,1,1
4566,1,1
4567,0,2
4568,0,1
4569,0,1
4570,0,2
4571,1,1
4572,1,1
4573,1,1
4574,0,2
4575,1,1
4576,1,1
4577,1,1
4578,0,1
4579,0,1
4580,0,2
4581,2,3
4582,1,1
4583,1,1
4584,1,1
4585,1,1
4586,1,1
4587,0,2
4588,0,2
4589,1,1
4590,0,1
4591,1,1
4592,0,2
4593,0,2
4594,1,1
4595,1,1
4596,1,1
4597,1,1
4598,0,1
4599,1,1
4600,1,1
4601,0,1
4602,1,1
4603,2,3
4604,1,1
4605,0,2
4606,1,1
4607,1,1
4608,1,1
4609,1,1
4610,0,1
4611,1,1
4612,2,0
4613,1,1
4614,1,1
4615,1,1
4616,0,2
4617,0,1
4618,1,1
4619,1,1
4620,1,1
4621,1,1
4622,0,2
4623,2,3
4624,1,1
4625,1,1
4626,1,1
4627,1,1
4628,0,2
4629,1,1
4630,1,1
4631,1,1
4632,2,3
4633,1,1
4634,1,1
4635,1,1
4636,1,1
4637,0,1
4638,1,1
4639,1,1
4640,1,1
4641,1,1
4642,1,1
4643,1,1
4644,1,1
4645,1,1
4646,1,1
4647,0,2
4648,1,1
4649,1,1
4650,1,1
4651,0,2
4652,1,1
4653,1,1
4654,1,1
4655,0,2
4656,1,1
4657,1,1
4658,1,1
4659,0,2
4660,1,1
4661,0,1
4662,0,1
4663,1,1
4664,1,1
4665,1,1
4666,0,1
4667,1,1
4668,1,1
4669,0,1
4670,1,1
4671,1,1
4672,1,1
4673,1,1
4674,0,2
4675,3,2
4676,1,1
4677,1,1
4678,0,2
4679,1,1
4680,0,1
4681,1,1
4682,1,1
4683,2,3
4684,0,1
4685,0,1
4686,0,2
4687,1,1
4688,1,1
4689,0,2
4690,1,1
4691,0,1
4692,1,1
4693,1,1
4694,0,2
4695,0,2
4696,1,1
4697,0,2
4698,1,1
4699,1,1
4700,2,0
4701,1,1
4702,1,1
4703,1,1
4704,0,1
4705,1,1
4706,0,2
4707,1,1
4708,1,1
4709,0,1
4710,1,1
4711,1,1
4712,1,1
4713,1,1
4714,2,3
4715,1,1
4716,1,1
4717,0,2
4718,1,1
4719,0,1
4720,1,1
4721,2,0
4722,1,1
4723,0,1
4724,1,1
4725,1,1
4726,1,1
4727,0,1
4728,1,1
4729,1,1
4730,0,2
4731,1,1
4732,1,1
4733,0,2
4734,0,1
4735,0,2
4736,1,1
4737,1,1
4738,0,2
4739,1,1
4740,1,1
4741,1,1
4742,1,1
4743,1,1
4744,1,1
4745,1,1
4746,0,1
4747,0,2
4748,1,1
4749,1,1
4750,1,1
4751,1,1
4752,1,1
4753,0,2
4754,1,1
4755,1,1
4756,0,2
4757,3,2
4758,1,1
4759,1,1
4760,1,1
4761,1,1
4762,2,3
4763,1,1
4764,0,2
4765,1,1
4766,1,1
4767,0,2
4768,2,3
4769,0,1
4770,0,2
4771,2,0
4772,1,1
4773,1,1
4774,0,2
4775,1,1
4776,1,1
4777,1,1
4778,1,1
4779,0,1
4780,1,1
4781,0,2
4782,0,2
4783,1,1
4784,0,2
4785,0,2
4786,0,2
4787,1,1
4788,1,1
4789,1,1
4790,0,2
4791,1,1
4792,1,1
4793,1,1
4794,1,1
4795,1,1
4796,0,2
4797,1,1
4798,0,1
4799,1,1
4800,1,1
4801,1,1
4802,2,0
4803,1,1
4804,0,1
4805,1,1
4806,0,1
4807,0,1
4808,1,1
4809,0,2
4810,1,1
4811,1,1
4812,1,1
4813,1,1
4814,1,1
4815,0,2
4816,1,1
4817,0,1
4818,1,1
4819,1,1
4820,1,1
4821,1,1
4822,1,1
4823,1,1
4824,1,1
4825,1,1
4826,1,1
4827,1,1
4828,0,2
4829,1,1
4830,2,3
4831,1,1
4832,1,1
4833,1,1
4834,1,1
4835,1,1
4836,0,1
4837,1,1
4838,0,2
4839,0,2
4840,0,1
4841,1,1
4842,0,2
4843,1,1
4844,0,1
4845,1,1
4846,0,2
4847,0,1
4848,1,1
4849,1,1
4850,0,1
4851,0,1
4852,1,1
4853,0,1
4854,1,1
4855,1,1
4856,0,1
4857,1,1
4858,1,1
4859,2,3
4860,1,1
4861,0,1
4862,0,2
4863,1,1
4864,0,2
4865,2,0
4866,0,1
4867,1,1
4868,1,1
4869,0,2
4870,1,1
4871,1,1
4872,0,1
4873,1,1
4874,1,1
4875,1,1
4876,0,1
4877,0,2
4878,1,1
4879,1,1
4880,1,1
4881,1,1
4882,1,1
4883,0,1
4884,0,2
4885,0,2
4886,0,2
4887,0,2
4888,1,1
4889,1,1
4890,1,1
4891,0,1
4892,1,1
4893,0,2
4894,0,1
4895,1,1
4896,1,1
4897,1,1
4898,1,1
4899,0,1
4900,0,2
4901,0,1
4902,1,1
4903,0,2
4904,1,1
4905,1,1
4906,0,2
4907,2,3
4908,1,1
4909,1,1
4910,1,1
4911,1,1
4912,1,1
4913,1,1
4914,1,1
4915,1,1
4916,1,1
4917,0,2
4918,1,1
4919,0,2
4920,1,1
4921,0,2
4922,1,1
4923,1,1
4924,1,1
4925,0,2
4926,0,2
4927,0,2
4928,1,1
4929,1,1
4930,0,2
4931,1,1
4932,1,1
4933,1,1
4934,1,1
4935,1,1
4936,0,2
4937,1,1
4938,1,1
4939,0,1
4940,1,1
4941,2,0
4942,0,2
4943,1,1
4944,1,1
4945,2,3
4946,1,1
4947,1,1
4948,0,2
4949,0,2
4950,0,2
4951,0,1
4952,1,1
4953,0,2
4954,0,1
4955,0,1
4956,1,1
4957,2,3
4958,0,2
4959,1,1
4960,1,1
4961,1,1
4962,1,1
4963,1,1
4964,2,0
4965,1,1
4966,2,3
4967,1,1
4968,1,1
4969,0,2
4970,1,1
4971,0,2
4972,2,3
4973,1,1
4974,0,2
4975,1,1
4976,0,2
4977,0,1
4978,1,1
4979,0,2
4980,1,1
4981,0,2
4982,1,1
4983,0,2
4984,1,1
4985,1,1
4986,1,1
4987,1,1
4988,1,1
4989,1,1
4990,0,2
4991,1,1
4992,1,1
4993,0,1
4994,1,1
4995,1,1
4996,1,1
4997,1,1
4998,0,1
4999,1,1
5000,1,1
5001,1,1
5002,0,2
5003,0,2
5004,1,1
5005,0,2
5006,0,2
5007,1,1
5008,1,1
5009,0,1
5010,1,1
5011,1,1
5012,0,1
5013,1,1
5014,1,1
5015,1,1
5016,3,2
5017,1,1
5018,1,1
5019,1,1
5020,1,1
5021,1,1
5022,0,2
5023,1,1
5024,1,1
5025,0,2
5026,1,1
5027,1,1
5028,1,1
5029,1,1
5030,1,1
5031,0,1
5032,0,1
5033,0,2
5034,1,1
5035,1,1
5036,0,2
5037,1,1
5038,1,1
5039,0,2
5040,0,2
5041,1,1
5042,0,2
5043,0,2
5044,1,1
5045,1,1
5046,0,2
5047,1,1
5048,1,1
5049,0,1
5050,1,1
5051,0,1
5052,1,1
5053,1,1
5054,1,1
5055,1,1
5056,0,2
5057,1,1
5058,1,1
5059,1,1
5060,0,2
5061,1,1
5062,1,1
5063,0,1
5064,0,1
5065,1,1
5066,1,1
5067,0,2
5068,1,1
5069,0,2
5070,0,2
5071,0,1
5072,0,2
5073,1,1
5074,0,1
5075,0,2
5076,1,1
5077,0,2
5078,0,2
5079,1,1
5080,1,1
5081,0,1
5082,0,2
5083,0,2
5084,1,1
5085,0,2
5086,1,1
5087,0,2
5088,1,1
5089,1,1
5090,1,1
5091,1,1
5092,1,1
5093,1,1
5094,1,1
5095,1,1
5096,1,1
5097,1,1
5098,1,1
5099,0,1
5100,1,1
5101,0,2
5102,1,1
5103,1,1
5104,1,1
5105,0,2
5106,1,1
5107,1,1
5108,1,1
5109,0,2
5110,0,2
5111,1,1
5112,0,1
5113,0,1
5114,0,1
5115,1,1
5116,0,1
5117,1,1
5118,0,1
5119,1,1
5120,0,2
5121,1,1
5122,0,1
5123,0,1
5124,3,2
5125,0,2
5126,0,2
5127,2,3
5128,0,2
5129,1,1
5130,1,1
5131,0,2
5132,1,1
5133,1,1
5134,0,2
5135,1,1
5136,0,2
5137,2,3
5138,1,1
5139,1,1
5140,1,1
5141,1,1
5142,1,1
5143,1,1
5144,1,1
5145,0,1
5146,1,1
5147,0,2
5148,1,1
5149,0,2
5150,1,1
5151,1,1
5152,0,2
5153,1,1
5154,1,1
5155,0,1
5156,0,1
5157,1,1
5158,0,1
5159,0,2
5160,1,1
5161,1,1
5162,0,1
5163,1,1
5164,1,1
5165,1,1
5166,1,1
5167,0,2
5168,1,1
5169,1,1
5170,1,1
5171,0,2
5172,0,2
5173,1,1
5174,1,1
5175,1,1
5176,1,1
5177,1,1
5178,1,1
5179,1,1
5180,0,2
5181,0,2
5182,1,1
5183,1,1
5184,1,1
5185,0,2
5186,1,1
5187,1,1
5188,1,1
5189,2,3
5190,0,2
5191,1,1
5192,2,3
5193,1,1
5194,1,1
5195,1,1
5196,1,1
5197,0,2
5198,0,2
5199,2,3
5200,0,2
5201,1,1
5202,0,1
5203,0,2
5204,1,1
5205,0,2
5206,1,1
5207,1,1
5208,0,2
5209,0,2
5210,1,1
5211,0,2
5212,1,1
5213,0,2
5214,1,3
5215,1,1
5216,1,1
5217,1,1
5218,0,2
5219,1,1
5220,1,1
5221,0,1
5222,0,1
5223,0,1
5224,1,1
5225,1,1
5226,1,1
5227,1,1
5228,1,1
5229,1,1
5230,0,2
5231,1,1
5232,0,2
5233,0,1
5234,0,2
5235,0,2
5236,1,1
5237,1,1
5238,1,1
5239,2,0
5240,1,1
5241,1,1
5242,1,1
5243,0,2
5244,0,1
5245,1,1
5246,1,1
5247,0,1
5248,1,1
5249,1,1
5250,1,1
5251,1,1
5252,0,2
5253,0,2
5254,0,1
5255,1,1
5256,0,2
5257,1,1
5258,0,1
5259,1,1
5260,1,1
5261,1,1
5262,1,1
5263,1,1
5264,1,1
5265,0,1
5266,1,1
5267,1,1
5268,1,1
5269,0,2
5270,0,1
5271,1,1
5272,0,2
5273,0,1
5274,1,1
5275,1,1
5276,1,1
5277,1,1
5278,0,2
5279,1,1
5280,0,1
5281,0,2
5282,1,1
5283,1,1
5284,1,1
5285,1,1
5286,1,1
5287,1,1
5288,2,0
5289,1,1
5290,1,1
5291,1,1
5292,0,1
5293,1,1
5294,0,2
5295,1,1
5296,1,1
5297,0,1
5298,1,1
5299,1,1
5300,2,3
5301,1,1
5302,1,1
5303,1,1
5304,1,1
5305,0,1
5306,1,1
5307,0,2
5308,1,1
5309,1,1
5310,1,1
5311,1,1
5312,1,1
5313,1,1
5314,0,1
5315,1,1
5316,1,1
5317,0,2
5318,0,2
5319,1,1
5320,0,1
5321,1,1
5322,1,1
5323,1,1
5324,0,1
5325,1,1
5326,1,1
5327,1,1
5328,1,1
5329,1,1
5330,1,1
5331,0,1
5332,1,1
5333,0,1
5334,1,1
5335,0,1
5336,1,1
5337,0,2
5338,0,1
5339,1,1
5340,0,1
5341,0,1
5342,0,2
5343,1,1
5344,1,1
5345,1,1
5346,1,1
5347,1,1
5348,1,1
5349,1,1
5350,0,1
5351,1,1
5352,1,1
5353,0,1
5354,0,2
5355,0,2
5356,1,1
5357,0,2
5358,1,1
5359,1,1
5360,1,1
5361,1,1
5362,0,1
5363,1,1
5364,1,1
5365,1,1
5366,2,3
5367,1,1
5368,1,1
5369,1,1
5370,1,1
5371,1,1
5372,0,1
5373,1,1
5374,1,1
5375,1,1
5376,1,1
5377,0,2
5378,0,2
5379,0,1
5380,0,2
5381,0,1
5382,0,2
5383,1,1
5384,1,1
5385,1,1
5386,0,2
5387,1,1
5388,1,1
5389,1,1
5390,1,1
5391,0,2
5392,1,1
5393,1,1
5394,1,1
5395,1,1
5396,1,1
5397,0,2
5398,1,1
5399,1,1
5400,1,1
5401,1,1
5402,1,1
5403,1,1
5404,1,1
5405,1,1
5406,1,1
5407,1,1
5408,1,1
5409,0,1
5410,0,2
5411,1,1
5412,1,1
5413,0,2
5414,1,1
5415,1,1
5416,1,1
5417,1,1
5418,1,1
5419,1,1
5420,1,1
5421,1,1
5422,0,2
5423,1,1
5424,0,1
5425,1,1
5426,1,1
5427,1,1
5428,1,1
5429,1,1
5430,0,2
5431,1,1
5432,0,2
5433,1,1
5434,1,1
5435,0,1
5436,1,1
5437,0,2
5438,1,1
5439,0,2
5440,2,3
5441,0,2
5442,0,1
5443,1,1
5444,1,1
5445,1,1
5446,1,1
5447,0,2
5448,1,1
5449,1,1
5450,0,1
5451,1,1
5452,0,1
5453,1,1
5454,1,1
5455,0,2
5456,0,2
5457,1,1
5458,2,3
5459,0,2
5460,0,2
5461,1,1
5462,1,1
5463,0,2
5464,0,2
5465,1,1
5466,1,1
5467,1,1
5468,1,1
5469,2,3
5470,1,1
5471,1,1
5472,1,1
5473,1,1
5474,1,1
5475,1,1
5476,2,0
5477,1,1
5478,1,1
5479,0,2
5480,1,1
5481,0,2
5482,1,1
5483,1,1
5484,1,1
5485,1,1
5486,1,1
5487,0,2
5488,1,1
5489,2,3
5490,0,2
5491,1,1
5492,1,1
5493,0,2
5494,1,1
5495,0,2
5496,1,1
5497,1,1
5498,1,1
5499,0,2
5500,1,1
5501,1,1
5502,1,1
5503,1,1
5504,1,1
5505,1,1
5506,0,1
5507,1,1
5508,1,1
5509,1,1
5510,1,1
5511,3,2
5512,1,1
5513,0,1
5514,1,1
5515,0,2
5516,0,1
5517,1,1
5518,0,1
5519,1,1
5520,0,2
5521,0,1
5522,1,1
5523,1,1
5524,1,1
5525,1,1
5526,0,1
5527,1,1
5528,1,1
5529,0,1
5530,1,1
5531,0,1
5532,1,1
5533,1,1
5534,1,1
5535,1,1
5536,0,2
5537,1,1
5538,0,1
5539,0,2
5540,0,2
5541,0,1
5542,3,1
5543,1,1
5544,1,1
5545,0,1
5546,0,1
5547,0,1
5548,0,1
5549,1,1
5550,1,1
5551,0,1
5552,1,1
5553,0,2
5554,1,1
5555,1,1
5556,1,1
5557,0,1
5558,1,1
5559,1,1
5560,1,1
5561,1,1
5562,1,1
5563,1,1
5564,1,1
5565,0,2
5566,0,2
5567,0,2
5568,0,2
5569,1,1
5570,0,1
5571,1,1
5572,0,2
5573,1,1
5574,0,1
5575,1,1
5576,0,1
5577,1,1
5578,1,1
5579,0,1
5580,0,2
5581,0,2
5582,0,1
5583,1,1
5584,0,1
5585,1,1
5586,2,0
5587,1,1
5588,0,1
5589,1,1
5590,1,1
5591,1,1
5592,1,1
5593,1,1
5594,1,1
5595,1,1
5596,1,1
5597,1,1
5598,1,1
5599,1,1
5600,2,3
5601,1,1
5602,1,1
5603,1,1
5604,1,1
5605,2,3
5606,1,1
5607,1,1
5608,1,1
5609,1,1
5610,1,1
5611,1,1
5612,1,1
5613,0,1
5614,1,1
5615,0,2
5616,1,1
5617,0,2
5618,1,1
5619,1,1
5620,1,1
5621,1,1
5622,0,1
5623,1,1
5624,0,2
5625,0,2
5626,1,1
5627,1,1
5628,0,1
5629,2,3
5630,1,1
5631,1,1
5632,0,1
5633,0,2
5634,0,1
5635,1,1
5636,0,2
5637,0,2
5638,1,1
5639,0,1
5640,1,1
5641,1,1
5642,1,1
5643,2,3
5644,1,1
5645,0,2
5646,1,1
5647,1,1
5648,0,1
5649,0,1
5650,1,1
5651,0,2
5652,0,1
5653,1,1
5654,1,1
5655,0,2
5656,0,2
5657,0,1
5658,1,1
5659,1,1
5660,0,1
5661,1,1
5662,0,2
5663,0,2
5664,1,1
5665,1,1
5666,1,1
5667,0,1
5668,0,2
5669,1,1
5670,1,1
5671,1,1
5672,1,1
5673,0,1
5674,0,1
5675,0,2
5676,1,1
5677,1,1
5678,0,2
5679,1,1
5680,1,1
5681,0,2
5682,1,1
5683,1,1
5684,1,1
5685,0,1
5686,1,1
5687,1,1
5688,1,1
5689,1,1
5690,1,1
5691,1,1
5692,1,1
5693,1,1
5694,1,1
5695,1,1
5696,1,1
5697,1,1
5698,0,1
5699,0,2
5700,0,2
5701,1,1
5702,0,1
5703,1,1
5704,0,2
5705,1,1
5706,1,1
5707,0,2
5708,1,1
5709,1,1
5710,0,2
5711,1,1
5712,2,0
5713,1,1
5714,1,1
5715,0,2
5716,2,3
5717,1,1
5718,0,1
5719,2,3
5720,1,1
5721,0,2
5722,1,1
5723,0,2
5724,3,1
5725,1,1
5726,0,2
5727,1,1
5728,1,1
5729,1,1
5730,0,2
5731,0,2
5732,1,1
5733,1,1
5734,2,0
5735,1,1
5736,1,1
5737,1,1
5738,1,1
5739,0,1
5740,0,1
5741,1,1
5742,0,1
5743,1,1
5744,1,1
5745,1,1
5746,0,1
5747,0,2
5748,0,2
5749,1,1
5750,1,1
5751,1,1
5752,1,1
5753,0,1
5754,1,1
5755,0,2
5756,0,1
5757,1,1
5758,1,1
5759,1,1
5760,0,2
5761,1,1
5762,1,1
5763,1,1
5764,1,1
5765,1,1
5766,0,2
5767,1,1
5768,1,1
5769,1,1
5770,1,1
5771,1,1
5772,0,1
5773,1,1
5774,0,1
5775,2,3
5776,0,2
5777,1,1
5778,0,2
5779,1,1
5780,1,1
5781,1,1
5782,1,1
5783,1,1
5784,2,0
5785,1,1
5786,1,1
5787,1,1
5788,1,1
5789,1,1
5790,0,2
5791,1,1
5792,1,1
5793,1,1
5794,0,2
5795,1,1
5796,1,1
5797,1,1
5798,2,3
5799,2,0
5800,1,1
5801,1,1
5802,1,1
5803,0,1
5804,0,1
5805,1,1
5806,1,1
5807,1,1
5808,0,2
5809,1,1
5810,1,1
5811,1,1
5812,0,2
5813,0,1
5814,1,1
5815,0,1
5816,1,1
5817,0,2
5818,0,2
5819,1,1
5820,0,1
5821,1,1
5822,1,1
5823,1,1
5824,1,1
5825,0,2
5826,1,1
5827,0,2
5828,1,1
5829,0,2
5830,2,0
5831,1,1
5832,1,1
5833,1,1
5834,0,2
5835,1,1
5836,1,1
5837,1,1
5838,0,1
5839,0,2
5840,0,1
5841,0,2
5842,1,1
5843,0,1
5844,1,1
5845,1,1
5846,1,1
5847,0,2
5848,1,1
5849,1,1
5850,0,2
5851,0,1
5852,1,1
5853,1,1
5854,1,1
5855,1,1
5856,1,1
5857,1,1
5858,1,1
5859,0,2
5860,0,1
5861,1,1
5862,0,1
5863,0,2
5864,2,3
5865,1,1
5866,0,2
5867,0,2
5868,0,1
5869,1,1
5870,0,1
5871,2,0
5872,1,1
5873,0,1
5874,1,1
5875,2,0
5876,1,1
5877,1,1
5878,0,1
5879,0,2
5880,1,1
5881,1,1
5882,1,1
5883,1,1
5884,0,2
5885,1,1
5886,1,1
5887,1,1
5888,0,2
5889,1,1
5890,0,2
5891,0,1
5892,1,1
5893,1,1
5894,1,1
5895,0,1
5896,1,1
5897,0,1
5898,1,1
5899,0,1
5900,0,2
5901,1,1
5902,1,1
5903,1,1
5904,2,3
5905,1,1
5906,0,2
5907,2,3
5908,1,1
5909,1,1
5910,1,1
5911,1,1
5912,1,1
5913,1,1
5914,1,1
5915,0,2
5916,0,2
5917,1,1
5918,1,1
5919,0,1
5920,1,1
5921,1,1
5922,1,1
5923,0,1
5924,1,1
5925,1,1
5926,0,2
5927,1,1
5928,1,1
5929,1,1
5930,1,1
5931,1,1
5932,1,1
5933,1,1
5934,1,1
5935,1,1
5936,1,1
5937,0,2
5938,1,1
5939,0,2
5940,1,1
5941,2,0
5942,1,1
5943,1,1
5944,1,1
5945,1,1
5946,1,1
5947,1,1
5948,0,2
5949,0,2
5950,1,1
5951,1,1
5952,0,2
5953,1,1
5954,0,1
5955,1,1
5956,1,1
5957,0,2
5958,1,1
5959,2,0
5960,0,2
5961,1,1
5962,0,1
5963,0,2
5964,0,2
5965,0,2
5966,0,2
5967,0,1
5968,1,1
5969,1,1
5970,0,2
5971,0,2
5972,0,2
5973,1,1
5974,1,1
5975,1,1
5976,0,2
5977,1,1
5978,1,1
5979,0,2
5980,1,1
5981,1,1
5982,1,1
5983,0,2
5984,0,2
5985,1,1
5986,1,1
5987,1,1
5988,1,1
5989,0,1
5990,1,1
5991,0,1
5992,1,1
5993,1,1
5994,1,1
5995,0,2
5996,0,2
5997,0,1
5998,1,1
5999,1,1
6000,1,1
6001,1,1
6002,0,2
6003,1,1
6004,1,1
6005,1,1
6006,3,2
6007,1,1
6008,1,1
6009,0,2
6010,0,2
6011,1,1
6012,1,1
6013,1,1
6014,0,1
6015,1,1
6016,0,1
6017,0,2
6018,2,3
6019,1,1
6020,1,1
6021,2,3
6022,1,1
6023,1,1
6024,1,1
6025,0,1
6026,0,1
6027,0,2
6028,1,1
6029,1,1
6030,1,1
6031,0,2
6032,1,1
6033,1,1
6034,0,2
6035,1,1
6036,1,1
6037,0,2
6038,0,2
6039,1,1
6040,1,1
6041,1,1
6042,0,1
6043,1,1
6044,1,1
6045,0,1
6046,0,1
6047,0,2
6048,1,1
6049,0,2
6050,1,1
6051,1,1
6052,0,2
6053,1,1
6054,1,1
6055,1,1
6056,2,3
6057,2,3
6058,0,1
6059,1,1
6060,0,2
6061,0,1
6062,1,1
6063,1,1
6064,2,3
6065,1,1
6066,1,1
6067,1,1
6068,1,1
6069,1,1
6070,0,2
6071,0,1
6072,1,1
6073,1,1
6074,0,2
6075,0,2
6076,1,1
6077,1,1
6078,0,1
6079,1,1
6080,1,1
6081,1,1
6082,0,2
6083,0,2
6084,0,2
6085,1,1
6086,1,1
6087,1,1
6088,1,1
6089,0,2
6090,0,2
6091,0,1
6092,1,1
6093,0,1
6094,1,1
6095,1,1
6096,0,2
6097,1,1
6098,0,1
6099,1,1
6100,1,1
6101,1,1
6102,1,1
6103,0,1
6104,1,1
6105,1,1
6106,0,2
6107,0,1
6108,0,2
6109,0,2
6110,0,1
6111,0,1
6112,2,0
6113,0,1
6114,2,3
6115,1,1
6116,0,1
6117,0,2
6118,1,1
6119,1,1
6120,1,1
6121,0,2
6122,1,1
6123,1,1
6124,1,1
6125,1,1
6126,0,1
6127,1,1
6128,0,1
6129,1,1
6130,1,1
6131,1,1
6132,1,1
6133,0,2
6134,1,1
6135,1,1
6136,2,3
6137,2,3
6138,1,1
6139,0,2
6140,1,1
6141,2,3
6142,1,1
6143,1,1
6144,0,1
6145,1,1
6146,1,1
6147,1,1
6148,1,1
6149,1,1
6150,1,1
6151,1,1
6152,0,1
6153,1,1
6154,0,1
6155,1,1
6156,1,1
6157,0,2
6158,1,1
6159,0,1
6160,1,1
6161,1,1
6162,1,1
6163,0,2
6164,1,1
6165,1,1
6166,1,1
6167,1,1
6168,0,2
6169,0,1
6170,0,2
6171,1,1
6172,1,1
6173,0,2
6174,1,1
6175,1,1
6176,0,1
6177,1,1
6178,0,2
6179,1,1
6180,0,2
6181,1,1
6182,1,1
6183,0,2
6184,0,2
6185,1,1
6186,1,1
6187,1,1
6188,1,1
6189,1,1
6190,0,1
6191,1,1
6192,0,1
6193,2,3
6194,0,1
6195,1,1
6196,0,2
6197,0,2
6198,0,1
6199,0,1
6200,2,3
6201,0,2
6202,1,1
6203,0,2
6204,1,1
6205,0,1
6206,2,3
6207,2,3
6208,1,1
6209,1,1
6210,0,2
6211,0,1
6212,1,1
6213,0,2
6214,1,1
6215,1,1
6216,1,1
6217,0,2
6218,3,2
6219,1,1
6220,1,1
6221,1,1
6222,1,1
6223,0,2
6224,0,2
6225,1,1
6226,2,3
6227,0,1
6228,1,1
6229,0,2
6230,1,1
6231,0,1
6232,1,1
6233,1,1
6234,2,3
6235,0,1
6236,1,1
6237,0,2
6238,1,1
6239,1,1
6240,1,1
6241,1,1
6242,1,1
6243,1,1
6244,0,1
6245,1,1
6246,1,1
6247,1,1
6248,1,1
6249,1,1
6250,1,1
6251,0,1
6252,0,2
6253,1,1
6254,1,1
6255,0,2
6256,1,1
6257,0,1
6258,1,1
6259,1,1
6260,1,1
6261,1,1
6262,1,1
6263,1,1
6264,1,1
6265,1,1
6266,1,1
6267,1,1
6268,2,3
6269,1,1
6270,1,1
6271,1,1
6272,0,2
6273,0,1
6274,1,1
6275,1,1
6276,0,2
6277,1,1
6278,1,1
6279,1,1
6280,0,2
6281,1,1
6282,1,1
6283,1,1
6284,1,1
6285,0,1
6286,0,2
6287,0,2
6288,1,1
6289,1,1
6290,0,1
6291,1,1
6292,1,1
6293,1,1
6294,1,1
6295,0,2
6296,1,1
6297,0,2
6298,0,2
6299,1,1
6300,1,1
6301,1,1
6302,0,2
6303,1,1
6304,1,1
6305,1,1
6306,0,2
6307,0,1
6308,1,1
6309,1,1
6310,1,1
6311,0,1
6312,1,1
6313,0,1
6314,0,1
6315,1,1
6316,0,1
6317,1,1
6318,1,1
6319,0,2
6320,1,1
6321,1,1
6322,0,1
6323,1,1
6324,1,1
6325,0,1
6326,1,1
6327,1,1
6328,1,1
6329,0,2
6330,0,2
6331,0,2
6332,0,1
6333,1,1
6334,1,1
6335,0,1
6336,0,2
6337,1,1
6338,0,2
6339,0,2
6340,1,1
6341,1,1
6342,1,1
6343,0,1
6344,0,2
6345,1,1
6346,0,2
6347,1,1
6348,1,1
6349,0,2
6350,0,1
6351,1,1
6352,1,1
6353,1,1
6354,1,1
6355,0,2
6356,0,1
6357,1,1
6358,0,2
6359,0,2
6360,1,1
6361,0,2
6362,1,1
6363,1,1
6364,1,1
6365,0,2
6366,2,3
6367,0,2
6368,0,2
6369,1,1
6370,0,1
6371,0,1
6372,0,1
6373,0,2
6374,0,1
6375,0,1
6376,0,2
6377,1,1
6378,1,1
6379,1,1
6380,1,1
6381,0,2
6382,0,2
6383,0,2
6384,1,1
6385,1,1
6386,0,2
6387,1,1
6388,1,1
6389,1,1
6390,1,1
6391,0,2
6392,2,0
6393,1,1
6394,1,1
6395,1,1
6396,1,1
6397,0,2
6398,0,1
6399,0,2
6400,1,1
6401,1,1
6402,1,1
6403,1,1
6404,0,2
6405,0,2
6406,1,1
6407,0,1
6408,1,1
6409,0,2
6410,1,1
6411,1,1
6412,0,1
6413,1,1
6414,1,1
6415,1,1
6416,1,1
6417,1,1
6418,0,2
6419,0,2
6420,0,2
6421,0,1
6422,1,1
6423,1,1
6424,0,1
6425,1,1
6426,0,1
6427,1,1
6428,0,2
6429,1,1
6430,1,1
6431,0,1
6432,0,1
6433,1,1
6434,1,1
6435,0,2
6436,1,1
6437,0,2
6438,0,1
6439,1,1
6440,0,2
6441,1,1
6442,1,1
6443,0,2
6444,0,1
6445,1,1
6446,2,3
6447,0,1
6448,1,1
6449,1,1
6450,1,1
6451,1,1
6452,1,1
6453,0,2
6454,0,2
6455,1,1
6456,1,1
6457,1,1
6458,1,1
6459,1,1
6460,1,1
6461,0,2
6462,1,1
6463,1,1
6464,0,2
6465,1,1
6466,0,1
6467,1,1
6468,1,1
6469,1,1
6470,0,1
6471,2,3
6472,1,1
6473,0,2
6474,0,2
6475,0,2
6476,1,1
6477,1,1
6478,1,1
6479,1,1
6480,0,1
6481,0,2
6482,0,2
6483,1,3
6484,0,1
6485,0,2
6486,2,3
6487,0,1
6488,1,1
6489,1,1
6490,1,1
6491,1,1
6492,1,1
6493,1,1
6494,0,2
6495,1,1
6496,1,1
6497,2,3
6498,1,1
6499,1,1
6500,0,2
6501,0,2
6502,1,1
6503,1,1
6504,1,1
6505,0,2
6506,1,1
6507,0,1
6508,1,1
6509,0,2
6510,1,1
6511,0,2
6512,1,1
6513,0,2
6514,0,2
6515,1,1
6516,1,1
6517,1,1
6518,1,1
6519,1,1
6520,0,2
6521,1,1
6522,1,1
6523,0,2
6524,1,1
6525,0,1
6526,1,1
6527,1,1
6528,0,2
6529,0,2
6530,0,2
6531,2,0
6532,1,1
6533,0,2
6534,0,1
6535,1,1
6536,3,2
6537,1,1
6538,1,1
6539,0,2
6540,1,1
6541,1,1
6542,0,1
6543,1,1
6544,0,2
6545,0,1
6546,1,1
6547,0,2
6548,0,2
6549,0,2
6550,1,1
6551,1,1
6552,0,1
6553,1,1
6554,0,2
6555,2,3
6556,1,1
6557,1,1
6558,1,1
6559,1,1
6560,0,1
6561,1,1
6562,0,2
6563,1,1
6564,1,1
6565,1,1
6566,1,1
6567,1,1
6568,1,1
6569,0,1
6570,1,1
6571,2,3
6572,1,1
6573,0,2
6574,1,1
6575,1,1
6576,0,2
6577,1,1
6578,1,1
6579,1,1
6580,1,1
6581,1,1
6582,1,1
6583,0,1
6584,2,0
6585,1,1
6586,1,1
6587,1,1
6588,0,2
6589,2,3
6590,1,1
6591,1,1
6592,1,1
6593,1,1
6594,0,2
6595,0,1
6596,1,1
6597,1,1
6598,0,1
6599,0,1
6600,1,1
6601,1,1
6602,0,2
6603,1,1
6604,1,1
6605,0,2
6606,0,2
6607,1,1
6608,1,1
6609,0,2
6610,1,1
6611,2,3
6612,0,1
6613,1,1
6614,0,2
6615,0,1
6616,0,1
6617,1,1
6618,0,2
6619,0,2
6620,1,1
6621,1,1
6622,1,1
6623,1,1
6624,1,1
6625,1,1
6626,0,2
6627,2,3
6628,0,1
6629,1,1
6630,1,1
6631,1,1
6632,1,1
6633,1,1
6634,0,2
6635,2,3
6636,0,2
6637,1,1
6638,0,1
6639,1,1
6640,0,2
6641,1,1
6642,1,1
6643,1,1
6644,0,1
6645,1,1
6646,0,1
6647,0,2
6648,1,1
6649,1,1
6650,0,2
6651,1,1
6652,1,1
6653,0,2
6654,1,1
6655,1,1
6656,2,3
6657,0,1
6658,1,1
6659,1,1
6660,1,1
6661,1,1
6662,0,1
6663,1,1
6664,1,1
6665,1,1
6666,1,1
6667,1,1
6668,0,2
6669,1,1
6670,1,1
6671,2,3
6672,1,1
6673,1,1
6674,1,1
6675,0,2
6676,0,2
6677,1,1
6678,1,1
6679,0,2
6680,1,1
6681,0,1
6682,1,1
6683,1,1
6684,1,1
6685,0,2
6686,1,1
6687,1,1
6688,1,1
6689,1,1
6690,0,2
6691,1,1
6692,1,1
6693,0,2
6694,1,1
6695,0,2
6696,1,1
6697,0,1
6698,0,2
6699,1,1
6700,1,1
6701,0,2
6702,0,1
6703,1,1
6704,0,2
6705,1,1
6706,1,1
6707,0,2
6708,0,1
6709,1,1
6710,0,2
6711,1,1
6712,1,1
6713,1,1
6714,1,1
6715,0,2
6716,0,2
6717,1,1
6718,1,1
6719,1,1
6720,1,1
6721,0,2
6722,0,2
6723,1,1
6724,1,1
6725,0,1
6726,0,2
6727,1,1
6728,1,1
6729,1,1
6730,1,1
6731,1,1
6732,0,2
6733,0,2
6734,0,1
6735,0,2
6736,0,2
6737,1,1
6738,1,1
6739,1,1
6740,1,1
6741,1,1
6742,0,2
6743,1,1
6744,2,3
6745,1,1
6746,0,2
6747,1,1
6748,1,1
6749,0,2
6750,1,1
6751,0,2
6752,1,1
6753,1,1
6754,0,1
6755,1,1
6756,1,1
6757,0,2
6758,1,1
6759,1,1
6760,1,1
6761,1,1
6762,1,1
6763,1,1
6764,0,2
6765,0,1
6766,0,1
6767,1,1
6768,0,1
6769,1,1
6770,1,1
6771,1,1
6772,3,2
6773,1,1
6774,0,2
6775,0,1
6776,1,1
6777,0,2
6778,1,1
6779,0,1
6780,0,1
6781,1,1
6782,0,2
6783,0,2
6784,1,1
6785,1,1
6786,2,3
6787,1,1
6788,1,1
6789,1,1
6790,1,1
6791,1,1
6792,0,1
6793,1,1
6794,0,2
6795,2,0
6796,1,1
6797,0,1
6798,1,1
6799,1,1
6800,1,1
6801,1,1
6802,1,1
6803,1,1
6804,0,1
6805,1,1
6806,1,1
6807,1,1
6808,1,1
6809,0,2
6810,0,1
6811,1,1
6812,1,1
6813,0,2
6814,1,1
6815,1,1
6816,1,1
6817,2,3
6818,1,1
6819,1,1
6820,1,1
6821,0,2
6822,0,2
6823,1,1
6824,1,1
6825,0,2
6826,1,1
6827,1,1
6828,0,1
6829,1,1
6830,1,1
6831,1,1
6832,0,2
6833,1,1
6834,0,2
6835,1,1
6836,0,2
6837,1,1
6838,1,1
6839,1,1
6840,1,1
6841,0,2
6842,1,1
6843,1,1
6844,1,1
6845,1,1
6846,2,0
6847,1,1
6848,0,1
6849,0,1
6850,1,1
6851,1,1
6852,0,2
6853,1,1
6854,1,1
6855,2,3
6856,1,1
6857,0,1
6858,1,1
6859,1,1
6860,1,1
6861,0,2
6862,1,1
6863,0,1
6864,0,1
6865,0,1
6866,0,1
6867,1,1
6868,1,1
6869,1,1
6870,1,1
6871,1,1
6872,1,1
6873,1,1
6874,2,3
6875,1,1
6876,1,1
6877,1,1
6878,0,2
6879,1,1
6880,1,1
6881,0,2
6882,2,3
6883,1,1
6884,0,2
6885,1,1
6886,1,1
6887,0,2
6888,1,1
6889,2,3
6890,0,1
6891,1,1
6892,0,2
6893,1,1
6894,1,1
6895,1,1
6896,1,1
6897,1,1
6898,1,1
6899,0,1
6900,1,1
6901,1,1
6902,1,1
6903,0,2
6904,0,2
6905,0,1
6906,0,2
6907,0,2
6908,1,1
6909,1,1
6910,1,1
6911,0,2
6912,1,1
6913,0,2
6914,1,1
6915,0,2
6916,1,1
6917,2,0
6918,0,1
6919,2,0
6920,1,1
6921,2,3
6922,1,1
6923,0,1
6924,1,1
6925,1,1
6926,1,1
6927,1,1
6928,1,1
6929,1,1
6930,0,2
6931,1,1
6932,1,1
6933,0,2
6934,3,2
6935,0,1
6936,1,1
6937,1,1
6938,1,1
6939,1,1
6940,1,1
6941,1,1
6942,1,1
6943,1,1
6944,0,1
6945,1,1
6946,0,1
6947,1,1
6948,0,2
6949,0,2
6950,1,1
6951,0,1
6952,0,2
6953,1,1
6954,0,1
6955,1,1
6956,1,1
6957,1,1
6958,1,1
6959,1,1
6960,0,2
6961,1,1
6962,1,1
6963,1,1
6964,1,1
6965,1,1
6966,1,1
6967,1,1
6968,1,1
6969,0,2
6970,3,1
6971,0,2
6972,0,2
6973,1,1
6974,0,2
6975,0,2
6976,1,1
6977,1,1
6978,1,1
6979,1,1
6980,0,1
6981,1,1
6982,0,2
6983,1,1
6984,1,1
6985,0,2
6986,3,1
6987,1,1
6988,1,1
6989,0,1
6990,1,1
6991,0,1
6992,0,1
6993,1,1
6994,1,1
6995,1,1
6996,1,1
6997,1,1
6998,0,1
6999,0,1
7000,2,3
7001,1,1
7002,1,1
7003,1,1
7004,2,3
7005,1,1
7006,1,1
7007,1,1
7008,1,1
7009,1,1
7010,0,2
7011,1,1
7012,1,1
7013,0,1
7014,0,2
7015,1,1
7016,1,1
7017,0,2
7018,1,1
7019,1,1
7020,1,1
7021,2,3
7022,1,1
7023,1,1
7024,1,1
7025,1,1
7026,1,1
7027,1,1
7028,1,1
7029,1,1
7030,0,2
7031,1,1
7032,1,1
7033,0,2
7034,1,1
7035,1,1
7036,1,1
7037,1,1
7038,3,2
7039,1,1
7040,1,1
7041,0,1
7042,1,1
7043,1,1
7044,1,1
7045,0,2
7046,2,3
7047,1,1
7048,1,1
7049,0,1
7050,1,1
7051,2,3
7052,1,1
7053,1,1
7054,1,1
7055,1,1
7056,1,1
7057,1,1
7058,1,1
7059,2,3
7060,1,1
7061,1,1
7062,0,2
7063,1,1
7064,1,1
7065,0,1
7066,1,1
7067,0,2
7068,1,1
7069,1,1
7070,0,2
7071,1,1
7072,1,1
7073,1,1
7074,1,1
7075,1,1
7076,1,1
7077,0,1
7078,0,2
7079,1,1
7080,0,2
7081,0,1
7082,0,1
7083,1,1
7084,1,1
7085,0,2
7086,0,1
7087,0,1
7088,0,2
7089,1,1
7090,1,1
7091,1,1
7092,0,1
7093,2,3
7094,0,1
7095,0,2
7096,0,1
7097,0,2
7098,1,1
7099,0,1
7100,0,1
7101,0,1
7102,1,1
7103,2,3
7104,0,2
7105,1,1
7106,0,2
7107,1,1
7108,1,1
7109,1,1
7110,1,1
7111,1,1
7112,1,1
7113,0,2
7114,0,2
7115,0,2
7116,1,1
7117,1,1
7118,1,1
7119,0,2
7120,1,1
7121,0,1
7122,1,1
7123,0,1
7124,1,1
7125,0,2
7126,0,2
7127,1,1
7128,1,1
7129,1,1
7130,1,1
7131,1,1
7132,0,1
7133,1,1
7134,1,1
7135,1,1
7136,0,2
7137,1,1
7138,1,1
7139,0,1
7140,1,1
7141,1,1
7142,1,1
7143,1,1
7144,1,1
7145,1,1
7146,1,1
7147,1,1
7148,3,1
7149,0,1
7150,1,1
7151,0,2
7152,1,1
7153,0,2
7154,1,1
7155,1,1
7156,1,1
7157,2,3
7158,0,1
7159,1,1
7160,1,1
7161,1,1
7162,1,1
7163,1,1
7164,1,1
7165,0,2
7166,1,1
7167,0,1
7168,1,1
7169,1,1
7170,1,1
7171,1,1
7172,1,1
7173,1,1
7174,1,1
7175,1,1
7176,0,2
7177,0,2
7178,1,1
7179,0,2
7180,1,1
7181,0,2
7182,0,1
7183,1,1
7184,0,2
7185,1,1
7186,2,0
7187,1,1
7188,1,1
7189,0,1
7190,1,1
7191,1,1
7192,0,1
7193,2,3
7194,0,2
7195,1,1
7196,1,1
7197,0,2
7198,0,2
7199,1,1
7200,0,1
7201,0,1
7202,0,2
7203,1,1
7204,0,1
7205,1,1
7206,0,1
7207,0,2
7208,0,2
7209,1,1
7210,2,3
7211,0,2
7212,1,1
7213,1,1
7214,0,2
7215,1,1
7216,0,1
7217,1,1
7218,1,1
7219,0,1
7220,0,2
7221,1,1
7222,0,1
7223,0,2
7224,1,1
7225,1,1
7226,1,1
7227,1,1
7228,1,1
7229,1,1
7230,0,2
7231,1,1
7232,1,1
7233,0,1
7234,0,2
7235,1,1
7236,2,3
7237,1,1
7238,0,2
7239,1,1
7240,1,1
7241,1,1
7242,0,2
7243,1,1
7244,1,1
7245,1,1
7246,1,1
7247,0,1
7248,0,1
7249,0,1
7250,0,2
7251,1,1
7252,0,1
7253,0,2
7254,0,1
7255,0,1
7256,0,1
7257,1,1
7258,2,3
7259,1,1
7260,1,1
7261,2,3
7262,1,1
7263,1,1
7264,0,1
7265,1,1
7266,1,1
7267,1,1
7268,0,2
7269,1,1
7270,1,1
7271,0,1
7272,1,1
7273,1,1
7274,1,1
7275,0,1
7276,1,1
7277,0,2
7278,0,1
7279,1,1
7280,1,1
7281,0,2
7282,0,1
7283,2,3
7284,1,1
7285,1,1
7286,1,1
7287,1,1
7288,0,1
7289,1,1
7290,1,1
7291,0,1
7292,0,2
7293,1,1
7294,1,1
7295,1,1
7296,0,2
7297,1,1
7298,0,1
7299,1,1
7300,0,2
7301,1,1
7302,1,1
7303,0,2
7304,1,1
7305,1,1
7306,1,1
7307,1,1
7308,1,1
7309,1,1
7310,0,2
7311,1,1
7312,1,1
7313,0,1
7314,1,1
7315,0,1
7316,1,1
7317,0,2
7318,1,1
7319,1,1
7320,0,1
7321,1,1
7322,1,1
7323,1,1
7324,1,1
7325,1,1
7326,1,1
7327,1,1
7328,1,1
7329,1,1
7330,1,1
7331,1,1
7332,1,1
7333,1,1
7334,0,1
7335,1,1
7336,1,1
7337,0,2
7338,1,1
7339,1,1
7340,1,1
7341,1,1
7342,1,1
7343,0,2
7344,1,1
7345,1,1
7346,0,2
7347,1,1
7348,2,3
7349,2,3
7350,1,1
7351,0,1
7352,1,1
7353,1,1
7354,0,2
7355,1,1
7356,1,1
7357,0,2
7358,0,2
7359,1,1
7360,0,2
7361,0,2
7362,1,1
7363,1,1
7364,2,3
7365,2,0
7366,0,1
7367,1,1
7368,1,1
7369,1,1
7370,0,1
7371,0,1
7372,1,1
7373,1,1
7374,1,1
7375,0,2
7376,0,1
7377,0,2
7378,1,1
7379,0,2
7380,1,1
7381,1,1
7382,1,1
7383,0,1
7384,1,1
7385,1,1
7386,0,1
7387,1,1
7388,1,1
7389,1,1
7390,0,1
7391,1,1
7392,0,1
7393,1,1
7394,1,1
7395,1,1
7396,1,1
7397,1,1
7398,1,1
7399,1,1
7400,1,1
7401,1,1
7402,0,2
7403,0,2
7404,1,1
7405,0,2
7406,0,2
7407,0,2
7408,1,1
7409,1,1
7410,0,1
7411,1,1
7412,2,3
7413,1,1
7414,0,2
7415,0,1
7416,0,2
7417,1,1
7418,1,1
7419,1,1
7420,0,1
7421,0,2
7422,0,2
7423,1,1
7424,1,1
7425,1,1
7426,0,2
7427,1,1
7428,1,1
7429,0,1
7430,1,1
7431,1,1
7432,1,1
7433,0,1
7434,1,1
7435,1,1
7436,1,1
7437,0,2
7438,1,1
7439,0,1
7440,0,2
7441,0,1
7442,1,1
7443,1,1
7444,0,2
7445,0,1
7446,1,1
7447,0,2
7448,1,1
7449,1,1
7450,1,1
7451,1,1
7452,1,1
7453,0,2
7454,1,1
7455,2,3
7456,0,2
7457,0,1
7458,0,1
7459,0,2
7460,1,1
7461,0,2
7462,1,1
7463,1,1
7464,1,1
7465,1,1
7466,2,3
7467,1,1
7468,1,1
7469,2,3
7470,1,1
7471,2,0
7472,0,2
7473,1,1
7474,1,1
7475,1,1
7476,1,1
7477,1,1
7478,1,1
7479,1,1
7480,1,1
7481,1,1
7482,1,1
7483,0,1
7484,0,2
7485,0,2
7486,0,1
7487,1,1
7488,0,2
7489,1,1
7490,1,1
7491,0,2
7492,0,2
7493,0,2
7494,0,2
7495,1,1
7496,1,1
7497,1,1
7498,1,1
7499,1,1
7500,0,1
7501,1,1
7502,1,1
7503,0,1
7504,1,1
7505,0,2
7506,1,1
7507,1,1
7508,1,1
7509,1,1
7510,2,3
7511,1,1
7512,0,2
7513,0,1
7514,0,2
7515,0,1
7516,0,2
7517,0,2
7518,0,1
7519,1,1
7520,1,1
7521,1,1
7522,1,1
7523,0,2
7524,0,1
7525,1,1
7526,1,1
7527,1,1
7528,1,1
7529,1,1
7530,0,2
7531,1,1
7532,1,1
7533,0,2
7534,0,2
7535,2,3
7536,0,2
7537,1,1
7538,1,1
7539,1,1
7540,1,1
7541,1,1
7542,1,1
7543,2,3
7544,0,1
7545,1,1
7546,1,1
7547,0,2
7548,1,1
7549,0,1
7550,1,1
7551,1,1
7552,2,3
7553,1,1
7554,1,1
7555,0,2
7556,0,1
7557,1,1
7558,1,1
7559,1,1
7560,1,1
7561,1,1
7562,0,2
7563,1,1
7564,1,1
7565,0,2
7566,0,1
7567,0,2
7568,0,2
7569,1,1
7570,2,3
7571,1,1
7572,0,2
7573,1,1
7574,1,1
7575,0,1
7576,1,1
7577,2,0
7578,1,1
7579,1,1
7580,1,1
7581,0,2
7582,0,2
7583,0,2
7584,1,1
7585,1,1
7586,0,1
7587,1,1
7588,1,1
7589,0,2
7590,1,1
7591,0,2
7592,1,1
7593,1,1
7594,0,2
7595,1,1
7596,0,1
7597,1,1
7598,0,2
7599,1,1
7600,1,1
7601,1,1
7602,1,1
7603,1,1
7604,1,1
7605,0,2
7606,0,2
7607,0,2
7608,1,1
7609,1,1
7610,1,1
7611,0,2
7612,2,3
7613,1,1
7614,0,2
7615,1,1
7616,1,1
7617,1,1
7618,0,2
7619,1,1
7620,0,1
7621,0,2
7622,0,2
7623,0,2
7624,0,2
7625,2,3
7626,2,0
7627,1,1
7628,1,1
7629,1,1
7630,1,1
7631,1,1
7632,1,1
7633,1,1
7634,0,2
7635,1,1
7636,0,2
7637,0,2
7638,0,1
7639,1,1
7640,0,1
7641,0,2
7642,1,1
7643,1,1
7644,2,3
7645,1,1
7646,1,1
7647,1,1
7648,1,1
7649,1,1
7650,1,1
7651,1,1
7652,1,1
7653,1,1
7654,1,1
7655,0,2
7656,1,1
7657,1,1
7658,1,1
7659,1,1
7660,1,1
7661,1,1
7662,1,1
7663,0,1
7664,1,1
7665,1,1
7666,1,1
7667,1,1
7668,1,1
7669,1,1
7670,1,1
7671,1,1
7672,1,1
7673,1,1
7674,1,1
7675,2,3
7676,1,1
7677,1,1
7678,0,2
7679,1,1
7680,2,0
7681,0,2
7682,1,1
7683,1,1
7684,1,1
7685,1,1
7686,0,2
7687,1,1
7688,1,1
7689,1,1
7690,1,1
7691,1,1
7692,1,1
7693,1,1
7694,1,1
7695,1,1
7696,1,1
7697,1,1
7698,1,1
7699,0,2
7700,1,1
7701,1,1
7702,1,1
7703,1,1
7704,1,1
7705,1,1
7706,0,2
7707,1,1
7708,0,1
7709,1,1
7710,1,1
7711,0,2
7712,1,1
7713,0,2
7714,1,1
7715,0,2
7716,0,2
7717,1,1
7718,0,2
7719,1,1
7720,1,1
7721,1,1
7722,1,1
7723,2,3
7724,0,1
7725,0,2
7726,1,1
7727,0,2
7728,1,1
7729,1,1
7730,0,1
7731,1,1
7732,1,1
7733,0,1
7734,1,1
7735,1,1
7736,0,1
7737,0,2
7738,1,1
7739,0,2
7740,1,1
7741,2,3
7742,0,2
7743,1,1
7744,1,1
7745,1,1
7746,0,2
7747,1,1
7748,1,1
7749,0,2
7750,0,2
7751,2,3
7752,1,1
7753,0,2
7754,1,1
7755,1,1
7756,2,3
7757,0,2
7758,0,2
7759,0,1
7760,1,1
7761,0,2
7762,0,1
7763,1,1
7764,0,1
7765,0,2
7766,1,1
7767,0,2
7768,1,1
7769,1,1
7770,0,1
7771,1,1
7772,1,1
7773,0,2
7774,0,1
7775,1,1
7776,1,1
7777,1,1
7778,0,1
7779,1,1
7780,1,1
7781,0,1
7782,1,1
7783,1,1
7784,1,1
7785,0,2
7786,0,1
7787,0,1
7788,1,1
7789,1,1
7790,3,2
7791,1,1
7792,0,2
7793,1,1
7794,0,2
7795,1,1
7796,1,1
7797,0,1
7798,1,1
7799,1,1
7800,0,2
7801,1,1
7802,1,1
7803,0,1
7804,0,2
7805,0,2
7806,0,2
7807,1,1
7808,0,2
7809,1,1
7810,1,1
7811,1,1
7812,1,1
7813,0,2
7814,1,1
7815,1,1
7816,0,1
7817,0,2
7818,2,3
7819,0,1
7820,1,1
7821,3,1
7822,1,1
7823,0,1
7824,0,1
7825,1,1
7826,1,1
7827,1,1
7828,0,2
7829,1,1
7830,1,1
7831,1,1
7832,0,1
7833,1,1
7834,0,2
7835,0,1
7836,0,1
7837,1,1
7838,1,1
7839,0,2
7840,1,1
7841,0,2
7842,1,1
7843,2,0
7844,1,1
7845,1,1
7846,0,2
7847,0,2
7848,0,1
7849,1,1
7850,1,1
7851,0,2
7852,1,1
7853,0,2
7854,0,2
7855,1,1
7856,1,1
7857,1,1
7858,1,1
7859,1,1
7860,1,1
7861,1,1
7862,1,1
7863,1,1
7864,1,1
7865,1,1
7866,0,1
7867,0,2
7868,0,1
7869,1,1
7870,1,1
7871,1,1
7872,0,2
7873,2,3
7874,1,1
7875,0,2
7876,1,1
7877,0,2
7878,1,1
7879,1,1
7880,0,2
7881,1,1
7882,1,1
7883,2,3
7884,1,1
7885,1,1
7886,0,1
7887,2,3
7888,1,1
7889,1,1
7890,0,2
7891,0,2
7892,0,1
7893,1,1
7894,1,1
7895,0,2
7896,1,1
7897,1,1
7898,1,1
7899,1,1
7900,0,2
7901,1,1
7902,0,2
7903,1,1
7904,1,1
7905,1,1
7906,1,1
7907,1,1
7908,1,1
7909,2,3
7910,1,1
7911,1,1
7912,0,2
7913,0,2
7914,0,2
7915,1,1
7916,0,2
7917,1,1
7918,1,1
7919,1,1
7920,0,1
7921,1,1
7922,1,1
7923,1,1
7924,0,2
7925,1,1
7926,1,1
7927,1,1
7928,0,2
7929,0,2
7930,1,1
7931,1,1
7932,1,1
7933,1,1
7934,0,2
7935,1,1
7936,0,2
7937,0,1
7938,1,1
7939,0,2
7940,1,1
7941,0,1
7942,1,1
7943,1,1
7944,1,1
7945,0,1
7946,1,1
7947,1,1
7948,0,2
7949,2,3
7950,1,1
7951,1,1
7952,1,1
7953,0,2
7954,1,1
7955,1,1
7956,0,2
7957,1,1
7958,0,2
7959,2,3
7960,0,1
7961,1,1
7962,1,1
7963,0,2
7964,1,1
7965,1,1
7966,1,1
7967,0,1
7968,0,2
7969,1,1
7970,1,1
7971,2,3
7972,1,1
7973,0,1
7974,1,1
7975,1,1
7976,1,1
7977,1,1
7978,1,1
7979,0,2
7980,1,1
7981,1,1
7982,1,1
7983,1,1
7984,0,1
7985,1,1
7986,0,1
7987,0,1
7988,0,1
7989,0,1
7990,0,1
7991,0,1
7992,1,1
7993,0,2
7994,1,1
7995,1,1
7996,1,1
7997,1,1
7998,0,1
7999,1,1
8000,1,1
8001,0,2
8002,1,1
8003,1,1
8004,0,2
8005,1,1
8006,0,2
8007,1,1
8008,0,2
8009,1,1
8010,0,2
8011,1,1
8012,0,2
8013,1,1
8014,2,3
8015,0,2
8016,2,3
8017,1,1
8018,0,1
8019,1,1
8020,1,1
8021,1,1
8022,1,1
8023,1,1
8024,1,1
8025,1,1
8026,1,1
8027,1,1
8028,1,1
8029,1,1
8030,0,2
8031,1,1
8032,0,2
8033,0,2
8034,1,1
8035,1,1
8036,0,2
8037,1,1
8038,0,1
8039,0,2
8040,1,1
8041,0,2
8042,1,1
8043,1,1
8044,3,2
8045,0,1
8046,2,3
8047,1,1
8048,1,1
8049,1,1
8050,1,1
8051,1,1
8052,0,2
8053,1,1
8054,1,1
8055,0,2
8056,0,2
8057,1,1
8058,1,1
8059,0,2
8060,1,1
8061,1,1
8062,1,1
8063,1,1
8064,1,1
8065,1,1
8066,1,1
8067,0,2
8068,1,1
8069,0,1
8070,1,1
8071,2,3
8072,1,1
8073,0,1
8074,3,2
8075,0,2
8076,3,2
8077,0,2
8078,1,1
8079,0,1
8080,1,1
8081,1,1
8082,1,1
8083,1,1
8084,0,1
8085,1,1
8086,1,1
8087,1,1
8088,0,2
8089,0,2
8090,1,1
8091,0,1
8092,0,2
8093,0,1
8094,1,1
8095,1,1
8096,0,1
8097,0,2
8098,1,1
8099,0,2
8100,0,2
8101,1,1
8102,1,1
8103,1,1
8104,1,1
8105,1,1
8106,0,1
8107,1,1
8108,0,2
8109,1,1
8110,0,2
8111,0,2
8112,0,1
8113,0,1
8114,1,1
8115,1,1
8116,0,1
8117,1,1
8118,1,1
8119,1,1
8120,1,1
8121,1,1
8122,1,1
8123,0,2
8124,1,1
8125,2,3
8126,0,1
8127,0,1
8128,1,1
8129,1,1
8130,1,1
8131,1,1
8132,0,2
8133,0,2
8134,0,2
8135,0,2
8136,1,1
8137,1,1
8138,0,1
8139,1,1
8140,0,1
8141,1,1
8142,1,1
8143,1,1
8144,1,1
8145,1,1
8146,0,2
8147,2,3
8148,0,1
8149,1,1
8150,0,1
8151,0,2
8152,1,1
8153,1,1
8154,0,1
8155,0,2
8156,0,2
8157,0,2
8158,0,2
8159,0,1
8160,1,1
8161,0,2
8162,0,2
8163,1,1
8164,1,1
8165,1,1
8166,0,1
8167,1,1
8168,0,1
8169,1,1
8170,1,1
8171,1,1
8172,1,1
8173,0,1
8174,1,1
8175,1,1
8176,1,1
8177,0,1
8178,1,1
8179,1,1
8180,0,2
8181,0,2
8182,1,1
8183,1,1
8184,1,1
8185,0,2
8186,1,1
8187,0,2
8188,1,1
8189,0,1
8190,1,1
8191,1,1
8192,1,1
8193,1,1
8194,1,1
8195,1,1
8196,1,1
8197,1,1
8198,1,1
8199,1,1
8200,1,1
8201,0,2
8202,0,2
8203,1,1
8204,0,2
8205,2,0
8206,1,1
8207,0,2
8208,1,1
8209,1,1
8210,1,1
8211,1,1
8212,1,1
8213,1,1
8214,0,1
8215,1,1
8216,0,2
8217,0,2
8218,0,2
8219,1,1
8220,0,1
8221,1,1
8222,1,1
8223,1,1
8224,1,1
8225,1,1
8226,1,1
8227,2,3
8228,1,1
8229,0,2
8230,0,2
8231,1,1
8232,2,3
8233,1,1
8234,0,1
8235,1,1
8236,1,1
8237,0,1
8238,0,1
8239,0,1
8240,0,2
8241,0,1
8242,0,1
8243,1,1
8244,1,1
8245,1,1
8246,0,2
8247,0,2
8248,1,1
8249,1,1
8250,1,1
8251,1,1
8252,1,1
8253,0,1
8254,1,1
8255,0,1
8256,0,1
8257,0,1
8258,0,1
8259,1,1
8260,1,1
8261,0,1
8262,1,1
8263,1,1
8264,1,1
8265,1,1
8266,0,2
8267,1,1
8268,1,1
8269,0,1
8270,0,1
8271,0,1
8272,0,1
8273,1,1
8274,1,1
8275,1,1
8276,0,1
8277,0,2
8278,0,1
8279,1,1
8280,0,1
8281,0,2
8282,1,1
8283,1,1
8284,1,1
8285,1,1
8286,1,1
8287,1,1
8288,1,1
8289,1,1
8290,1,1
8291,0,1
8292,1,1
8293,0,2
8294,0,1
8295,0,2
8296,1,1
8297,1,1
8298,1,1
8299,1,1
8300,1,1
8301,2,0
8302,0,2
8303,0,1
8304,1,1
8305,1,1
8306,1,1
8307,1,1
8308,1,1
8309,1,1
8310,1,1
8311,2,3
8312,1,1
8313,1,1
8314,0,1
8315,1,1
8316,0,2
8317,1,1
8318,1,1
8319,0,2
8320,0,2
8321,1,1
8322,1,1
8323,1,1
8324,2,0
8325,1,1
8326,0,2
8327,1,1
8328,1,1
8329,1,1
8330,1,1
8331,0,2
8332,1,1
8333,1,1
8334,1,1
8335,1,1
8336,0,1
8337,0,1
8338,0,1
8339,1,1
8340,0,1
8341,1,1
8342,1,1
8343,1,1
8344,1,1
8345,1,1
8346,1,1
8347,1,1
8348,0,2
8349,1,1
8350,1,1
8351,0,1
8352,0,2
8353,1,1
8354,1,1
8355,1,1
8356,1,1
8357,1,1
8358,0,2
8359,1,1
8360,0,1
8361,1,1
8362,1,1
8363,1,1
8364,0,2
8365,0,1
8366,0,2
8367,1,1
8368,1,1
8369,0,2
8370,0,2
8371,0,2
8372,1,1
8373,0,1
8374,1,1
8375,1,1
8376,1,1
8377,0,2
8378,1,1
8379,0,2
8380,1,1
8381,1,1
8382,0,1
8383,0,1
8384,0,1
8385,0,1
8386,0,2
8387,1,1
8388,1,1
8389,1,1
8390,1,1
8391,0,2
8392,1,1
8393,2,3
8394,1,1
8395,1,1
8396,1,1
8397,1,1
8398,0,2
8399,1,1
8400,0,1
8401,1,1
8402,1,1
8403,1,1
8404,0,2
8405,0,2
8406,1,1
8407,1,1
8408,0,1
8409,1,1
8410,1,1
8411,0,2
8412,0,2
8413,1,1
8414,0,2
8415,0,2
8416,0,2
8417,1,1
8418,0,1
8419,1,1
8420,1,1
8421,0,2
8422,1,1
8423,0,1
8424,1,1
8425,0,2
8426,1,1
8427,1,1
8428,1,1
8429,0,2
8430,0,1
8431,1,1
8432,0,2
8433,1,1
8434,1,1
8435,2,3
8436,0,2
8437,0,2
8438,1,1
8439,1,1
8440,1,1
8441,1,1
8442,1,1
8443,1,1
8444,1,1
8445,2,3
8446,1,1
8447,0,2
8448,0,2
8449,0,2
8450,1,1
8451,1,1
8452,2,3
8453,1,1
8454,1,1
8455,1,1
8456,1,1
8457,1,1
8458,1,1
8459,0,1
8460,0,1
8461,1,1
8462,0,2
8463,0,2
8464,1,1
8465,1,1
8466,2,3
8467,0,1
8468,1,1
8469,1,1
8470,1,1
8471,1,1
8472,2,3
8473,1,1
8474,1,1
8475,1,1
8476,1,1
8477,0,2
8478,1,1
8479,0,2
8480,0,1
8481,1,1
8482,3,2
8483,0,1
8484,1,1
8485,1,1
8486,1,1
8487,0,1
8488,1,1
8489,1,1
8490,1,1
8491,1,1
8492,0,2
8493,0,2
8494,1,1
8495,2,3
8496,0,2
8497,1,1
8498,1,1
8499,1,1
8500,0,1
8501,0,2
8502,1,1
8503,1,1
8504,1,1
8505,1,1
8506,1,1
8507,0,2
8508,1,1
8509,1,1
8510,0,2
8511,1,1
8512,0,2
8513,2,3
8514,0,1
8515,1,1
8516,1,1
8517,1,1
8518,1,1
8519,1,1
8520,2,3
8521,1,1
8522,0,2
8523,3,2
8524,1,1
8525,1,1
8526,1,1
8527,0,2
8528,1,1
8529,0,2
8530,2,0
8531,1,1
8532,1,1
8533,1,1
8534,1,1
8535,1,1
8536,0,2
8537,1,1
8538,0,1
8539,1,1
8540,1,1
8541,0,1
8542,1,1
8543,1,1
8544,1,1
8545,2,3
8546,1,1
8547,1,1
8548,0,2
8549,1,1
8550,1,1
8551,1,1
8552,1,1
8553,1,1
8554,1,1
8555,1,1
8556,0,2
8557,1,1
8558,1,1
8559,1,1
8560,1,1
8561,1,1
8562,1,1
8563,1,1
8564,1,1
8565,1,1
8566,0,2
8567,0,2
8568,2,3
8569,0,2
8570,0,2
8571,0,2
8572,1,1
8573,1,1
8574,1,1
8575,1,1
8576,1,1
8577,0,1
8578,1,1
8579,1,1
8580,0,2
8581,1,1
8582,0,1
8583,1,1
8584,1,1
8585,2,3
8586,1,1
8587,0,2
8588,0,1
8589,1,1
8590,0,2
8591,0,2
8592,1,1
8593,1,1
8594,0,2
8595,1,1
8596,1,1
8597,1,1
8598,2,0
8599,1,1
8600,0,2
8601,2,0
8602,0,2
8603,1,1
8604,1,1
8605,1,1
8606,0,1
8607,0,1
8608,1,1
8609,1,1
8610,0,2
8611,1,1
8612,0,1
8613,0,1
8614,1,1
8615,0,2
8616,0,1
8617,1,1
8618,1,1
8619,1,1
8620,0,2
8621,1,1
8622,0,2
8623,1,1
8624,1,1
8625,1,1
8626,1,1
8627,1,1
8628,1,1
8629,0,1
8630,1,1
8631,1,1
8632,1,1
8633,0,2
8634,0,2
8635,0,1
8636,1,1
8637,0,2
8638,1,1
8639,0,1
8640,0,2
8641,0,2
8642,1,1
8643,1,1
8644,1,1
8645,1,1
8646,1,1
8647,1,1
8648,1,1
8649,1,1
8650,1,1
8651,1,1
8652,1,1
8653,0,2
8654,1,1
8655,1,1
8656,0,2
8657,0,2
8658,1,1
8659,1,1
8660,1,1
8661,1,1
8662,2,3
8663,1,1
8664,1,1
8665,1,1
8666,1,1
8667,0,2
8668,0,1
8669,1,1
8670,1,1
8671,1,1
8672,1,1
8673,1,1
8674,1,1
8675,0,1
8676,0,2
8677,1,1
8678,1,1
8679,1,1
8680,0,1
8681,2,3
8682,0,1
8683,0,2
8684,1,1
8685,0,2
8686,1,1
8687,1,1
8688,0,1
8689,1,1
8690,2,3
8691,2,3
8692,1,1
8693,1,1
8694,1,1
8695,1,1
8696,0,1
8697,1,1
8698,0,2
8699,0,2
8700,1,1
8701,0,1
8702,1,1
8703,0,1
8704,0,1
8705,1,1
8706,1,1
8707,0,2
8708,1,1
8709,1,1
8710,1,1
8711,0,2
8712,1,1
8713,0,1
8714,1,1
8715,0,2
8716,1,1
8717,0,1
8718,1,1
8719,1,1
8720,2,3
8721,2,3
8722,0,2
8723,1,1
8724,0,2
8725,1,1
8726,1,1
8727,1,1
8728,1,1
8729,1,1
8730,1,1
8731,1,1
8732,1,1
8733,1,1
8734,0,2
8735,1,1
8736,1,1
8737,0,1
8738,1,1
8739,1,1
8740,1,1
8741,1,1
8742,1,1
8743,1,1
8744,1,1
8745,0,1
8746,1,1
8747,1,1
8748,1,1
8749,0,2
8750,1,1
8751,1,1
8752,1,1
8753,0,1
8754,0,2
8755,2,3
8756,1,1
8757,1,1
8758,1,1
8759,1,1
8760,0,2
8761,1,1
8762,1,1
8763,1,1
8764,1,1
8765,1,1
8766,0,2
8767,1,1
8768,0,1
8769,0,2
8770,0,1
8771,1,1
8772,1,1
8773,1,1
8774,1,1
8775,1,1
8776,1,1
8777,1,1
8778,1,1
8779,0,1
8780,1,1
8781,1,1
8782,1,1
8783,1,1
8784,0,1
8785,1,1
8786,1,1
8787,1,1
8788,1,1
8789,1,1
8790,0,2
8791,0,1
8792,0,1
8793,0,2
8794,0,2
8795,2,3
8796,0,2
8797,1,1
8798,1,1
8799,0,2
8800,1,1
8801,1,1
8802,0,1
8803,0,1
8804,1,1
8805,0,2
8806,1,1
8807,1,1
8808,0,2
8809,0,1
8810,1,1
8811,1,1
8812,1,1
8813,1,1
8814,0,1
8815,1,1
8816,1,1
8817,1,1
8818,1,1
8819,0,1
8820,0,1
8821,1,1
8822,0,1
8823,1,1
8824,0,2
8825,1,1
8826,1,1
8827,1,1
8828,0,2
8829,1,1
8830,1,1
8831,0,2
8832,0,2
8833,0,1
8834,1,1
8835,0,2
8836,1,1
8837,1,1
8838,1,1
8839,1,1
8840,0,2
8841,1,1
8842,1,1
8843,1,1
8844,1,1
8845,1,1
8846,1,1
8847,1,1
8848,0,2
8849,1,1
8850,1,1
8851,1,1
8852,1,1
8853,0,1
8854,1,1
8855,0,2
8856,0,2
8857,1,1
8858,1,1
8859,1,1
8860,1,1
8861,1,1
8862,1,1
8863,1,1
8864,1,1
8865,1,1
8866,0,2
8867,0,1
8868,1,1
8869,1,1
8870,1,1
8871,1,1
8872,0,2
8873,1,1
8874,1,1
8875,1,1
8876,0,1
8877,0,2
8878,1,1
8879,1,1
8880,0,2
8881,0,2
8882,1,1
8883,1,1
8884,1,1
8885,1,1
8886,1,1
8887,1,1
8888,1,1
8889,0,1
8890,0,2
8891,1,1
8892,1,1
8893,0,2
8894,1,1
8895,2,3
8896,2,0
8897,0,1
8898,1,1
8899,1,1
8900,0,2
8901,1,1
8902,1,1
8903,0,2
8904,0,2
8905,1,1
8906,1,1
8907,1,1
8908,1,1
8909,1,1
8910,1,1
8911,0,2
8912,0,2
8913,1,1
8914,0,2
8915,0,1
8916,0,1
8917,1,1
8918,1,1
8919,0,2
8920,1,1
8921,1,1
8922,1,1
8923,1,1
8924,1,1
8925,1,1
8926,0,2
8927,1,1
8928,1,1
8929,1,1
8930,0,2
8931,1,1
8932,1,1
8933,1,1
8934,1,1
8935,0,2
8936,3,2
8937,1,1
8938,0,1
8939,2,3
8940,1,1
8941,1,1
8942,1,1
8943,0,2
8944,1,1
8945,1,1
8946,0,1
8947,1,1
8948,1,1
8949,1,1
8950,1,1
8951,1,1
8952,1,1
8953,0,2
8954,1,1
8955,1,1
8956,1,1
8957,1,1
8958,0,1
8959,1,1
8960,1,1
8961,1,1
8962,0,2
8963,1,1
8964,0,2
8965,1,1
8966,1,1
8967,0,2
8968,0,2
8969,1,1
8970,1,1
8971,1,1
8972,0,2
8973,0,2
8974,1,1
8975,0,2
8976,0,2
8977,2,3
8978,0,2
8979,1,1
8980,0,2
8981,0,2
8982,1,1
8983,0,1
8984,1,1
8985,1,1
8986,1,1
8987,1,1
8988,1,1
8989,1,1
8990,0,2
8991,1,1
8992,0,2
8993,1,1
8994,0,2
8995,0,2
8996,1,1
8997,0,2
8998,1,1
8999,1,1
9000,0,1
9001,1,1
9002,0,1
9003,1,1
9004,1,1
9005,1,1
9006,1,1
9007,1,1
9008,0,2
9009,0,2
9010,0,2
9011,0,2
9012,0,2
9013,1,1
9014,1,1
9015,1,1
9016,1,1
9017,1,1
9018,1,1
9019,3,1
9020,1,1
9021,0,2
9022,1,1
9023,0,2
9024,0,1
9025,2,3
9026,2,3
9027,1,1
9028,0,2
9029,1,1
9030,1,1
9031,1,1
9032,0,1
9033,1,1
9034,1,1
9035,1,1
9036,1,1
9037,1,1
9038,0,1
9039,1,1
9040,0,1
9041,1,1
9042,1,1
9043,0,2
9044,1,1
9045,0,1
9046,1,1
9047,0,1
9048,0,2
9049,0,2
9050,0,2
9051,1,1
9052,0,1
9053,1,1
9054,1,1
9055,1,1
9056,0,1
9057,1,1
9058,1,1
9059,1,1
9060,1,1
9061,1,1
9062,0,2
9063,1,1
9064,1,1
9065,1,1
9066,0,2
9067,0,2
9068,0,1
9069,0,2
9070,1,1
9071,0,1
9072,0,2
9073,1,1
9074,0,2
9075,0,1
9076,1,1
9077,0,1
9078,0,2
9079,0,2
9080,1,1
9081,0,2
9082,0,2
9083,0,2
9084,1,1
9085,1,1
9086,0,2
9087,1,1
9088,0,2
9089,1,1
9090,1,1
9091,0,2
9092,1,1
9093,0,1
9094,1,1
9095,1,1
9096,1,1
9097,0,2
9098,1,1
9099,1,1
9100,1,1
9101,1,1
9102,2,0
9103,1,1
9104,1,1
9105,1,1
9106,1,1
9107,1,1
9108,1,1
9109,0,2
9110,1,1
9111,0,2
9112,2,3
9113,0,2
9114,1,1
9115,0,2
9116,1,1
9117,1,1
9118,2,3
9119,1,1
9120,2,3
9121,1,1
9122,1,1
9123,0,2
9124,2,3
9125,1,1
9126,0,2
9127,1,1
9128,0,2
9129,0,1
9130,1,1
9131,1,1
9132,1,1
9133,0,1
9134,1,1
9135,0,2
9136,1,1
9137,1,1
9138,1,1
9139,0,1
9140,0,1
9141,1,1
9142,0,1
9143,1,1
9144,0,2
9145,1,1
9146,1,1
9147,1,1
9148,1,1
9149,1,1
9150,1,1
9151,1,1
9152,0,2
9153,0,2
9154,1,1
9155,1,1
9156,0,2
9157,0,2
9158,1,1
9159,1,1
9160,0,1
9161,1,1
9162,1,1
9163,1,1
9164,0,1
9165,1,1
9166,0,2
9167,1,1
9168,0,1
9169,0,2
9170,1,1
9171,1,1
9172,1,1
9173,1,1
9174,1,1
9175,1,1
9176,0,1
9177,0,2
9178,1,1
9179,1,1
9180,1,1
9181,1,1
9182,1,1
9183,1,1
9184,1,1
9185,0,2
9186,0,2
9187,1,1
9188,0,1
9189,1,1
9190,0,1
9191,0,2
9192,0,2
9193,1,1
9194,1,1
9195,1,1
9196,1,1
9197,1,1
9198,0,2
9199,1,1
9200,0,1
9201,0,1
9202,1,1
9203,0,2
9204,0,2
9205,1,1
9206,1,1
9207,1,1
9208,0,2
9209,1,1
9210,1,1
9211,1,1
9212,0,2
9213,1,1
9214,1,1
9215,1,1
9216,0,2
9217,1,1
9218,0,2
9219,1,1
9220,1,1
9221,1,1
9222,1,1
9223,1,1
9224,2,3
9225,0,2
9226,0,2
9227,1,1
9228,0,2
9229,1,1
9230,1,1
9231,0,2
9232,0,2
9233,1,1
9234,1,1
9235,1,1
9236,1,1
9237,1,1
9238,0,2
9239,0,1
9240,1,1
9241,1,1
9242,1,1
9243,1,1
9244,0,1
9245,0,2
9246,1,1
9247,0,2
9248,1,1
9249,0,1
9250,1,1
9251,0,2
9252,1,1
9253,0,2
9254,1,1
9255,1,1
9256,1,1
9257,0,2
9258,1,1
9259,1,1
9260,1,1
9261,1,1
9262,1,1
9263,1,1
9264,1,1
9265,0,2
9266,1,1
9267,1,1
9268,0,2
9269,1,1
9270,1,1
9271,1,1
9272,1,1
9273,1,1
9274,1,1
9275,1,1
9276,1,1
9277,1,1
9278,1,1
9279,1,1
9280,2,3
9281,0,2
9282,1,1
9283,1,1
9284,1,1
9285,0,1
9286,1,1
9287,1,1
9288,1,1
9289,1,1
9290,0,2
9291,1,1
9292,1,1
9293,1,1
9294,0,2
9295,0,1
9296,0,2
9297,0,2
9298,0,1
9299,0,1
9300,2,0
9301,0,2
9302,1,1
9303,0,1
9304,1,1
9305,1,1
9306,1,1
9307,1,1
9308,1,1
9309,1,1
9310,1,1
9311,1,1
9312,1,1
9313,1,1
9314,1,1
9315,0,2
9316,0,2
9317,1,1
9318,0,2
9319,1,1
9320,0,1
9321,1,1
9322,0,1
9323,0,1
9324,1,1
9325,0,1
9326,0,2
9327,0,2
9328,1,1
9329,1,1
9330,0,1
9331,1,1
9332,1,1
9333,1,1
9334,1,1
9335,1,1
9336,1,1
9337,1,1
9338,1,1
9339,1,1
9340,0,2
9341,1,1
9342,0,2
9343,1,1
9344,1,1
9345,0,1
9346,0,2
9347,1,1
9348,1,1
9349,0,1
9350,1,1
9351,1,1
9352,0,2
9353,0,2
9354,0,2
9355,1,1
9356,1,1
9357,1,1
9358,1,1
9359,1,1
9360,1,1
9361,1,1
9362,1,1
9363,1,1
9364,1,1
9365,0,2
9366,0,2
9367,0,1
9368,1,1
9369,1,1
9370,1,1
9371,0,1
9372,0,2
9373,0,2
9374,1,1
9375,1,1
9376,1,1
9377,0,2
9378,1,1
9379,1,1
9380,1,1
9381,0,1
9382,1,1
9383,1,1
9384,1,1
9385,1,1
9386,1,1
9387,0,2
9388,1,1
9389,1,1
9390,1,1
9391,1,1
9392,0,2
9393,1,1
9394,1,1
9395,0,2
9396,1,1
9397,0,2
9398,0,2
9399,1,1
9400,1,1
9401,1,1
9402,0,2
9403,1,1
9404,0,2
9405,1,1
9406,0,2
9407,1,1
9408,0,1
9409,1,1
9410,0,1
9411,0,2
9412,1,1
9413,0,1
9414,1,1
9415,1,1
9416,0,1
9417,1,1
9418,1,1
9419,1,1
9420,1,1
9421,0,2
9422,0,1
9423,1,1
9424,0,1
9425,1,1
9426,1,1
9427,1,1
9428,1,1
9429,0,1
9430,1,1
9431,1,1
9432,0,2
9433,0,2
9434,2,3
9435,1,1
9436,0,2
9437,1,1
9438,1,1
9439,1,1
9440,0,2
9441,1,1
9442,1,1
9443,0,2
9444,1,1
9445,0,1
9446,1,1
9447,1,1
9448,0,1
9449,1,1
9450,1,1
9451,1,1
9452,1,1
9453,1,1
9454,0,1
9455,1,1
9456,1,1
9457,1,1
9458,1,1
9459,1,1
9460,1,1
9461,0,2
9462,1,1
9463,2,3
9464,1,1
9465,1,1
9466,1,1
9467,1,1
9468,0,2
9469,1,1
9470,2,3
9471,1,1
9472,1,1
9473,1,1
9474,1,1
9475,1,1
9476,1,1
9477,1,1
9478,1,1
9479,0,1
9480,1,1
9481,0,1
9482,0,2
9483,1,1
9484,2,3
9485,1,1
9486,0,2
9487,0,1
9488,1,1
9489,2,3
9490,2,0
9491,1,1
9492,0,1
9493,1,1
9494,1,1
9495,1,1
9496,1,1
9497,0,1
9498,2,3
9499,0,2
9500,0,1
9501,1,1
9502,1,1
9503,1,1
9504,1,1
9505,1,1
9506,1,1
9507,0,2
9508,1,1
9509,2,3
9510,0,2
9511,1,1
9512,1,1
9513,1,1
9514,1,1
9515,1,1
9516,1,1
9517,1,1
9518,1,1
9519,1,1
9520,1,1
9521,0,1
9522,1,1
9523,1,1
9524,0,2
9525,1,1
9526,1,1
9527,1,1
9528,1,1
9529,0,1
9530,1,1
9531,1,1
9532,1,1
9533,1,1
9534,0,2
9535,0,2
9536,0,2
9537,0,2
9538,1,1
9539,1,1
9540,1,1
9541,1,1
9542,1,1
9543,1,1
9544,1,1
9545,0,2
9546,0,2
9547,0,2
9548,1,1
9549,1,1
9550,0,2
9551,1,1
9552,0,2
9553,1,1
9554,0,2
9555,1,1
9556,1,1
9557,1,1
9558,0,2
9559,1,1
9560,1,1
9561,1,1
9562,1,1
9563,1,1
9564,0,1
9565,0,1
9566,0,2
9567,0,1
9568,0,1
9569,0,1
9570,0,2
9571,0,2
9572,1,1
9573,1,1
9574,1,1
9575,1,1
9576,0,2
9577,0,1
9578,1,3
9579,1,1
9580,0,1
9581,3,2
9582,1,1
9583,1,1
9584,1,1
9585,0,1
9586,0,1
9587,1,1
9588,0,1
9589,1,1
9590,1,1
9591,0,1
9592,0,1
9593,0,2
9594,0,1
9595,1,1
9596,1,1
9597,1,1
9598,1,1
9599,0,1
9600,1,1
9601,1,1
9602,1,1
9603,1,1
9604,0,2
9605,1,1
9606,1,1
9607,1,1
9608,0,2
9609,0,2
9610,0,2
9611,0,2
9612,1,1
9613,1,1
9614,0,2
9615,1,1
9616,1,1
9617,0,2
9618,1,1
9619,1,1
9620,0,2
9621,1,1
9622,0,2
9623,1,1
9624,1,1
9625,0,2
9626,1,1
9627,1,1
9628,0,2
9629,1,1
9630,1,1
9631,1,1
9632,1,1
9633,1,1
9634,0,1
9635,0,2
9636,0,1
9637,1,1
9638,1,1
9639,1,1
9640,0,2
9641,1,1
9642,0,2
9643,1,1
9644,1,1
9645,0,2
9646,1,1
9647,0,2
9648,0,2
9649,1,1
9650,1,1
9651,1,1
9652,1,1
9653,0,2
9654,0,2
9655,0,2
9656,0,2
9657,1,1
9658,1,1
9659,1,1
9660,1,1
9661,1,1
9662,0,2
9663,1,1
9664,0,2
9665,1,1
9666,0,1
9667,1,1
9668,0,2
9669,2,3
9670,1,1
9671,1,1
9672,1,1
9673,1,1
9674,0,2
9675,1,1
9676,0,2
9677,0,1
9678,0,1
9679,1,1
9680,1,1
9681,1,1
9682,1,1
9683,0,1
9684,1,1
9685,1,1
9686,0,2
9687,1,1
9688,1,1
9689,2,3
9690,1,1
9691,1,1
9692,2,3
9693,0,2
9694,0,2
9695,1,1
9696,1,1
9697,0,2
9698,0,2
9699,1,1
9700,1,1
9701,0,1
9702,1,1
9703,2,3
9704,2,3
9705,2,3
9706,1,1
9707,2,3
9708,1,1
9709,0,2
9710,1,1
9711,0,1
9712,0,1
9713,1,1
9714,0,1
9715,1,1
9716,1,1
9717,1,1
9718,1,1
9719,1,1
9720,1,1
9721,1,1
9722,1,1
9723,1,1
9724,1,1
9725,1,1
9726,0,1
9727,1,1
9728,1,1
9729,0,2
9730,1,1
9731,0,2
9732,0,2
9733,0,2
9734,0,2
9735,0,1
9736,1,1
9737,1,1
9738,0,2
9739,1,1
9740,0,2
9741,1,1
9742,1,1
9743,1,1
9744,0,2
9745,1,1
9746,1,1
9747,0,1
9748,2,0
9749,1,1
9750,1,1
9751,0,2
9752,1,1
9753,0,2
9754,1,1
9755,0,2
9756,0,2
9757,1,1
9758,1,1
9759,1,1
9760,0,1
9761,1,1
9762,1,1
9763,1,1
9764,1,1
9765,1,1
9766,1,1
9767,2,3
9768,1,1
9769,0,1
9770,0,2
9771,0,2
9772,0,2
9773,1,1
9774,1,1
9775,1,1
9776,1,1
9777,2,3
9778,1,1
9779,1,1
9780,1,1
9781,0,2
9782,0,2
9783,0,2
9784,0,1
9785,0,2
9786,1,1
9787,1,1
9788,1,1
9789,0,1
9790,0,2
9791,0,1
9792,0,1
9793,0,2
9794,1,1
9795,1,1
9796,0,2
9797,0,2
9798,1,1
9799,2,3
9800,0,2
9801,1,1
9802,0,2
9803,1,1
9804,1,1
9805,1,1
9806,1,1
9807,1,1
9808,1,1
9809,0,2
9810,0,1
9811,1,1
9812,2,3
9813,1,1
9814,1,1
9815,1,1
9816,2,3
9817,1,1
9818,0,2
9819,0,2
9820,1,1
9821,1,1
9822,1,1
9823,1,1
9824,0,1
9825,0,1
9826,1,1
9827,2,0
9828,1,1
9829,0,2
9830,1,1
9831,1,1
9832,0,2
9833,2,3
9834,0,2
9835,0,2
9836,0,2
9837,1,1
9838,0,1
9839,1,1
9840,1,1
9841,1,1
9842,1,1
9843,1,1
9844,1,1
9845,0,2
9846,1,1
9847,1,1
9848,1,1
9849,1,1
9850,0,1
9851,1,1
9852,1,1
9853,1,1
9854,1,1
9855,0,2
9856,0,1
9857,2,3
9858,0,1
9859,3,2
9860,1,1
9861,0,1
9862,1,1
9863,1,1
9864,0,1
9865,0,2
9866,0,2
9867,1,1
9868,0,2
9869,1,1
9870,1,1
9871,1,1
9872,1,1
9873,0,2
9874,1,1
9875,1,1
9876,0,2
9877,1,1
9878,0,1
9879,1,1
9880,0,1
9881,1,1
9882,0,2
9883,1,1
9884,1,1
9885,0,2
9886,1,1
9887,0,2
9888,1,1
9889,1,1
9890,1,1
9891,1,1
9892,0,2
9893,0,2
9894,1,1
9895,1,1
9896,1,1
9897,0,2
9898,1,1
9899,1,1
9900,1,1
9901,1,1
9902,0,1
9903,1,1
9904,1,1
9905,0,1
9906,1,1
9907,1,1
9908,0,2
9909,0,2
9910,1,1
9911,1,1
9912,0,2
9913,0,2
9914,2,3
9915,0,1
9916,1,1
9917,0,1
9918,0,1
9919,1,1
9920,1,1
9921,1,1
9922,1,1
9923,0,2
9924,0,1
9925,1,1
9926,1,1
9927,0,2
9928,2,3
9929,1,1
9930,0,1
9931,1,1
9932,1,1
9933,0,1
9934,0,2
9935,1,1
9936,1,1
9937,0,2
9938,1,1
9939,1,1
9940,1,1
9941,2,3
9942,0,2
9943,1,1
9944,0,2
9945,1,1
9946,0,2
9947,1,1
9948,1,1
9949,1,1
9950,1,1
9951,1,1
9952,0,1
9953,0,2
9954,1,1
9955,3,2
9956,0,2
9957,1,1
9958,0,2
9959,1,1
9960,1,1
9961,0,1
9962,1,1
9963,1,1
9964,1,1
9965,1,1
9966,0,1
9967,1,1
9968,1,1
9969,1,1
9970,1,1
9971,1,1
9972,1,1
9973,0,2
9974,1,1
9975,1,1
9976,1,1
9977,1,1
9978,1,1
9979,1,1
9980,0,2
9981,0,1
9982,1,1
9983,1,1
9984,1,1
9985,1,1
9986,1,1
9987,1,1
9988,0,2
9989,1,1
9990,1,1
9991,0,1
9992,1,1
9993,1,1
9994,0,2
9995,1,1
9996,1,1
9997,0,1
9998,1,1
9999,0,1
10000,1,1
10001,0,2
10002,1,1
10003,1,1
10004,1,1
10005,1,1
10006,1,1
10007,0,1
10008,1,1
10009,0,2
10010,1,1
10011,1,1
10012,0,2
10013,0,2
10014,1,1
10015,1,1
10016,1,1
10017,1,1
10018,1,1
10019,1,1
10020,0,1
10021,1,1
10022,1,1
10023,1,1
10024,3,1
10025,0,2
10026,1,1
10027,1,1
10028,1,1
10029,0,2
10030,1,1
10031,1,1
10032,0,2
10033,1,1
10034,1,1
10035,0,1
10036,1,1
10037,1,1
10038,1,1
10039,1,1
10040,0,2
10041,0,1
10042,0,1
10043,1,1
10044,1,1
10045,1,1
10046,1,1
10047,1,1
10048,1,1
10049,1,1
10050,0,2
10051,0,2
10052,1,1
10053,1,1
10054,2,0
10055,1,1
10056,2,3
10057,1,1
10058,1,1
10059,1,1
10060,0,1
10061,1,1
10062,1,1
10063,1,1
10064,1,1
10065,0,1
10066,1,1
10067,0,2
10068,1,1
10069,0,2
10070,0,2
10071,1,1
10072,1,1
10073,0,1
10074,0,1
10075,1,1
10076,0,2
10077,1,1
10078,1,1
10079,1,1
10080,0,1
10081,1,1
10082,1,1
10083,1,1
10084,0,2
10085,1,1
10086,1,1
10087,0,1
10088,0,1
10089,1,1
10090,0,1
10091,0,1
10092,1,1
10093,0,2
10094,0,2
10095,1,1
10096,1,1
10097,1,1
10098,1,1
10099,1,1
10100,0,2
10101,1,1
10102,1,1
10103,1,1
10104,1,1
10105,0,1
10106,0,1
10107,1,1
10108,1,1
10109,0,2
10110,2,3
10111,0,2
10112,0,1
10113,1,1
10114,1,1
10115,0,1
10116,1,1
10117,1,1
10118,1,1
10119,2,3
10120,1,1
10121,1,1
10122,1,1
10123,0,2
10124,0,2
10125,0,2
10126,0,1
10127,1,1
10128,1,1
10129,0,2
10130,1,1
10131,1,1
10132,3,1
10133,1,1
10134,3,2
10135,2,3
10136,0,1
10137,1,1
10138,0,1
10139,0,1
10140,1,1
10141,1,1
10142,1,1
10143,1,1
10144,1,1
10145,1,1
10146,1,1
10147,1,1
10148,1,1
10149,0,2
10150,1,1
10151,1,1
10152,1,1
10153,0,1
10154,1,1
10155,1,1
10156,2,0
10157,1,1
10158,0,1
10159,0,2
10160,1,1
10161,0,2
10162,1,1
10163,1,1
10164,1,1
10165,0,2
10166,1,1
10167,1,1
10168,0,2
10169,1,1
10170,1,1
10171,2,0
10172,1,1
10173,0,2
10174,1,1
10175,2,3
10176,0,1
10177,1,1
10178,0,2
10179,0,2
10180,0,1
10181,0,1
10182,0,2
10183,0,1
10184,1,1
10185,1,1
10186,1,1
10187,1,1
10188,0,1
10189,0,2
10190,1,1
10191,2,3
10192,0,1
10193,0,2
10194,0,2
10195,1,1
10196,1,1
10197,1,1
10198,0,1
10199,1,1
10200,0,2
10201,0,1
10202,1,1
10203,1,1
10204,1,1
10205,0,2
10206,0,2
10207,1,1
10208,2,3
10209,2,3
10210,0,2
10211,1,1
10212,2,0
10213,1,1
10214,0,2
10215,1,1
10216,1,1
10217,1,1
10218,0,2
10219,1,1
10220,1,1
10221,1,1
10222,1,1
10223,0,2
10224,0,1
10225,1,1
10226,1,1
10227,0,1
10228,1,1
10229,2,3
10230,1,1
10231,1,1
10232,2,3
10233,1,1
10234,1,1
10235,1,1
10236,0,2
10237,1,1
10238,1,1
10239,1,1
10240,2,3
10241,0,2
10242,1,1
10243,2,0
10244,1,1
10245,0,2
10246,0,1
10247,1,1
10248,0,2
10249,0,1
10250,0,2
10251,0,2
10252,2,3
10253,0,2
10254,2,3
10255,0,1
10256,1,1
10257,0,2
10258,1,1
10259,1,1
10260,1,1
10261,1,1
10262,1,1
10263,0,2
10264,0,2
10265,1,1
10266,1,1
10267,2,3
10268,1,1
10269,1,1
10270,0,1
10271,0,2
10272,1,1
10273,1,1
10274,0,1
10275,1,1
10276,0,2
10277,1,1
10278,1,1
10279,0,2
10280,2,3
10281,0,1
10282,1,1
10283,0,2
10284,0,2
10285,1,1
10286,2,3
10287,0,2
10288,2,0
10289,1,1
10290,1,1
10291,1,1
10292,1,1
10293,0,2
10294,1,1
10295,0,2
10296,1,1
10297,1,1
10298,0,2
10299,1,1
10300,1,1
10301,1,1
10302,1,1
10303,1,1
10304,0,2
10305,1,1
10306,0,1
10307,1,1
10308,1,1
10309,1,1
10310,1,1
10311,0,1
10312,0,2
10313,1,1
10314,1,1
10315,0,1
10316,0,1
10317,1,1
10318,1,1
10319,1,1
10320,1,1
10321,0,1
10322,0,2
10323,1,1
10324,0,1
10325,0,2
10326,1,1
10327,2,3
10328,1,1
10329,0,1
10330,0,1
10331,1,1
10332,1,1
10333,0,1
10334,0,1
10335,1,1
10336,1,1
10337,1,1
10338,1,1
10339,0,1
10340,0,2
10341,2,0
10342,1,1
10343,1,1
10344,1,1
10345,1,1
10346,0,2
10347,1,1
10348,1,1
10349,1,1
10350,1,1
10351,1,1
10352,0,2
10353,1,1
10354,0,1
10355,1,1
10356,0,2
10357,2,3
10358,1,1
10359,1,1
10360,1,1
10361,0,1
10362,1,1
10363,0,2
10364,1,1
10365,2,3
10366,1,1
10367,1,1
10368,1,1
10369,0,2
10370,1,1
10371,1,1
10372,1,1
10373,1,1
10374,0,1
10375,0,1
10376,0,2
10377,2,3
10378,0,1
10379,2,0
10380,2,3
10381,1,1
10382,1,1
10383,0,2
10384,1,1
10385,1,1
10386,1,1
10387,1,1
10388,1,1
10389,0,1
10390,1,1
10391,1,1
10392,1,1
10393,1,1
10394,2,3
10395,1,1
10396,1,1
10397,0,2
10398,1,1
10399,1,1
10400,1,1
10401,1,1
10402,0,2
10403,1,1
10404,2,3
10405,1,1
10406,0,2
10407,1,1
10408,0,1
10409,0,2
10410,0,1
10411,1,1
10412,0,1
10413,1,1
10414,1,1
10415,1,1
10416,1,1
10417,1,1
10418,2,3
10419,1,1
10420,0,1
10421,1,1
10422,1,1
10423,1,1
10424,0,1
10425,0,1
10426,1,1
10427,0,2
10428,1,1
10429,1,1
10430,1,1
10431,0,2
10432,0,1
10433,1,1
10434,1,1
10435,0,2
10436,0,1
10437,1,1
10438,1,1
10439,0,1
10440,1,1
10441,1,1
10442,1,1
10443,1,1
10444,1,1
10445,1,1
10446,0,1
10447,1,1
10448,1,1
10449,0,2
10450,1,1
10451,1,1
10452,0,2
10453,1,1
10454,1,1
10455,0,1
10456,1,1
10457,1,1
10458,2,0
10459,0,1
10460,1,1
10461,1,1
10462,1,1
10463,0,1
10464,2,3
10465,1,1
10466,0,1
10467,0,1
10468,2,3
10469,1,1
10470,0,2
10471,1,1
10472,0,1
10473,0,2
10474,1,1
10475,1,1
10476,0,2
10477,2,3
10478,1,1
10479,1,1
10480,1,1
10481,1,1
10482,0,2
10483,1,1
10484,1,1
10485,0,2
10486,1,1
10487,1,1
10488,1,1
10489,0,2
10490,1,1
10491,0,1
10492,1,1
10493,0,2
10494,1,1
10495,1,1
10496,1,1
10497,0,2
10498,1,1
10499,1,1
10500,1,1
10501,2,3
10502,0,1
10503,1,1
10504,1,1
10505,0,1
10506,1,1
10507,1,1
10508,1,1
10509,0,1
10510,1,1
10511,0,2
10512,1,1
10513,1,1
10514,1,1
10515,1,1
10516,1,1
10517,2,3
10518,0,1
10519,0,2
10520,1,1
10521,1,1
10522,2,3
10523,1,1
10524,1,1
10525,0,1
10526,1,1
10527,1,1
10528,1,1
10529,0,1
10530,2,3
10531,1,1
10532,1,1
10533,0,2
10534,0,1
10535,1,1
10536,1,1
10537,1,1
10538,1,1
10539,1,1
10540,1,1
10541,0,2
10542,1,1
10543,1,1
10544,1,1
10545,0,2
10546,0,2
10547,2,3
10548,1,1
10549,1,1
10550,1,1
10551,1,1
10552,1,1
10553,1,1
10554,0,2
10555,0,2
10556,1,1
10557,1,1
10558,1,1
10559,1,1
10560,0,2
10561,0,1
10562,1,1
10563,0,1
10564,1,1
10565,0,1
10566,1,1
10567,1,1
10568,1,1
10569,0,2
10570,1,1
10571,0,1
10572,1,1
10573,1,1
10574,0,2
10575,0,3
10576,1,1
10577,0,1
10578,1,1
10579,1,1
10580,0,2
10581,1,1
10582,0,2
10583,1,1
10584,1,1
10585,1,1
10586,0,1
10587,1,1
10588,1,1
10589,1,1
10590,0,2
10591,1,1
10592,1,1
10593,1,1
10594,1,1
10595,1,1
10596,1,1
10597,0,1
10598,1,1
10599,1,1
10600,1,1
10601,0,2
10602,1,1
10603,0,2
10604,1,1
10605,0,1
10606,0,2
10607,1,1
10608,0,1
10609,0,2
10610,1,1
10611,1,1
10612,1,1
10613,3,2
10614,1,1
10615,1,1
10616,0,2
10617,1,1
10618,1,1
10619,0,1
10620,2,3
10621,1,1
10622,0,2
10623,1,1
10624,1,1
10625,1,1
10626,2,3
10627,1,1
10628,0,2
10629,0,1
10630,0,1
10631,1,1
10632,0,2
10633,1,1
10634,1,1
10635,1,1
10636,1,1
10637,0,1
10638,0,1
10639,1,1
10640,0,2
10641,0,2
10642,0,2
10643,1,1
10644,1,1
10645,1,1
10646,1,1
10647,0,2
10648,1,1
10649,1,1
10650,0,2
10651,2,3
10652,1,1
10653,1,1
10654,1,1
10655,2,3
10656,1,1
10657,1,1
10658,1,1
10659,1,1
10660,1,1
10661,1,1
10662,0,2
10663,1,1
10664,1,1
10665,0,2
10666,0,2
10667,1,1
10668,0,2
10669,1,1
10670,1,1
10671,0,2
10672,1,1
10673,1,1
10674,1,1
10675,0,1
10676,0,2
10677,0,2
10678,1,1
10679,1,1
10680,1,1
10681,1,1
10682,1,1
10683,0,2
10684,0,2
10685,0,1
10686,0,2
10687,0,2
10688,1,1
10689,1,1
10690,1,1
10691,1,1
10692,1,1
10693,1,1
10694,0,1
10695,1,1
10696,1,1
10697,0,2
10698,0,2
10699,0,1
10700,1,1
10701,1,1
10702,1,1
10703,0,2
10704,0,2
10705,2,3
10706,1,1
10707,1,1
10708,0,1
10709,1,1
10710,1,1
10711,0,2
10712,1,1
10713,0,2
10714,0,2
10715,1,1
10716,1,1
10717,0,2
10718,1,1
10719,1,1
10720,1,1
10721,1,1
10722,1,1
10723,0,1
10724,1,1
10725,1,1
10726,1,1
10727,0,1
10728,0,2
10729,1,1
10730,1,1
10731,0,2
10732,1,1
10733,0,1
10734,0,2
10735,0,1
10736,0,2
10737,1,1
10738,1,1
10739,0,2
10740,1,1
10741,1,1
10742,1,1
10743,0,2
10744,1,1
10745,1,1
10746,1,1
10747,1,1
10748,1,1
10749,1,1
10750,1,1
10751,0,2
10752,1,1
10753,1,1
10754,0,1
10755,0,2
10756,1,1
10757,1,1
10758,1,1
10759,2,3
10760,1,1
10761,0,2
10762,1,1
10763,0,2
10764,1,1
10765,1,1
10766,0,2
10767,0,1
10768,1,1
10769,1,1
10770,1,1
10771,0,1
10772,1,1
10773,0,2
10774,0,2
10775,1,1
10776,1,1
10777,0,2
10778,1,1
10779,0,1
10780,1,1
10781,1,1
10782,0,2
10783,1,1
10784,1,1
10785,2,3
10786,0,2
10787,0,1
10788,1,1
10789,0,2
10790,1,1
10791,0,1
10792,0,2
10793,0,1
10794,1,1
10795,1,1
10796,1,1
10797,1,1
10798,0,2
10799,0,2
10800,1,1
10801,0,2
10802,1,1
10803,1,1
10804,0,2
10805,1,1
10806,1,1
10807,1,1
10808,1,1
10809,1,1
10810,0,2
10811,1,1
10812,1,1
10813,1,1
10814,1,1
10815,1,1
10816,1,1
10817,1,1
10818,2,3
10819,1,1
10820,0,2
10821,0,2
10822,1,1
10823,1,1
10824,1,1
10825,1,1
10826,2,3
10827,0,2
10828,1,1
10829,1,1
10830,0,2
10831,1,1
10832,1,1
10833,0,2
10834,1,1
10835,0,1
10836,1,1
10837,1,1
10838,2,3
10839,0,2
10840,2,3
10841,1,1
10842,0,2
10843,1,1
10844,0,1
10845,1,1
10846,1,1
10847,2,3
10848,1,1
10849,1,1
10850,0,2
10851,0,2
10852,1,1
10853,0,2
10854,1,1
10855,0,2
10856,1,1
10857,0,1
10858,1,1
10859,0,2
10860,0,1
10861,1,1
10862,1,1
10863,1,1
10864,0,2
10865,1,1
10866,2,3
10867,0,2
10868,1,1
10869,1,1
10870,0,2
10871,1,1
10872,1,1
10873,1,1
10874,1,1
10875,1,1
10876,0,1
10877,1,1
10878,1,1
10879,0,1
10880,0,2
10881,1,1
10882,2,3
10883,0,2
10884,0,2
10885,0,2
10886,1,1
10887,0,2
10888,1,1
10889,1,1
10890,1,1
10891,1,1
10892,0,2
10893,1,1
10894,1,1
10895,1,1
10896,0,2
10897,1,1
10898,1,1
10899,2,3
10900,2,0
10901,1,1
10902,1,1
10903,1,1
10904,0,1
10905,0,1
10906,0,1
10907,0,1
10908,0,1
10909,1,1
10910,1,1
10911,1,1
10912,2,3
10913,1,1
10914,0,2
10915,1,1
10916,0,2
10917,1,1
10918,1,1
10919,1,1
10920,0,2
10921,1,1
10922,1,1
10923,0,1
10924,0,2
10925,1,1
10926,1,1
10927,1,1
10928,0,2
10929,1,1
10930,1,1
10931,0,2
10932,0,2
10933,1,1
10934,1,1
10935,0,2
10936,1,1
10937,0,2
10938,0,2
10939,1,1
10940,1,1
10941,1,1
10942,1,1
10943,0,2
10944,0,2
10945,1,1
10946,1,1
10947,1,1
10948,1,1
10949,0,2
10950,0,2
10951,0,2
10952,0,2
10953,0,2
10954,1,1
10955,0,2
10956,1,1
10957,0,1
10958,1,1
10959,0,1
10960,0,1
10961,1,1
10962,1,1
10963,1,1
10964,1,1
10965,1,1
10966,0,2
10967,1,1
10968,1,1
10969,1,1
10970,1,1
10971,1,1
10972,1,1
10973,0,2
10974,1,1
10975,1,1
10976,1,1
10977,1,1
10978,1,1
10979,1,1
10980,0,2
10981,1,1
10982,1,1
10983,1,1
10984,1,1
10985,0,1
10986,1,1
10987,1,1
10988,0,1
10989,1,1
10990,1,1
10991,1,1
10992,1,1
10993,1,1
10994,1,1
10995,1,1
10996,0,2
10997,0,1
10998,1,1
10999,0,2
11000,1,1
11001,1,1
11002,2,3
11003,1,1
11004,2,3
11005,1,1
11006,0,2
11007,1,1
11008,0,1
11009,1,1
11010,0,1
11011,1,1
11012,1,1
11013,1,1
11014,1,1
11015,0,2
11016,1,1
11017,0,1
11018,1,1
11019,0,2
11020,2,3
11021,0,1
11022,1,1
11023,1,1
11024,1,1
11025,1,1
11026,1,1
11027,1,1
11028,0,2
11029,0,2
11030,0,1
11031,2,3
11032,1,1
11033,0,2
11034,1,1
11035,1,1
11036,1,1
11037,1,1
11038,1,1
11039,1,1
11040,1,1
11041,1,1
11042,0,2
11043,1,1
11044,1,1
11045,1,1
11046,1,1
11047,0,2
11048,1,1
11049,1,1
11050,1,1
11051,1,1
11052,1,1
11053,2,3
11054,2,0
11055,1,1
11056,1,1
11057,1,1
11058,1,1
11059,0,2
11060,0,2
11061,0,2
11062,1,1
11063,0,2
11064,1,1
11065,1,1
11066,1,1
11067,1,1
11068,1,1
11069,1,1
11070,1,1
11071,1,1
11072,0,1
11073,0,2
11074,0,2
11075,3,2
11076,1,1
11077,0,1
11078,1,1
11079,1,1
11080,2,3
11081,1,1
11082,1,1
11083,0,2
11084,1,1
11085,1,1
11086,1,1
11087,1,1
11088,0,2
11089,1,1
11090,2,0
11091,1,1
11092,0,2
11093,0,2
11094,0,2
11095,1,1
11096,0,2
11097,0,1
11098,1,1
11099,1,1
11100,1,1
11101,0,2
11102,0,1
11103,1,1
11104,1,1
11105,1,1
11106,1,1
11107,1,1
11108,0,2
11109,0,2
11110,1,1
11111,1,1
11112,0,2
11113,1,1
11114,0,2
11115,0,2
11116,0,2
11117,1,1
11118,1,1
11119,1,1
11120,1,1
11121,1,1
11122,1,1
11123,2,3
11124,1,1
11125,1,1
11126,0,1
11127,1,1
11128,1,1
11129,1,1
11130,1,1
11131,1,1
11132,1,1
11133,1,1
11134,1,1
11135,1,1
11136,0,1
11137,0,1
11138,1,1
11139,1,1
11140,1,1
11141,2,3
11142,2,3
11143,0,1
11144,0,2
11145,1,1
11146,0,2
11147,2,3
11148,1,1
11149,1,1
11150,0,2
11151,1,1
11152,1,1
11153,0,1
11154,3,2
11155,1,1
11156,1,1
11157,1,1
11158,0,1
11159,1,1
11160,1,1
11161,1,1
11162,1,1
11163,1,1
11164,1,1
11165,0,2
11166,1,1
11167,1,1
11168,1,1
11169,1,1
11170,1,1
11171,1,1
11172,1,1
11173,1,1
11174,0,1
11175,1,1
11176,1,1
11177,1,1
11178,1,1
11179,1,1
11180,1,1
11181,1,1
11182,1,1
11183,1,1
11184,1,1
11185,1,1
11186,0,1
11187,1,1
11188,1,1
11189,1,1
11190,1,1
11191,1,1
11192,1,1
11193,1,1
11194,1,1
11195,0,1
11196,0,2
11197,0,1
11198,0,2
11199,1,1
11200,1,1
11201,1,1
11202,1,1
11203,1,1
11204,0,1
11205,1,1
11206,2,3
11207,2,3
11208,1,1
11209,1,1
11210,1,1
11211,1,1
11212,1,1
11213,1,1
11214,0,2
11215,1,1
11216,1,1
11217,1,1
11218,1,1
11219,0,1
11220,1,1
11221,1,1
11222,1,1
11223,1,1
11224,1,1
11225,0,2
11226,1,1
11227,3,2
11228,1,1
11229,1,1
11230,0,1
11231,1,1
11232,1,1
11233,1,1
11234,2,3
11235,1,1
11236,1,1
11237,1,1
11238,0,2
11239,1,1
11240,2,3
11241,1,1
11242,0,2
11243,1,1
11244,0,2
11245,1,1
11246,1,1
11247,0,1
11248,1,1
11249,2,3
11250,1,1
11251,1,1
11252,1,1
11253,0,2
11254,1,1
11255,1,1
11256,2,3
11257,2,3
11258,1,1
11259,2,3
11260,1,1
11261,1,1
11262,0,2
11263,1,1
11264,1,1
11265,0,2
11266,0,2
11267,0,2
11268,0,1
11269,1,1
11270,1,1
11271,0,2
11272,1,1
11273,1,1
11274,0,1
11275,1,1
11276,2,3
11277,0,2
11278,1,1
11279,0,1
11280,0,2
11281,0,1
11282,0,1
11283,0,2
11284,1,1
11285,1,1
11286,1,1
11287,1,1
11288,0,2
11289,0,1
11290,0,1
11291,1,1
11292,1,1
11293,0,2
11294,1,1
11295,0,2
11296,1,1
11297,1,1
11298,0,2
11299,1,1
11300,1,1
11301,1,1
11302,0,2
11303,0,1
11304,1,1
11305,1,1
11306,1,1
11307,1,1
11308,1,1
11309,1,1
11310,0,1
11311,1,1
11312,1,1
11313,1,1
11314,1,1
11315,1,1
11316,1,1
11317,1,1
11318,1,1
11319,1,1
11320,0,2
11321,1,1
11322,1,1
11323,0,2
11324,1,1
11325,1,1
11326,0,2
11327,0,2
11328,1,1
11329,0,2
11330,0,2
11331,1,1
11332,0,2
11333,1,1
11334,1,1
11335,1,1
11336,1,1
11337,0,2
11338,1,1
11339,1,1
11340,1,1
11341,1,1
11342,0,2
11343,1,1
11344,0,2
11345,1,1
11346,1,1
11347,1,1
11348,0,1
11349,0,1
11350,1,1
11351,1,1
11352,2,3
11353,0,2
11354,1,1
11355,0,1
11356,1,1
11357,1,1
11358,1,1
11359,1,1
11360,1,1
11361,0,2
11362,1,1
11363,0,2
11364,1,1
11365,1,1
11366,1,1
11367,1,1
11368,0,1
11369,0,2
11370,0,2
11371,0,1
11372,1,1
11373,1,1
11374,1,1
11375,0,2
11376,1,1
11377,0,2
11378,1,1
11379,1,1
11380,1,1
11381,1,1
11382,1,1
11383,1,1
11384,1,1
11385,1,1
11386,1,1
11387,0,2
11388,0,2
11389,2,3
11390,0,2
11391,1,1
11392,0,2
11393,0,1
11394,1,1
11395,0,1
11396,0,1
11397,1,1
11398,0,1
11399,0,1
11400,1,1
11401,1,1
11402,1,1
11403,1,1
11404,1,1
11405,1,1
11406,0,2
11407,0,2
11408,0,2
11409,1,1
11410,0,1
11411,1,1
11412,1,1
11413,1,1
11414,1,1
11415,1,1
11416,1,1
11417,1,1
11418,0,2
11419,1,1
11420,1,1
11421,1,1
11422,0,1
11423,0,2
11424,0,2
11425,0,2
11426,1,1
11427,1,1
11428,0,2
11429,1,1
11430,1,1
11431,0,1
11432,1,1
11433,1,1
11434,1,1
11435,1,1
11436,1,1
11437,0,2
11438,0,2
11439,1,1
11440,1,1
11441,2,3
11442,1,1
11443,2,3
11444,1,1
11445,0,2
11446,1,1
11447,0,2
11448,1,1
11449,0,2
11450,0,2
11451,0,2
11452,0,2
11453,1,1
11454,1,1
11455,1,1
11456,1,1
11457,0,2
11458,1,1
11459,0,2
11460,2,0
11461,1,1
11462,1,1
11463,1,1
11464,0,2
11465,1,1
11466,1,1
11467,1,1
11468,1,1
11469,1,1
11470,1,1
11471,1,1
11472,1,1
11473,1,1
11474,1,1
11475,1,1
11476,2,3
11477,0,2
11478,1,1
11479,2,3
11480,1,1
11481,1,1
11482,0,2
11483,0,2
11484,0,1
11485,1,1
11486,1,1
11487,1,1
11488,1,1
11489,1,1
11490,1,1
11491,0,2
11492,0,2
11493,0,2
11494,1,1
11495,1,1
11496,0,2
11497,1,1
11498,2,3
11499,1,1
11500,1,1
11501,0,1
11502,0,2
11503,0,2
11504,1,1
11505,1,1
11506,1,1
11507,0,2
11508,0,2
11509,2,3
11510,0,2
11511,1,1
11512,0,1
11513,0,2
11514,1,1
11515,1,1
11516,1,1
11517,0,2
11518,1,1
11519,1,1
11520,1,1
11521,0,1
11522,0,2
11523,0,2
11524,0,1
11525,1,1
11526,1,1
11527,1,1
11528,1,1
11529,0,2
11530,0,1
11531,1,1
11532,1,1
11533,1,1
11534,0,1
11535,1,1
11536,1,1
11537,0,1
11538,1,1
11539,0,1
11540,1,1
11541,1,1
11542,1,1
11543,0,2
11544,1,1
11545,1,1
11546,2,3
11547,1,1
11548,0,1
11549,1,1
11550,1,1
11551,0,2
11552,1,1
11553,1,1
11554,1,1
11555,0,2
11556,1,1
11557,1,1
11558,1,1
11559,0,1
11560,1,1
11561,1,1
11562,1,1
11563,1,1
11564,1,1
11565,1,1
11566,0,1
11567,1,1
11568,0,2
11569,1,1
11570,2,3
11571,0,2
11572,1,1
11573,1,1
11574,1,1
11575,1,1
11576,0,2
11577,1,1
11578,0,1
11579,1,1
11580,0,2
11581,1,1
11582,1,1
11583,1,1
11584,1,1
11585,1,1
11586,1,1
11587,1,1
11588,1,1
11589,0,2
11590,1,1
11591,3,1
11592,1,1
11593,1,1
11594,1,1
11595,1,1
11596,1,1
11597,3,1
11598,1,1
11599,0,2
11600,1,1
11601,1,1
11602,1,1
11603,0,2
11604,0,2
11605,0,1
11606,1,1
11607,0,1
11608,0,2
11609,1,1
11610,0,2
11611,0,2
11612,0,1
11613,0,1
11614,1,1
11615,1,1
11616,1,1
11617,1,1
11618,0,2
11619,1,1
11620,0,2
11621,1,1
11622,1,1
11623,0,2
11624,1,1
11625,1,1
11626,0,1
11627,1,1
11628,2,3
11629,1,1
11630,1,1
11631,1,1
11632,0,2
11633,1,1
11634,0,2
11635,0,1
11636,1,1
11637,0,2
11638,2,0
11639,2,3
11640,1,1
11641,1,1
11642,0,2
11643,1,1
11644,1,1
11645,0,1
11646,1,1
11647,1,1
11648,2,3
11649,2,3
11650,1,1
11651,0,2
11652,0,1
11653,0,2
11654,2,3
11655,0,2
11656,0,2
11657,1,1
11658,0,2
11659,0,2
11660,0,2
11661,1,1
11662,1,1
11663,0,2
11664,1,1
11665,1,1
11666,1,1
11667,1,1
11668,1,1
11669,1,1
11670,0,1
11671,1,1
11672,1,1
11673,0,2
11674,1,1
11675,0,2
11676,1,1
11677,0,2
11678,0,2
11679,1,1
11680,1,1
11681,1,1
11682,1,1
11683,1,1
11684,1,1
11685,0,2
11686,1,1
11687,0,1
11688,1,1
11689,0,2
11690,1,1
11691,0,2
11692,1,1
11693,0,1
11694,0,2
11695,0,2
11696,1,1
11697,1,1
11698,0,2
11699,1,1
11700,1,1
11701,1,1
11702,1,1
11703,1,1
11704,0,1
11705,1,1
11706,1,1
11707,1,1
11708,0,2
11709,0,1
11710,1,1
11711,0,1
11712,1,1
11713,1,1
11714,0,1
11715,0,2
11716,0,2
11717,1,1
11718,1,1
11719,1,1
11720,0,2
11721,0,1
11722,0,1
11723,1,1
11724,1,1
11725,3,2
11726,1,1
11727,0,2
11728,1,1
11729,1,1
11730,1,1
11731,1,1
11732,0,2
11733,0,2
11734,1,1
11735,1,1
11736,0,1
11737,0,1
11738,1,1
11739,0,1
11740,2,3
11741,0,2
11742,0,1
11743,1,1
11744,1,1
11745,1,1
11746,0,1
11747,1,1
11748,1,1
11749,1,1
11750,0,2
11751,1,1
11752,1,1
11753,1,1
11754,0,1
11755,0,1
11756,1,1
11757,1,1
11758,0,2
11759,1,1
11760,0,2
11761,0,2
11762,1,1
11763,0,1
11764,1,1
11765,1,1
11766,1,1
11767,1,1
11768,0,2
11769,1,1
11770,0,2
11771,0,2
11772,1,1
11773,1,1
11774,0,2
11775,0,2
11776,1,1
11777,0,2
11778,1,1
11779,1,1
11780,0,2
11781,0,1
11782,1,1
11783,1,1
11784,0,1
11785,1,1
11786,1,1
11787,1,1
11788,1,1
11789,0,2
11790,0,1
11791,2,3
11792,0,1
11793,1,1
11794,0,1
11795,0,2
11796,1,1
11797,1,1
11798,1,1
11799,1,1
11800,0,1
11801,1,1
11802,0,2
11803,0,2
11804,1,1
11805,1,1
11806,0,2
11807,1,1
11808,0,2
11809,1,1
11810,1,1
11811,1,1
11812,0,1
11813,0,2
11814,0,2
11815,2,3
11816,1,1
11817,1,1
11818,0,2
11819,1,1
11820,0,1
11821,1,1
11822,1,1
11823,1,1
11824,0,1
11825,1,1
11826,0,2
11827,1,1
11828,1,1
11829,1,1
11830,1,1
11831,0,2
11832,1,1
11833,0,1
11834,1,1
11835,1,1
11836,2,0
11837,1,1
11838,1,1
11839,0,2
11840,0,2
11841,1,1
11842,0,2
11843,0,2
11844,1,1
11845,1,1
11846,1,1
11847,1,1
11848,0,2
11849,2,3
11850,1,1
11851,1,1
11852,1,1
11853,1,1
11854,1,1
11855,1,1
11856,0,2
11857,1,1
11858,0,2
11859,0,1
11860,1,1
11861,0,2
11862,1,1
11863,1,1
11864,1,1
11865,0,2
11866,1,1
11867,1,1
11868,1,1
11869,0,1
11870,1,1
11871,1,1
11872,0,2
11873,0,1
11874,1,1
11875,1,1
11876,1,1
11877,1,1
11878,0,2
11879,1,1
11880,1,1
11881,1,1
11882,0,1
11883,0,1
11884,0,2
11885,1,1
11886,1,1
11887,2,3
11888,1,1
11889,1,1
11890,0,1
11891,0,1
11892,1,1
11893,0,2
11894,0,2
11895,1,1
11896,1,1
11897,1,1
11898,0,1
11899,1,1
11900,0,2
11901,1,1
11902,1,1
11903,0,2
11904,1,1
11905,0,2
11906,1,1
11907,1,1
11908,1,1
11909,1,1
11910,1,1
11911,1,1
11912,0,2
11913,2,3
11914,0,1
11915,0,1
11916,1,1
11917,0,2
11918,1,1
11919,1,1
11920,2,3
11921,1,1
11922,1,1
11923,1,1
11924,1,1
11925,1,1
11926,0,1
11927,0,1
11928,0,1
11929,1,1
11930,0,1
11931,1,2
11932,1,1
11933,0,2
11934,2,3
11935,1,1
11936,1,1
11937,0,1
11938,1,1
11939,0,2
11940,0,2
11941,1,1
11942,1,1
11943,0,2
11944,1,1
11945,3,1
11946,1,1
11947,1,1
11948,0,2
11949,0,2
11950,1,1
11951,1,1
11952,1,1
11953,1,1
11954,1,1
11955,1,1
11956,1,1
11957,1,1
11958,0,2
11959,1,1
11960,1,1
11961,1,1
11962,1,1
11963,0,2
11964,1,1
11965,1,1
11966,1,1
11967,0,1
11968,1,1
11969,1,1
11970,2,0
11971,1,1
11972,1,1
11973,1,1
11974,1,1
11975,1,1
11976,0,1
11977,1,1
11978,0,2
11979,1,1
11980,1,1
11981,0,2
11982,1,1
11983,1,1
11984,1,1
11985,1,1
11986,0,2
11987,1,1
11988,0,1
11989,1,1
11990,0,1
11991,1,1
11992,0,1
11993,0,2
11994,1,1
11995,1,1
11996,0,2
11997,1,1
11998,0,2
11999,1,1
12000,1,1
12001,1,1
12002,1,1
12003,1,1
12004,1,1
12005,1,1
12006,1,1
12007,1,1
12008,1,1
12009,0,2
12010,2,3
12011,1,1
12012,0,2
12013,0,2
12014,1,1
12015,1,1
12016,1,1
12017,1,1
12018,1,1
12019,1,1
12020,0,1
12021,1,1
12022,1,1
12023,1,1
12024,1,1
12025,1,1
12026,0,2
12027,0,2
12028,0,2
12029,1,1
12030,0,2
12031,1,1
12032,1,1
12033,0,2
12034,1,1
12035,1,1
12036,1,1
12037,1,1
12038,0,2
12039,0,2
12040,0,1
12041,1,1
12042,1,1
12043,0,2
12044,0,2
12045,1,1
12046,2,0
12047,1,1
12048,1,1
12049,1,1
12050,1,1
12051,1,1
12052,1,1
12053,1,1
12054,1,1
12055,1,1
12056,1,1
12057,0,2
12058,1,1
12059,0,2
12060,1,1
12061,1,1
12062,1,1
12063,1,1
12064,1,1
12065,1,1
12066,1,1
12067,1,1
12068,1,1
12069,1,1
12070,0,1
12071,1,1
12072,0,2
12073,1,1
12074,1,1
12075,1,1
12076,0,2
12077,0,2
12078,1,1
12079,1,1
12080,0,2
12081,1,1
12082,1,1
12083,1,1
12084,1,1
12085,1,1
12086,1,1
12087,1,1
12088,1,1
12089,1,1
12090,1,1
12091,2,3
12092,0,2
12093,1,1
12094,1,1
12095,0,2
12096,1,1
12097,1,1
12098,1,1
12099,1,1
12100,1,1
12101,1,1
12102,1,1
12103,0,1
12104,0,2
12105,1,1
12106,1,1
12107,1,1
12108,1,1
12109,1,1
12110,1,1
12111,1,1
12112,0,2
12113,1,1
12114,0,1
12115,0,2
12116,0,2
12117,1,1
12118,0,1
12119,1,1
12120,1,1
12121,1,1
12122,1,1
12123,1,1
12124,1,1
12125,1,1
12126,0,2
12127,1,1
12128,0,2
12129,0,2
12130,0,2
12131,0,2
12132,0,2
12133,1,1
12134,0,2
12135,1,1
12136,1,1
12137,1,1
12138,0,2
12139,0,2
12140,1,1
12141,0,2
12142,1,1
12143,0,1
12144,1,1
12145,1,1
12146,0,2
12147,1,1
12148,0,2
12149,1,1
12150,2,3
12151,1,1
12152,0,2
12153,1,1
12154,1,1
12155,0,1
12156,1,1
12157,0,2
12158,1,1
12159,1,1
12160,1,1
12161,0,1
12162,1,1
12163,1,1
12164,0,1
12165,0,1
12166,1,1
12167,1,1
12168,1,1
12169,1,1
12170,1,1
12171,1,1
12172,1,1
12173,1,1
12174,1,1
12175,1,1
12176,1,1
12177,0,2
12178,0,2
12179,0,2
12180,1,1
12181,0,1
12182,0,2
12183,1,1
12184,1,1
12185,1,1
12186,0,2
12187,1,1
12188,0,2
12189,1,1
12190,1,1
12191,1,1
12192,1,1
12193,0,2
12194,1,1
12195,1,1
12196,1,1
12197,0,1
12198,0,1
12199,2,3
12200,1,1
12201,1,1
12202,0,1
12203,1,1
12204,0,2
12205,0,1
12206,1,1
12207,2,3
12208,0,1
12209,0,2
12210,0,2
12211,1,1
12212,0,2
12213,0,2
12214,0,2
12215,0,1
12216,0,2
12217,0,2
12218,0,2
12219,2,3
12220,0,2
12221,1,1
12222,0,1
12223,0,2
12224,0,1
12225,0,2
12226,0,2
12227,1,1
12228,1,1
12229,1,1
12230,1,1
12231,1,1
12232,0,2
12233,1,1
12234,0,2
12235,1,1
12236,1,1
12237,1,1
12238,0,2
12239,1,1
12240,1,1
12241,0,2
12242,1,1
12243,0,2
12244,2,3
12245,2,3
12246,1,1
12247,0,2
12248,1,1
12249,1,1
12250,0,2
12251,1,1
12252,1,1
12253,1,1
12254,0,2
12255,1,1
12256,1,1
12257,1,1
12258,1,1
12259,1,1
12260,1,1
12261,0,2
12262,1,1
12263,1,1
12264,1,1
12265,1,1
12266,1,1
12267,1,1
12268,1,1
12269,0,1
12270,1,1
12271,2,3
12272,1,1
12273,0,1
12274,1,1
12275,1,1
12276,1,1
12277,1,1
12278,0,2
12279,0,2
12280,0,2
12281,0,2
12282,0,2
12283,0,1
12284,0,2
12285,1,1
12286,1,1
12287,1,1
12288,1,1
12289,1,1
12290,0,2
12291,1,1
12292,0,1
12293,1,1
12294,1,1
12295,0,2
12296,1,1
12297,0,2
12298,0,2
12299,0,2
12300,0,2
12301,0,2
12302,1,1
12303,1,1
12304,1,1
12305,1,1
12306,1,1
12307,0,1
12308,0,1
12309,1,1
12310,0,2
12311,1,1
12312,0,1
12313,1,1
12314,1,1
12315,0,2
12316,1,1
12317,1,1
12318,1,1
12319,1,1
12320,1,1
12321,1,1
12322,1,1
12323,0,2
12324,1,1
12325,1,1
12326,1,1
12327,1,1
12328,1,1
12329,0,2
12330,1,1
12331,1,1
12332,2,3
12333,1,1
12334,1,1
12335,1,1
12336,1,1
12337,0,2
12338,1,1
12339,1,1
12340,0,2
12341,2,3
12342,0,1
12343,0,2
12344,0,1
12345,1,1
12346,0,2
12347,0,2
12348,1,1
12349,1,1
12350,1,1
12351,1,1
12352,1,1
12353,1,1
12354,0,1
12355,0,2
12356,1,1
12357,1,1
12358,1,1
12359,1,1
12360,1,1
12361,1,1
12362,1,1
12363,0,1
12364,0,2
12365,1,1
12366,1,1
12367,1,1
12368,2,3
12369,0,2
12370,0,2
12371,1,1
12372,1,1
12373,1,1
12374,1,1
12375,0,1
12376,0,2
12377,0,2
12378,0,2
12379,0,2
12380,0,2
12381,1,1
12382,0,2
12383,1,1
12384,0,2
12385,0,2
12386,1,1
12387,1,1
12388,1,1
12389,0,1
12390,0,2
12391,1,1
12392,1,1
12393,0,2
12394,0,1
12395,0,2
12396,1,1
12397,0,2
12398,1,1
12399,1,1
12400,0,1
12401,1,1
12402,0,1
12403,1,1
12404,1,1
12405,1,1
12406,0,2
12407,2,3
12408,0,1
12409,1,1
12410,2,3
12411,0,2
12412,1,1
12413,0,2
12414,0,2
12415,1,1
12416,1,1
12417,1,1
12418,0,1
12419,0,2
12420,1,1
12421,1,1
12422,3,2
12423,0,2
12424,1,1
12425,1,1
12426,1,1
12427,0,2
12428,1,1
12429,1,1
12430,1,1
12431,1,1
12432,1,1
12433,1,1
12434,0,2
12435,1,1
12436,2,3
12437,1,1
12438,0,2
12439,0,1
12440,1,1
12441,1,1
12442,0,1
12443,0,2
12444,1,1
12445,1,1
12446,0,2
12447,1,1
12448,1,1
12449,1,1
12450,0,2
12451,1,1
12452,0,2
12453,2,3
12454,3,1
12455,1,1
12456,1,1
12457,1,1
12458,0,1
12459,0,2
12460,1,1
12461,1,1
12462,0,2
12463,0,1
12464,0,2
12465,0,2
12466,1,1
12467,0,1
12468,1,1
12469,1,1
12470,0,1
12471,1,1
12472,1,1
12473,1,1
12474,1,1
12475,0,1
12476,0,1
12477,1,1
12478,2,0
12479,1,1
12480,1,1
12481,1,1
12482,0,2
12483,1,1
12484,1,1
12485,1,1
12486,0,2
12487,1,1
12488,1,1
12489,1,1
12490,1,1
12491,0,2
12492,1,1
12493,1,1
12494,0,2
12495,0,2
12496,1,1
12497,0,2
12498,0,1
12499,0,2
12500,0,2
12501,2,3
12502,1,1
12503,1,1
12504,1,1
12505,1,1
12506,0,1
12507,1,1
12508,1,1
12509,0,2
12510,1,1
12511,0,2
12512,1,1
12513,1,1
12514,1,1
12515,2,3
12516,1,1
12517,0,2
12518,1,1
12519,0,2
12520,2,3
12521,0,2
12522,1,1
12523,1,1
12524,1,1
12525,1,1
12526,0,2
12527,2,0
12528,1,1
12529,1,1
12530,1,1
12531,0,2
12532,1,1
12533,1,1
12534,1,1
12535,1,1
12536,0,2
12537,1,1
12538,1,1
12539,2,3
12540,0,1
12541,0,2
12542,1,1
12543,0,2
12544,1,1
12545,1,1
12546,0,1
12547,0,2
12548,0,2
12549,0,1
12550,0,2
12551,0,2
12552,1,1
12553,1,1
12554,1,1
12555,0,2
12556,0,1
12557,1,1
12558,1,1
12559,0,2
12560,0,1
12561,1,1
12562,1,1
12563,0,1
12564,1,1
12565,1,1
12566,0,2
12567,1,1
12568,1,1
12569,0,2
12570,1,1
12571,1,1
12572,0,2
12573,1,1
12574,1,1
12575,1,1
12576,0,1
12577,0,1
12578,0,2
12579,0,1
12580,1,1
12581,0,2
12582,1,1
12583,0,2
12584,1,1
12585,0,2
12586,1,1
12587,0,2
12588,1,1
12589,1,1
12590,1,1
12591,0,1
12592,1,1
12593,1,1
12594,1,1
12595,1,1
12596,0,1
12597,1,1
12598,1,1
12599,0,2
12600,0,2
12601,1,1
12602,0,1
12603,0,1
12604,1,1
12605,2,3
12606,1,1
12607,1,1
12608,0,2
12609,1,1
12610,0,2
12611,0,2
12612,1,1
12613,0,2
12614,1,1
12615,0,1
12616,2,3
12617,1,1
12618,1,1
12619,1,1
12620,0,2
12621,1,1
12622,0,1
12623,1,1
12624,1,1
12625,0,2
12626,0,1
12627,1,1
12628,1,1
12629,0,2
12630,1,1
12631,0,1
12632,1,1
12633,1,1
12634,0,2
12635,0,2
12636,1,1
12637,1,1
12638,0,2
12639,0,2
12640,1,1
12641,1,1
12642,1,1
12643,1,1
12644,2,0
12645,0,2
12646,1,1
12647,0,1
12648,1,1
12649,0,2
12650,0,1
12651,0,2
12652,1,1
12653,1,1
12654,1,1
12655,1,1
12656,1,1
12657,1,1
12658,1,1
12659,0,2
12660,1,1
12661,1,1
12662,0,2
12663,1,1
12664,0,2
12665,1,1
12666,1,1
12667,1,1
12668,1,1
12669,0,2
12670,1,1
12671,0,1
12672,1,1
12673,1,1
12674,0,2
12675,0,2
12676,1,1
12677,1,1
12678,0,2
12679,1,1
12680,1,1
12681,1,1
12682,1,1
12683,0,2
12684,1,1
12685,1,1
12686,1,1
12687,1,1
12688,0,1
12689,1,1
12690,0,2
12691,0,1
12692,1,1
12693,1,1
12694,1,1
12695,0,2
12696,1,1
12697,1,1
12698,0,2
12699,1,1
12700,1,1
12701,1,1
12702,1,1
12703,1,1
12704,2,3
12705,1,1
12706,0,2
12707,1,1
12708,0,1
12709,1,1
12710,1,1
12711,0,2
12712,1,1
12713,0,1
12714,1,1
12715,1,1
12716,0,1
12717,1,1
12718,1,1
12719,1,1
12720,0,2
12721,1,1
12722,1,1
12723,1,1
12724,1,1
12725,1,1
12726,1,1
12727,0,1
12728,2,0
12729,2,3
12730,0,2
12731,1,1
12732,1,1
12733,1,1
12734,2,3
12735,1,1
12736,1,1
12737,1,1
12738,1,1
12739,1,1
12740,1,1
12741,1,1
12742,0,2
12743,2,3
12744,1,1
12745,1,1
12746,1,1
12747,1,1
12748,1,1
12749,0,1
12750,1,1
12751,1,1
12752,1,1
12753,1,1
12754,0,1
12755,1,1
12756,1,1
12757,0,2
12758,2,0
12759,0,2
12760,0,2
12761,0,2
12762,1,1
12763,0,2
12764,0,1
12765,0,2
12766,0,2
12767,0,1
12768,2,0
12769,1,1
12770,1,1
12771,1,1
12772,1,1
12773,0,1
12774,2,3
12775,0,1
12776,0,1
12777,0,2
12778,1,1
12779,0,2
12780,1,1
12781,1,1
12782,0,1
12783,0,2
12784,0,1
12785,1,1
12786,1,1
12787,1,1
12788,1,1
12789,1,1
12790,1,1
12791,0,2
12792,1,1
12793,0,2
12794,1,1
12795,1,1
12796,1,1
12797,1,1
12798,1,1
12799,1,1
12800,1,1
12801,0,1
12802,1,1
12803,1,1
12804,1,1
12805,1,1
12806,1,1
12807,1,1
12808,0,1
12809,2,3
12810,1,1
12811,1,1
12812,1,1
12813,2,3
12814,0,2
12815,0,1
12816,1,1
12817,0,2
12818,0,2
12819,1,1
12820,1,1
12821,1,1
12822,1,1
12823,1,1
12824,1,1
12825,2,3
12826,0,1
12827,1,1
12828,1,1
12829,0,2
12830,1,1
12831,0,1
12832,1,1
12833,0,2
12834,0,1
12835,0,1
12836,1,1
12837,1,1
12838,1,1
12839,0,1
12840,1,1
12841,1,1
12842,0,1
12843,0,2
12844,1,1
12845,0,2
12846,1,1
12847,1,1
12848,1,1
12849,1,1
12850,1,1
12851,1,1
12852,1,1
12853,1,1
12854,0,2
12855,1,1
12856,1,1
12857,0,1
12858,1,1
12859,1,1
12860,1,1
12861,1,1
12862,0,1
12863,1,1
12864,1,1
12865,2,3
12866,1,1
12867,1,1
12868,1,1
12869,0,1
12870,0,2
12871,1,1
12872,0,1
12873,0,2
12874,2,3
12875,1,1
12876,1,1
12877,1,1
12878,1,1
12879,1,1
12880,1,1
12881,1,1
12882,1,1
12883,0,1
12884,1,1
12885,1,1
12886,1,1
12887,1,1
12888,1,1
12889,0,1
12890,1,1
12891,0,2
12892,1,1
12893,1,1
12894,1,1
12895,2,3
12896,0,1
12897,1,1
12898,0,2
12899,0,2
12900,1,1
12901,0,1
12902,1,1
12903,1,1
12904,1,1
12905,1,1
12906,0,2
12907,0,2
12908,1,1
12909,1,1
12910,1,1
12911,2,3
12912,0,1
12913,0,2
12914,1,1
12915,1,1
12916,1,1
12917,1,1
12918,1,1
12919,1,1
12920,1,1
12921,1,1
12922,1,1
12923,1,1
12924,1,1
12925,2,0
12926,0,1
12927,1,1
12928,0,2
12929,1,1
12930,0,2
12931,0,2
12932,1,1
12933,1,1
12934,1,1
12935,1,1
12936,0,1
12937,0,2
12938,0,2
12939,2,3
12940,1,1
12941,1,1
12942,0,1
12943,1,1
12944,1,1
12945,0,1
12946,0,2
12947,0,2
12948,1,1
12949,1,1
12950,1,1
12951,1,1
12952,1,1
12953,1,1
12954,1,1
12955,0,2
12956,1,1
12957,1,1
12958,1,1
12959,2,0
12960,1,1
12961,3,2
12962,0,2
12963,1,1
12964,0,1
12965,0,1
12966,1,1
12967,0,1
12968,0,2
12969,1,1
12970,1,1
12971,0,2
12972,1,1
12973,0,1
12974,1,1
12975,0,1
12976,1,1
12977,1,1
12978,0,2
12979,0,1
12980,0,2
12981,1,1
12982,1,1
12983,1,1
12984,0,2
12985,1,1
12986,0,2
12987,1,1
12988,1,1
12989,1,1
12990,1,1
12991,0,2
12992,1,1
12993,0,1
12994,1,1
12995,1,1
12996,1,1
12997,1,1
12998,1,1
12999,1,1
13000,1,1
13001,1,1
13002,0,1
13003,1,1
13004,0,2
13005,0,2
13006,1,1
13007,1,1
13008,1,1
13009,1,1
13010,1,1
13011,0,2
13012,0,2
13013,1,1
13014,1,1
13015,1,1
13016,1,1
13017,1,1
13018,1,1
13019,0,2
13020,1,1
13021,1,1
13022,0,2
13023,1,1
13024,0,2
13025,1,1
13026,0,1
13027,2,3
13028,1,1
13029,0,2
13030,0,1
13031,0,1
13032,1,1
13033,1,1
13034,1,1
13035,1,1
13036,1,1
13037,0,1
13038,1,1
13039,1,1
13040,1,1
13041,1,1
13042,1,1
13043,0,2
13044,1,1
13045,1,1
13046,1,1
13047,1,1
13048,1,1
13049,1,1
13050,0,2
13051,1,1
13052,0,1
13053,1,1
13054,1,1
13055,2,0
13056,1,1
13057,1,1
13058,1,1
13059,0,1
13060,0,2
13061,1,1
13062,0,2
13063,1,1
13064,1,1
13065,0,2
13066,1,1
13067,1,1
13068,1,1
13069,1,1
13070,0,1
13071,1,1
13072,1,1
13073,1,1
13074,3,2
13075,1,1
13076,0,2
13077,1,1
13078,1,1
13079,1,1
13080,1,1
13081,1,1
13082,1,1
13083,0,1
13084,1,1
13085,0,2
13086,1,1
13087,1,1
13088,1,1
13089,1,1
13090,1,1
13091,1,1
13092,1,1
13093,1,1
13094,0,1
13095,1,1
13096,1,1
13097,0,2
13098,0,2
13099,0,1
13100,0,2
13101,1,1
13102,0,2
13103,2,3
13104,1,1
13105,1,1
13106,0,1
13107,1,1
13108,1,1
13109,1,1
13110,0,1
13111,1,1
13112,1,1
13113,1,1
13114,1,1
13115,1,1
13116,0,2
13117,1,1
13118,1,1
13119,1,1
13120,1,1
13121,1,1
13122,0,2
13123,0,2
13124,1,1
13125,1,1
13126,0,2
13127,1,1
13128,1,1
13129,1,1
13130,1,1
13131,1,1
13132,0,2
13133,0,2
13134,0,2
13135,1,1
13136,1,1
13137,0,1
13138,1,1
13139,1,1
13140,0,1
13141,1,1
13142,1,1
13143,1,1
13144,1,1
13145,0,2
13146,1,1
13147,1,1
13148,1,1
13149,0,2
13150,1,1
13151,1,1
13152,1,1
13153,1,1
13154,0,1
13155,1,1
13156,1,1
13157,0,2
13158,0,2
13159,0,2
13160,0,2
13161,1,1
13162,0,1
13163,1,1
13164,1,1
13165,0,2
13166,0,2
13167,1,1
13168,1,1
13169,2,0
13170,1,1
13171,1,1
13172,1,1
13173,2,3
13174,1,1
13175,0,2
13176,2,3
13177,1,1
13178,0,2
13179,1,1
13180,1,1
13181,0,1
13182,1,1
13183,0,2
13184,0,1
13185,1,1
13186,3,2
13187,1,1
13188,1,1
13189,1,1
13190,1,1
13191,1,1
13192,1,1
13193,1,1
13194,0,2
13195,0,2
13196,1,1
13197,0,2
13198,1,1
13199,0,2
13200,0,1
13201,1,1
13202,1,1
13203,1,1
13204,2,0
13205,1,1
13206,1,1
13207,0,1
13208,1,1
13209,1,1
13210,1,1
13211,0,2
13212,1,1
13213,1,1
13214,0,1
13215,1,1
13216,1,1
13217,0,2
13218,0,2
13219,1,1
13220,1,1
13221,1,1
13222,2,3
13223,1,1
13224,0,1
13225,1,1
13226,0,2
13227,0,1
13228,1,1
13229,0,2
13230,1,1
13231,1,1
13232,1,1
13233,1,1
13234,0,2
13235,1,1
13236,1,1
13237,0,1
13238,2,0
13239,1,1
13240,0,1
13241,0,2
13242,1,1
13243,0,1
13244,0,2
13245,1,1
13246,0,2
13247,1,1
13248,2,3
13249,0,2
13250,1,1
13251,0,1
13252,0,2
13253,1,1
13254,1,1
13255,1,1
13256,1,1
13257,1,1
13258,2,3
13259,1,1
13260,1,1
13261,0,1
13262,0,2
13263,1,1
13264,0,2
13265,1,1
13266,1,1
13267,1,1
13268,1,1
13269,0,2
13270,0,2
13271,1,1
13272,0,2
13273,0,2
13274,1,1
13275,1,1
13276,1,1
13277,1,1
13278,1,1
13279,1,1
13280,1,1
13281,1,1
13282,1,1
13283,1,1
13284,0,2
13285,0,2
13286,1,1
13287,0,2
13288,0,2
13289,1,1
13290,1,1
13291,0,2
13292,0,2
13293,1,1
13294,1,1
13295,1,1
13296,1,1
13297,0,2
13298,1,1
13299,0,1
13300,0,2
13301,0,1
13302,1,1
13303,1,1
13304,0,2
13305,0,2
13306,1,1
13307,0,1
13308,1,1
13309,1,1
13310,1,1
13311,1,1
13312,0,1
13313,1,1
13314,1,1
13315,0,2
13316,0,2
13317,1,1
13318,1,1
13319,0,2
13320,0,2
13321,1,1
13322,0,2
13323,0,1
13324,1,1
13325,0,2
13326,2,3
13327,0,1
13328,0,1
13329,1,1
13330,0,2
13331,1,1
13332,0,2
13333,0,1
13334,0,2
13335,1,1
13336,0,1
13337,1,1
13338,0,2
13339,1,1
13340,1,1
13341,2,3
13342,1,1
13343,2,3
13344,0,2
13345,1,1
13346,1,1
13347,1,1
13348,1,1
13349,0,2
13350,1,1
13351,1,1
13352,1,1
13353,0,2
13354,1,1
13355,1,1
13356,1,1
13357,1,1
13358,1,1
13359,1,1
13360,1,1
13361,0,1
13362,1,1
13363,1,1
13364,1,1
13365,1,1
13366,1,1
13367,0,1
13368,0,2
13369,1,1
13370,1,1
13371,1,1
13372,1,1
13373,1,1
13374,1,1
13375,1,1
13376,0,2
13377,1,1
13378,0,2
13379,1,1
13380,1,1
13381,1,1
13382,1,1
13383,0,1
13384,1,1
13385,1,1
13386,1,1
13387,1,1
13388,1,1
13389,0,2
13390,0,2
13391,1,1
13392,1,1
13393,1,1
13394,0,2
13395,1,1
13396,0,2
13397,2,3
13398,1,1
13399,0,2
13400,1,1
13401,1,1
13402,1,1
13403,0,1
13404,0,1
13405,1,1
13406,0,2
13407,1,1
13408,0,2
13409,1,1
13410,1,1
13411,1,1
13412,1,1
13413,0,2
13414,1,1
13415,1,1
13416,1,1
13417,0,1
13418,0,2
13419,0,1
13420,1,1
13421,1,1
13422,1,1
13423,0,1
13424,1,1
13425,0,1
13426,1,1
13427,1,1
13428,1,1
13429,1,1
13430,1,1
13431,1,1
13432,0,1
13433,1,1
13434,1,1
13435,1,1
13436,1,1
13437,1,1
13438,0,1
13439,1,1
13440,0,1
13441,1,1
13442,0,2
13443,1,1
13444,1,1
13445,1,1
13446,1,1
13447,0,1
13448,0,2
13449,1,1
13450,0,2
13451,0,1
13452,0,2
13453,1,1
13454,1,1
13455,1,1
13456,0,1
13457,1,1
13458,0,2
13459,1,1
13460,2,3
13461,1,1
13462,2,3
13463,2,3
13464,0,1
13465,1,1
13466,1,1
13467,1,1
13468,1,1
13469,1,1
13470,1,1
13471,0,2
13472,1,1
13473,1,1
13474,0,1
13475,0,1
13476,0,2
13477,1,1
13478,0,2
13479,2,3
13480,1,1
13481,1,1
13482,0,2
13483,0,2
13484,1,1
13485,1,1
13486,1,1
13487,0,2
13488,1,1
13489,1,1
13490,1,1
13491,0,2
13492,1,1
13493,0,2
13494,1,1
13495,2,0
13496,0,1
13497,1,1
13498,3,2
13499,1,1
13500,1,1
13501,0,2
13502,1,1
13503,0,2
13504,1,1
13505,0,2
13506,0,2
13507,1,1
13508,1,1
13509,0,2
13510,1,1
13511,1,1
13512,0,1
13513,0,2
13514,1,1
13515,0,1
13516,0,1
13517,0,2
13518,0,2
13519,1,1
13520,1,1
13521,0,1
13522,1,1
13523,1,1
13524,1,1
13525,0,2
13526,1,1
13527,1,1
13528,1,1
13529,1,1
13530,0,2
13531,1,1
13532,2,0
13533,1,1
13534,0,1
13535,1,1
13536,1,1
13537,1,1
13538,0,2
13539,1,1
13540,1,1
13541,0,2
13542,1,1
13543,1,1
13544,0,1
13545,1,1
13546,1,1
13547,1,1
13548,1,1
13549,0,2
13550,1,1
13551,0,2
13552,1,1
13553,0,2
13554,0,1
13555,1,1
13556,0,1
13557,1,1
13558,0,1
13559,1,1
13560,1,1
13561,1,1
13562,1,1
13563,0,2
13564,1,1
13565,0,2
13566,0,1
13567,1,1
13568,1,1
13569,0,2
13570,1,1
13571,0,2
13572,1,1
13573,1,1
13574,0,2
13575,1,1
13576,1,1
13577,0,1
13578,0,2
13579,1,1
13580,1,1
13581,0,2
13582,1,1
13583,1,1
13584,1,1
13585,0,2
13586,1,1
13587,0,1
13588,1,1
13589,1,1
13590,1,1
13591,1,1
13592,1,1
13593,0,1
13594,1,1
13595,0,2
13596,1,1
13597,0,2
13598,1,1
13599,0,1
13600,1,1
13601,1,1
13602,1,1
13603,1,1
13604,1,1
13605,1,1
13606,1,1
13607,1,1
13608,0,2
13609,1,1
13610,0,2
13611,1,1
13612,1,1
13613,1,1
13614,1,1
13615,1,1
13616,1,1
13617,0,2
13618,1,1
13619,1,1
13620,1,1
13621,1,1
13622,0,2
13623,0,2
13624,0,2
13625,0,1
13626,1,1
13627,0,2
13628,1,1
13629,1,1
13630,1,1
13631,1,1
13632,1,1
13633,0,2
13634,1,1
13635,0,2
13636,0,1
13637,1,1
13638,1,1
13639,1,1
13640,0,1
13641,0,1
13642,0,2
13643,0,1
13644,1,1
13645,0,2
13646,0,1
13647,1,1
13648,1,1
13649,1,1
13650,0,2
13651,1,1
13652,2,3
13653,1,1
13654,0,2
13655,0,2
13656,1,1
13657,0,1
13658,2,3
13659,1,1
13660,1,1
13661,2,3
13662,0,2
13663,1,1
13664,1,1
13665,0,2
13666,0,2
13667,1,1
13668,0,1
13669,0,1
13670,1,1
13671,0,2
13672,0,1
13673,0,1
13674,1,1
13675,1,1
13676,1,1
13677,0,1
13678,0,2
13679,1,1
13680,1,1
13681,1,1
13682,1,1
13683,0,2
13684,1,1
13685,2,3
13686,1,1
13687,0,1
13688,0,2
13689,1,1
13690,1,1
13691,0,1
13692,0,2
13693,1,1
13694,1,1
13695,1,1
13696,1,1
13697,0,2
13698,0,2
13699,2,3
13700,0,2
13701,1,1
13702,1,1
13703,1,1
13704,0,1
13705,1,1
13706,0,1
13707,1,1
13708,0,1
13709,1,1
13710,1,1
13711,0,1
13712,0,2
13713,1,1
13714,0,1
13715,1,1
13716,1,1
13717,1,1
13718,1,1
13719,0,2
13720,0,2
13721,1,1
13722,0,2
13723,2,3
13724,0,1
13725,0,2
13726,0,2
13727,1,1
13728,1,1
13729,0,1
13730,1,1
13731,3,2
13732,1,1
13733,0,1
13734,1,1
13735,0,2
13736,1,1
13737,2,3
13738,2,3
13739,0,2
13740,1,1
13741,0,1
13742,2,3
13743,0,2
13744,1,1
13745,1,1
13746,0,2
13747,1,1
13748,1,1
13749,1,1
13750,0,2
13751,0,2
13752,1,1
13753,1,1
13754,1,1
13755,1,1
13756,1,1
13757,1,1
13758,1,1
13759,0,2
13760,0,2
13761,1,1
13762,1,1
13763,1,1
13764,0,1
13765,2,3
13766,1,1
13767,0,2
13768,0,1
13769,2,3
13770,1,1
13771,1,1
13772,1,1
13773,0,2
13774,1,1
13775,1,1
13776,1,1
13777,1,1
13778,0,2
13779,1,1
13780,1,1
13781,1,1
13782,0,2
13783,0,1
13784,1,1
13785,1,1
13786,1,1
13787,1,1
13788,1,1
13789,1,1
13790,0,2
13791,0,2
13792,1,1
13793,0,2
13794,1,1
13795,1,1
13796,0,1
13797,1,1
13798,1,1
13799,1,1
13800,1,1
13801,0,1
13802,1,1
13803,0,2
13804,1,1
13805,0,2
13806,0,2
13807,1,1
13808,1,1
13809,1,1
13810,1,1
13811,1,1
13812,0,2
13813,0,1
13814,0,2
13815,0,2
13816,1,1
13817,0,2
13818,1,1
13819,0,1
13820,0,1
13821,1,1
13822,1,1
13823,1,1
13824,1,1
13825,0,1
13826,0,2
13827,1,1
13828,1,1
13829,0,2
13830,0,2
13831,0,1
13832,1,1
13833,1,1
13834,1,1
13835,1,1
13836,0,2
13837,0,1
13838,1,1
13839,0,1
13840,0,1
13841,1,1
13842,1,1
13843,1,1
13844,0,2
13845,0,2
13846,1,1
13847,1,1
13848,0,1
13849,0,1
13850,0,1
13851,1,1
13852,1,1
13853,1,1
13854,0,2
13855,1,1
13856,0,2
13857,0,2
13858,0,1
13859,0,2
13860,0,2
13861,0,1
13862,1,1
13863,1,1
13864,1,1
13865,1,1
13866,1,1
13867,1,1
13868,1,1
13869,1,1
13870,1,1
13871,1,1
13872,1,1
13873,1,1
13874,1,1
13875,1,1
13876,0,2
13877,1,1
13878,0,2
13879,0,2
13880,0,1
13881,2,3
13882,2,3
13883,0,2
13884,2,0
13885,0,1
13886,0,2
13887,0,2
13888,1,1
13889,1,1
13890,1,1
13891,0,2
13892,1,1
13893,0,2
13894,0,1
13895,0,2
13896,1,1
13897,0,2
13898,0,1
13899,0,2
13900,0,2
13901,0,2
13902,1,1
13903,0,2
13904,1,1
13905,1,1
13906,1,1
13907,1,1
13908,0,2
13909,0,1
13910,1,1
13911,0,2
13912,0,2
13913,1,1
13914,0,2
13915,1,1
13916,1,1
13917,1,1
13918,0,1
13919,1,1
13920,1,1
13921,1,1
13922,1,1
13923,1,1
13924,0,2
13925,0,1
13926,0,2
13927,1,1
13928,1,1
13929,1,1
13930,0,2
13931,1,1
13932,1,1
13933,0,1
13934,1,1
13935,1,1
13936,1,1
13937,1,1
13938,0,2
13939,1,1
13940,1,1
13941,1,1
13942,1,1
13943,0,2
13944,1,1
13945,1,1
13946,1,1
13947,1,1
13948,1,1
13949,1,1
13950,1,1
13951,1,1
13952,0,1
13953,1,1
13954,1,1
13955,1,1
13956,0,2
13957,0,1
13958,1,1
13959,0,1
13960,0,1
13961,0,2
13962,2,3
13963,1,1
13964,0,1
13965,0,2
13966,1,1
13967,1,1
13968,1,1
13969,0,1
13970,0,2
13971,0,2
13972,0,2
13973,1,1
13974,0,2
13975,1,1
13976,0,2
13977,0,1
13978,1,1
13979,1,1
13980,0,2
13981,1,1
13982,0,1
13983,1,1
13984,0,2
13985,1,1
13986,0,1
13987,3,2
13988,1,1
13989,1,1
13990,1,1
13991,1,1
13992,1,1
13993,1,1
13994,0,2
13995,0,2
13996,1,1
13997,1,1
13998,1,1
13999,1,1
14000,2,3
14001,1,1
14002,0,1
14003,1,1
14004,0,1
14005,0,2
14006,0,2
14007,1,1
14008,0,1
14009,0,2
14010,1,1
14011,1,1
14012,1,1
14013,1,1
14014,1,1
14015,1,1
14016,0,1
14017,0,2
14018,0,2
14019,1,1
14020,1,1
14021,1,1
14022,1,1
14023,1,1
14024,1,1
14025,1,1
14026,0,2
14027,1,1
14028,1,1
14029,1,1
14030,1,1
14031,0,2
14032,1,1
14033,1,1
14034,0,2
14035,1,1
14036,0,1
14037,0,2
14038,1,1
14039,1,1
14040,1,1
14041,1,1
14042,1,1
14043,1,1
14044,0,2
14045,1,1
14046,1,1
14047,1,1
14048,1,1
14049,1,1
14050,1,1
14051,0,2
14052,1,1
14053,1,1
14054,1,1
14055,2,3
14056,1,1
14057,0,2
14058,1,1
14059,1,1
14060,1,1
14061,0,2
14062,0,1
14063,1,1
14064,1,1
14065,0,1
14066,1,1
14067,1,1
14068,0,2
14069,0,1
14070,0,2
14071,1,1
14072,0,1
14073,0,2
14074,1,1
14075,1,1
14076,1,1
14077,0,1
14078,1,1
14079,1,1
14080,1,1
14081,1,1
14082,1,1
14083,1,1
14084,0,2
14085,1,1
14086,1,1
14087,1,1
14088,1,1
14089,0,2
14090,0,1
14091,0,1
14092,0,2
14093,0,2
14094,1,1
14095,1,1
14096,1,1
14097,1,1
14098,0,1
14099,1,1
14100,1,1
14101,0,3
14102,1,1
14103,0,2
14104,0,1
14105,0,2
14106,1,1
14107,1,1
14108,1,1
14109,0,2
14110,1,1
14111,0,1
14112,1,1
14113,1,1
14114,1,1
14115,1,1
14116,2,3
14117,1,1
14118,1,1
14119,1,1
14120,1,1
14121,1,1
14122,1,1
14123,1,1
14124,1,1
14125,0,2
14126,1,1
14127,0,2
14128,1,1
14129,0,2
14130,2,0
14131,1,1
14132,1,1
14133,0,2
14134,2,3
14135,0,2
14136,1,1
14137,0,2
14138,2,3
14139,1,1
14140,1,1
14141,1,1
14142,1,1
14143,0,1
14144,1,1
14145,1,1
14146,1,1
14147,1,1
14148,0,2
14149,2,3
14150,0,2
14151,1,1
14152,1,1
14153,0,1
14154,3,2
14155,0,1
14156,1,1
14157,1,1
14158,0,2
14159,1,1
14160,1,1
14161,1,1
14162,1,1
14163,0,1
14164,0,2
14165,1,1
14166,1,1
14167,1,1
14168,1,1
14169,0,1
14170,1,1
14171,1,1
14172,1,1
14173,1,1
14174,1,1
14175,1,1
14176,1,1
14177,1,1
14178,1,1
14179,0,1
14180,2,3
14181,1,1
14182,2,3
14183,1,1
14184,1,1
14185,1,1
14186,0,2
14187,1,1
14188,1,1
14189,0,2
14190,1,1
14191,0,2
14192,1,1
14193,0,1
14194,0,2
14195,1,1
14196,0,1
14197,0,2
14198,0,2
14199,1,1
14200,1,1
14201,2,3
14202,0,2
14203,0,2
14204,1,1
14205,0,2
14206,0,2
14207,1,1
14208,1,1
14209,1,1
14210,0,2
14211,0,2
14212,0,2
14213,1,1
14214,0,2
14215,1,1
14216,0,2
14217,1,1
14218,0,2
14219,1,1
14220,0,2
14221,1,1
14222,0,2
14223,1,1
14224,1,1
14225,1,1
14226,0,1
14227,1,1
14228,1,1
14229,1,1
14230,1,1
14231,1,1
14232,0,2
14233,1,1
14234,0,1
14235,0,2
14236,0,1
14237,1,1
14238,0,2
14239,0,1
14240,1,1
14241,1,1
14242,1,1
14243,1,1
14244,0,1
14245,1,1
14246,0,1
14247,1,1
14248,1,1
14249,1,1
14250,1,1
14251,1,1
14252,0,2
14253,0,2
14254,0,1
14255,1,1
14256,1,1
14257,0,2
14258,0,2
14259,1,1
14260,1,1
14261,0,1
14262,0,2
14263,1,1
14264,0,2
14265,1,1
14266,1,1
14267,0,1
14268,1,1
14269,0,1
14270,0,1
14271,1,1
14272,1,1
14273,1,1
14274,1,1
14275,1,1
14276,1,1
14277,0,1
14278,0,2
14279,0,1
14280,1,1
14281,0,1
14282,1,1
14283,1,1
14284,0,2
14285,1,1
14286,1,1
14287,0,2
14288,0,2
14289,0,1
14290,0,1
14291,1,1
14292,1,1
14293,0,2
14294,2,3
14295,1,1
14296,1,1
14297,1,1
14298,0,1
14299,1,1
14300,0,2
14301,0,1
14302,0,2
14303,0,2
14304,1,1
14305,1,1
14306,1,1
14307,1,1
14308,0,2
14309,1,1
14310,1,1
14311,0,2
14312,0,1
14313,1,1
14314,0,2
14315,1,1
14316,2,3
14317,1,1
14318,1,1
14319,1,1
14320,1,1
14321,1,1
14322,1,1
14323,1,1
14324,1,1
14325,0,1
14326,0,2
14327,0,2
14328,0,1
14329,1,1
14330,1,1
14331,2,3
14332,0,2
14333,1,1
14334,1,1
14335,1,1
14336,1,1
14337,1,1
14338,1,1
14339,0,1
14340,0,2
14341,1,1
14342,1,1
14343,2,3
14344,1,1
14345,1,1
14346,0,2
14347,1,1
14348,0,2
14349,1,1
14350,2,0
14351,1,1
14352,1,1
14353,1,1
14354,1,1
14355,0,2
14356,0,2
14357,1,1
14358,0,2
14359,1,1
14360,1,1
14361,1,1
14362,1,1
14363,1,1
14364,0,2
14365,1,1
14366,1,1
14367,1,1
14368,0,2
14369,1,1
14370,1,1
14371,1,1
14372,1,1
14373,1,1
14374,1,1
14375,0,2
14376,1,1
14377,0,2
14378,1,1
14379,1,1
14380,1,1
14381,0,2
14382,1,1
14383,0,1
14384,2,3
14385,1,1
14386,1,1
14387,1,1
14388,0,2
14389,1,1
14390,1,1
14391,0,1
14392,1,1
14393,0,1
14394,1,1
14395,1,1
14396,1,1
14397,1,1
14398,1,1
14399,0,2
14400,1,1
14401,1,1
14402,0,2
14403,1,1
14404,1,1
14405,0,2
14406,0,2
14407,0,1
14408,0,2
14409,1,1
14410,0,1
14411,0,2
14412,1,1
14413,2,3
14414,1,1
14415,1,1
14416,0,2
14417,2,0
14418,1,1
14419,1,1
14420,1,1
14421,0,1
14422,1,1
14423,1,1
14424,1,1
14425,1,1
14426,1,1
14427,1,1
14428,1,1
14429,1,1
14430,1,1
14431,2,0
14432,0,2
14433,1,1
14434,0,2
14435,1,1
14436,1,1
14437,1,3
14438,0,1
14439,1,1
14440,1,1
14441,0,2
14442,0,2
14443,2,3
14444,1,1
14445,1,1
14446,0,2
14447,0,1
14448,1,1
14449,1,1
14450,0,2
14451,0,2
14452,0,2
14453,3,2
14454,1,1
14455,1,1
14456,1,1
14457,2,3
14458,0,3
14459,1,1
14460,1,1
14461,1,1
14462,0,2
14463,1,1
14464,0,2
14465,0,2
14466,2,3
14467,1,1
14468,1,1
14469,1,1
14470,0,2
14471,2,3
14472,0,2
14473,0,2
14474,1,1
14475,0,2
14476,2,0
14477,1,1
14478,0,1
14479,0,2
14480,1,1
14481,1,1
14482,1,1
14483,1,1
14484,0,2
14485,1,1
14486,0,1
14487,0,2
14488,1,1
14489,0,2
14490,1,1
14491,1,1
14492,0,1
14493,0,1
14494,0,1
14495,1,1
14496,0,2
14497,1,1
14498,1,1
14499,0,2
14500,0,1
14501,0,2
14502,1,1
14503,0,1
14504,0,2
14505,0,1
14506,0,2
14507,1,1
14508,1,1
14509,0,2
14510,1,1
14511,0,2
14512,1,1
14513,0,2
14514,2,3
14515,0,2
14516,1,1
14517,0,2
14518,1,1
14519,1,1
14520,1,1
14521,0,2
14522,1,1
14523,1,1
14524,1,1
14525,1,1
14526,2,3
14527,1,1
14528,1,1
14529,0,1
14530,0,1
14531,1,1
14532,2,3
14533,1,1
14534,1,1
14535,1,1
14536,1,1
14537,0,2
14538,1,1
14539,1,1
14540,0,1
14541,2,3
14542,2,3
14543,0,2
14544,1,1
14545,2,0
14546,1,1
14547,0,2
14548,0,1
14549,1,1
14550,1,1
14551,0,2
14552,0,2
14553,0,1
14554,1,1
14555,1,1
14556,1,1
14557,1,1
14558,1,1
14559,1,1
14560,1,1
14561,1,1
14562,1,1
14563,1,1
14564,1,1
14565,0,1
14566,0,2
14567,1,1
14568,0,2
14569,0,2
14570,2,3
14571,1,1
14572,0,2
14573,1,1
14574,0,2
14575,3,1
14576,0,2
14577,0,2
14578,1,1
14579,0,1
14580,1,1
14581,0,1
14582,0,2
14583,0,2
14584,1,1
14585,1,1
14586,0,2
14587,1,1
14588,1,1
14589,1,1
14590,1,1
14591,0,1
14592,1,1
14593,1,1
14594,0,2
14595,0,2
14596,0,1
14597,0,2
14598,1,1
14599,1,1
14600,1,1
14601,1,1
14602,1,1
14603,1,1
14604,0,2
14605,0,2
14606,0,2
14607,1,1
14608,1,1
14609,1,1
14610,1,1
14611,0,2
14612,0,2
14613,0,1
14614,2,3
14615,0,1
14616,1,1
14617,0,2
14618,1,1
14619,0,2
14620,0,1
14621,2,3
14622,1,1
14623,0,2
14624,0,2
14625,0,1
14626,1,1
14627,1,1
14628,0,1
14629,1,1
14630,1,1
14631,1,1
14632,1,1
14633,1,1
14634,0,1
14635,0,1
14636,1,1
14637,2,3
14638,1,1
14639,0,2
14640,1,1
14641,1,1
14642,0,1
14643,1,1
14644,1,1
14645,0,1
14646,0,2
14647,1,1
14648,1,1
14649,0,1
14650,1,1
14651,1,1
14652,1,1
14653,1,1
14654,1,1
14655,1,1
14656,1,1
14657,0,1
14658,1,1
14659,1,1
14660,1,1
14661,1,1
14662,1,1
14663,1,1
14664,0,2
14665,2,3
14666,1,1
14667,0,2
14668,1,1
14669,0,2
14670,1,1
14671,1,1
14672,1,1
14673,1,1
14674,1,1
14675,1,1
14676,1,1
14677,0,1
14678,1,1
14679,0,2
14680,1,1
14681,1,1
14682,1,1
14683,1,1
14684,1,1
14685,1,1
14686,0,2
14687,0,1
14688,2,3
14689,1,1
14690,1,1
14691,0,2
14692,1,1
14693,1,1
14694,0,1
14695,1,1
14696,1,1
14697,0,2
14698,1,1
14699,0,1
14700,0,1
14701,0,2
14702,1,1
14703,1,1
14704,1,1
14705,0,2
14706,0,2
14707,0,2
14708,1,1
14709,0,2
14710,1,1
14711,1,1
14712,1,1
14713,1,1
14714,1,1
14715,1,1
14716,0,1
14717,1,1
14718,0,2
14719,0,1
14720,1,1
14721,0,2
14722,1,1
14723,1,1
14724,1,1
14725,1,1
14726,1,1
14727,1,1
14728,0,1
14729,1,1
14730,1,1
14731,2,3
14732,1,1
14733,3,1
14734,1,1
14735,1,1
14736,2,0
14737,1,1
14738,0,2
14739,1,1
14740,1,1
14741,2,3
14742,2,3
14743,0,1
14744,1,1
14745,1,1
14746,1,1
14747,1,1
14748,0,2
14749,1,1
14750,1,1
14751,0,1
14752,1,1
14753,1,1
14754,0,2
14755,1,1
14756,2,3
14757,0,2
14758,1,1
14759,1,1
14760,1,1
14761,0,1
14762,1,1
14763,1,1
14764,0,1
14765,1,1
14766,0,2
14767,0,1
14768,2,3
14769,1,1
14770,0,2
14771,2,3
14772,1,1
14773,1,1
14774,0,2
14775,1,1
14776,0,1
14777,1,1
14778,1,1
14779,0,2
14780,1,1
14781,1,1
14782,1,1
14783,0,1
14784,1,1
14785,0,2
14786,1,1
14787,1,1
14788,0,2
14789,0,2
14790,1,1
14791,1,1
14792,1,1
14793,1,1
14794,1,1
14795,0,1
14796,1,1
14797,1,1
14798,0,2
14799,1,1
14800,1,1
14801,2,3
14802,1,1
14803,1,1
14804,1,1
14805,0,1
14806,1,1
14807,1,1
14808,1,1
14809,1,1
14810,1,1
14811,1,1
14812,1,1
14813,1,1
14814,1,1
14815,1,1
14816,1,1
14817,0,2
14818,1,1
14819,1,1
14820,1,1
14821,1,1
14822,0,1
14823,0,2
14824,0,2
14825,1,1
14826,1,1
14827,0,1
14828,0,2
14829,0,2
14830,1,1
14831,0,1
14832,1,1
14833,0,2
14834,0,1
14835,1,1
14836,1,1
14837,1,1
14838,0,1
14839,1,1
14840,1,1
14841,1,1
14842,1,1
14843,1,1
14844,1,1
14845,2,0
14846,1,1
14847,1,1
14848,1,1
14849,0,2
14850,1,1
14851,1,1
14852,0,1
14853,1,1
14854,1,1
14855,1,1
14856,1,1
14857,1,1
14858,1,1
14859,1,1
14860,1,1
14861,0,2
14862,0,1
14863,1,1
14864,0,1
14865,1,1
14866,1,1
14867,1,1
14868,1,1
14869,0,1
14870,0,2
14871,1,1
14872,0,2
14873,1,1
14874,1,1
14875,0,1
14876,1,1
14877,1,1
14878,1,1
14879,0,2
14880,1,1
14881,0,1
14882,1,1
14883,0,2
14884,1,1
14885,1,1
14886,1,1
14887,1,1
14888,1,1
14889,0,1
14890,1,1
14891,1,1
14892,0,2
14893,1,1
14894,0,1
14895,1,1
14896,1,1
14897,1,1
14898,0,2
14899,1,1
14900,1,1
14901,1,1
14902,2,3
14903,0,1
14904,1,1
14905,1,1
14906,1,1
14907,1,1
14908,0,2
14909,0,2
14910,1,1
14911,1,1
14912,1,1
14913,1,1
14914,1,1
14915,0,2
14916,1,1
14917,0,1
14918,0,1
14919,0,2
14920,0,1
14921,0,2
14922,0,2
14923,2,3
14924,0,2
14925,1,1
14926,0,2
14927,1,1
14928,1,1
14929,1,1
14930,1,1
14931,1,1
14932,0,1
14933,1,1
14934,1,1
14935,1,1
14936,1,1
14937,1,1
14938,1,1
14939,1,1
14940,1,1
14941,1,1
14942,0,1
14943,0,2
14944,1,1
14945,1,1
14946,0,1
14947,2,3
14948,2,3
14949,1,1
14950,0,2
14951,1,1
14952,0,2
14953,0,1
14954,1,1
14955,1,1
14956,1,1
14957,0,2
14958,2,0
14959,1,1
14960,1,1
14961,1,1
14962,1,1
14963,1,1
14964,1,1
14965,0,2
14966,1,1
14967,1,1
14968,0,1
14969,2,3
14970,1,1
14971,1,1
14972,0,2
14973,1,1
14974,0,2
14975,1,1
14976,1,1
14977,3,2
14978,0,1
14979,2,0
14980,0,2
14981,1,1
14982,1,1
14983,1,1
14984,1,1
14985,1,1
14986,0,2
14987,1,1
14988,1,1
14989,0,2
14990,1,1
14991,0,2
14992,1,1
14993,0,2
14994,1,1
14995,0,2
14996,1,1
14997,1,1
14998,1,1
14999,1,1
15000,1,1
15001,1,1
15002,1,1
15003,1,1
15004,0,2
15005,2,3
15006,1,1
15007,1,1
15008,1,1
15009,1,1
15010,1,1
15011,0,2
15012,1,1
15013,0,2
15014,1,1
15015,1,1
15016,1,1
15017,1,1
15018,1,1
15019,0,2
15020,1,1
15021,1,1
15022,2,3
15023,1,1
15024,1,1
15025,1,1
15026,1,1
15027,0,2
15028,1,1
15029,1,1
15030,1,1
15031,1,1
15032,1,1
15033,1,1
15034,1,1
15035,1,1
15036,0,1
15037,0,1
15038,0,1
15039,1,1
15040,0,2
15041,1,1
15042,0,1
15043,0,2
15044,1,1
15045,1,1
15046,1,1
15047,1,1
15048,0,2
15049,1,1
15050,1,1
15051,0,1
15052,1,1
15053,1,1
15054,1,1
15055,1,1
15056,0,2
15057,0,2
15058,1,1
15059,0,1
15060,0,2
15061,0,2
15062,0,2
15063,0,2
15064,0,2
15065,1,1
15066,2,0
15067,1,1
15068,0,1
15069,1,1
15070,1,1
15071,1,1
15072,1,1
15073,0,2
15074,0,1
15075,1,1
15076,0,1
15077,1,1
15078,1,1
15079,0,1
15080,1,1
15081,0,1
15082,1,1
15083,2,3
15084,1,1
15085,1,1
15086,0,1
15087,1,1
15088,0,1
15089,1,1
15090,1,1
15091,1,1
15092,1,1
15093,1,1
15094,0,2
15095,1,1
15096,1,1
15097,1,1
15098,1,1
15099,2,3
15100,0,1
15101,1,1
15102,1,1
15103,0,2
15104,0,2
15105,1,1
15106,0,2
15107,1,1
15108,1,1
15109,1,1
15110,1,1
15111,0,1
15112,1,1
15113,2,3
15114,1,1
15115,1,1
15116,1,1
15117,1,1
15118,0,1
15119,0,2
15120,1,1
15121,1,1
15122,0,2
15123,0,1
15124,0,1
15125,0,2
15126,0,2
15127,0,2
15128,0,2
15129,1,1
15130,0,1
15131,0,2
15132,1,1
15133,1,1
15134,1,1
15135,0,1
15136,2,0
15137,1,1
15138,0,2
15139,1,1
15140,1,1
15141,0,2
15142,0,1
15143,0,2
15144,1,1
15145,1,1
15146,0,2
15147,1,1
15148,0,2
15149,1,1
15150,0,1
15151,0,2
15152,0,2
15153,2,3
15154,1,1
15155,1,1
15156,1,1
15157,0,1
15158,1,1
15159,1,1
15160,1,1
15161,0,2
15162,0,1
15163,1,1
15164,1,1
15165,1,1
15166,1,1
15167,0,2
15168,0,2
15169,1,1
15170,0,2
15171,0,1
15172,1,1
15173,0,2
15174,1,1
15175,1,1
15176,1,1
15177,0,2
15178,0,2
15179,1,1
15180,0,2
15181,0,2
15182,0,1
15183,0,1
15184,1,1
15185,1,1
15186,1,1
15187,1,1
15188,1,1
15189,1,1
15190,0,2
15191,1,1
15192,0,1
15193,0,2
15194,1,1
15195,0,2
15196,1,1
15197,1,1
15198,1,1
15199,1,1
15200,0,2
15201,1,1
15202,0,2
15203,1,1
15204,1,1
15205,0,1
15206,3,2
15207,1,1
15208,1,1
15209,1,1
15210,1,1
15211,1,1
15212,0,2
15213,1,1
15214,1,1
15215,1,1
15216,1,1
15217,0,1
15218,1,1
15219,1,1
15220,0,2
15221,1,1
15222,1,1
15223,1,1
15224,0,1
15225,0,1
15226,0,2
15227,1,1
15228,1,1
15229,0,2
15230,0,2
15231,0,2
15232,1,1
15233,1,1
15234,1,1
15235,1,1
15236,1,1
15237,2,3
15238,0,2
15239,1,1
15240,1,1
15241,0,2
15242,1,1
15243,0,2
15244,1,1
15245,1,1
15246,1,1
15247,0,1
15248,0,2
15249,0,1
15250,1,1
15251,1,1
15252,0,2
15253,0,1
15254,1,1
15255,0,2
15256,0,1
15257,1,1
15258,1,1
15259,1,1
15260,1,1
15261,1,1
15262,0,2
15263,0,2
15264,1,1
15265,0,2
15266,0,2
15267,0,2
15268,1,1
15269,0,1
15270,0,2
15271,0,2
15272,1,1
15273,1,1
15274,1,1
15275,0,2
15276,1,1
15277,0,1
15278,1,1
15279,1,1
15280,0,2
15281,1,1
15282,0,2
15283,2,3
15284,1,1
15285,1,1
15286,1,1
15287,1,1
15288,1,1
15289,0,1
15290,1,1
15291,1,1
15292,1,1
15293,0,1
15294,1,1
15295,1,1
15296,0,2
15297,0,2
15298,0,2
15299,1,1
15300,1,1
15301,0,2
15302,0,2
15303,1,1
15304,1,1
15305,1,1
15306,1,1
15307,1,1
15308,1,1
15309,1,1
15310,1,1
15311,1,1
15312,1,1
15313,1,1
15314,0,2
15315,1,1
15316,0,1
15317,0,2
15318,0,2
15319,1,1
15320,1,1
15321,1,1
15322,0,1
15323,0,2
15324,1,1
15325,0,1
15326,1,1
15327,1,1
15328,1,1
15329,1,1
15330,1,1
15331,1,1
15332,0,2
15333,0,1
15334,1,1
15335,1,1
15336,0,2
15337,1,1
15338,1,1
15339,1,1
15340,1,1
15341,0,1
15342,1,1
15343,1,1
15344,1,1
15345,1,1
15346,1,1
15347,0,2
15348,1,1
15349,1,1
15350,0,1
15351,1,1
15352,2,3
15353,1,1
15354,1,1
15355,1,1
15356,0,2
15357,0,1
15358,2,3
15359,1,1
15360,0,2
15361,0,2
15362,0,2
15363,0,1
15364,0,1
15365,1,1
15366,2,3
15367,1,1
15368,1,1
15369,0,2
15370,1,1
15371,1,1
15372,1,1
15373,0,2
15374,2,3
15375,0,1
15376,1,1
15377,1,1
15378,0,2
15379,2,3
15380,1,1
15381,1,1
15382,1,1
15383,0,1
15384,0,2
15385,0,2
15386,1,1
15387,1,1
15388,0,1
15389,1,1
15390,0,2
15391,0,2
15392,0,2
15393,0,1
15394,0,2
15395,0,1
15396,0,1
15397,1,1
15398,0,2
15399,1,1
15400,0,2
15401,0,2
15402,2,0
15403,1,1
15404,1,1
15405,0,1
15406,1,1
15407,0,2
15408,0,2
15409,1,1
15410,0,1
15411,1,1
15412,1,1
15413,1,1
15414,0,2
15415,1,1
15416,1,1
15417,2,3
15418,0,2
15419,1,1
15420,1,1
15421,0,1
15422,1,1
15423,0,2
15424,1,1
15425,0,2
15426,0,1
15427,2,0
15428,1,1
15429,1,1
15430,0,2
15431,1,1
15432,1,1
15433,1,1
15434,0,2
15435,0,1
15436,2,3
15437,0,2
15438,1,1
15439,1,1
15440,1,1
15441,1,1
15442,1,1
15443,0,1
15444,0,1
15445,1,1
15446,0,1
15447,1,1
15448,0,2
15449,1,1
15450,0,1
15451,1,1
15452,1,1
15453,1,1
15454,1,1
15455,0,2
15456,0,1
15457,1,1
15458,1,1
15459,1,1
15460,1,1
15461,0,1
15462,0,2
15463,0,1
15464,0,2
15465,0,2
15466,0,2
15467,1,1
15468,0,2
15469,1,1
15470,0,1
15471,1,1
15472,0,2
15473,0,2
15474,0,2
15475,1,1
15476,1,1
15477,1,1
15478,1,1
15479,1,1
15480,1,1
15481,1,1
15482,2,3
15483,0,2
15484,1,1
15485,0,2
15486,0,1
15487,2,3
15488,0,1
15489,1,1
15490,1,1
15491,1,1
15492,1,1
15493,1,1
15494,0,2
15495,1,1
15496,0,2
15497,1,1
15498,1,1
15499,1,1
15500,1,1
15501,0,2
15502,1,1
15503,1,1
15504,3,2
15505,2,3
15506,0,2
15507,0,2
15508,1,1
15509,1,1
15510,0,1
15511,1,1
15512,1,1
15513,0,2
15514,1,1
15515,0,2
15516,1,1
15517,1,1
15518,1,1
15519,0,2
15520,1,1
15521,1,1
15522,1,1
15523,0,2
15524,1,1
15525,1,1
15526,1,1
15527,1,1
15528,1,1
15529,1,1
15530,1,1
15531,1,1
15532,1,1
15533,1,1
15534,1,1
15535,1,1
15536,0,2
15537,0,2
15538,1,1
15539,1,1
15540,0,2
15541,0,2
15542,1,1
15543,0,1
15544,1,1
15545,1,1
15546,2,0
15547,0,2
15548,0,2
15549,1,1
15550,2,3
15551,1,1
15552,1,1
15553,0,1
15554,2,0
15555,1,1
15556,0,2
15557,0,1
15558,0,2
15559,1,1
15560,1,1
15561,2,3
15562,1,1
15563,0,2
15564,0,1
15565,0,2
15566,1,1
15567,1,1
15568,1,1
15569,1,1
15570,0,2
15571,2,3
15572,1,1
15573,1,1
15574,1,1
15575,1,1
15576,1,1
15577,0,1
15578,1,1
15579,1,1
15580,1,1
15581,0,2
15582,1,1
15583,1,1
15584,0,2
15585,1,1
15586,0,2
15587,1,1
15588,0,2
15589,1,1
15590,1,1
15591,1,1
15592,1,1
15593,1,1
15594,0,2
15595,1,1
15596,1,1
15597,1,1
15598,0,2
15599,0,2
15600,1,1
15601,1,1
15602,1,1
15603,0,2
15604,1,1
15605,1,1
15606,1,1
15607,1,1
15608,1,1
15609,1,1
15610,1,1
15611,1,1
15612,0,2
15613,0,2
15614,0,1
15615,1,1
15616,1,1
15617,0,2
15618,1,1
15619,0,2
15620,1,1
15621,1,1
15622,0,2
15623,1,1
15624,1,1
15625,2,3
15626,0,2
15627,1,1
15628,1,1
15629,0,1
15630,1,1
15631,1,1
15632,0,2
15633,1,1
15634,1,1
15635,1,1
15636,0,2
15637,0,2
15638,1,1
15639,1,1
15640,1,1
15641,1,1
15642,0,2
15643,0,2
15644,1,1
15645,1,1
15646,0,2
15647,1,1
15648,1,1
15649,1,1
15650,1,1
15651,0,2
15652,1,1
15653,1,1
15654,0,1
15655,0,2
15656,0,2
15657,0,2
15658,1,1
15659,1,1
15660,0,1
15661,0,2
15662,0,2
15663,1,1
15664,1,1
15665,0,2
15666,0,2
15667,0,2
15668,1,1
15669,0,2
15670,0,1
15671,0,2
15672,1,1
15673,1,1
15674,1,1
15675,1,1
15676,1,1
15677,0,1
15678,0,2
15679,1,1
15680,1,1
15681,0,1
15682,1,1
15683,0,2
15684,1,1
15685,0,2
15686,1,1
15687,1,1
15688,0,2
15689,1,1
15690,1,1
15691,0,1
15692,0,1
15693,0,2
15694,1,1
15695,0,2
15696,1,1
15697,1,1
15698,1,1
15699,1,1
15700,0,1
15701,1,1
15702,1,1
15703,0,1
15704,1,1
15705,1,1
15706,1,1
15707,2,0
15708,0,2
15709,0,2
15710,0,2
15711,0,2
15712,0,1
15713,1,1
15714,1,1
15715,0,2
15716,0,2
15717,1,1
15718,1,1
15719,0,1
15720,1,1
15721,0,2
15722,1,1
15723,0,2
15724,1,1
15725,1,1
15726,1,1
15727,1,1
15728,1,1
15729,1,1
15730,0,2
15731,1,1
15732,0,2
15733,0,1
15734,0,2
15735,0,1
15736,1,1
15737,1,1
15738,1,1
15739,1,1
15740,1,1
15741,0,2
15742,1,1
15743,2,0
15744,1,1
15745,0,2
15746,0,2
15747,1,1
15748,1,1
15749,1,1
15750,1,1
15751,1,1
15752,1,1
15753,1,1
15754,1,1
15755,1,1
15756,0,2
15757,1,1
15758,0,2
15759,0,2
15760,0,2
15761,0,2
15762,1,1
15763,0,2
15764,1,1
15765,1,1
15766,1,1
15767,1,1
15768,1,1
15769,2,3
15770,1,1
15771,1,1
15772,0,1
15773,1,1
15774,1,1
15775,0,1
15776,1,1
15777,1,1
15778,1,1
15779,1,1
15780,1,1
15781,0,2
15782,0,1
15783,1,1
15784,1,1
15785,1,1
15786,1,1
15787,0,2
15788,1,1
15789,1,1
15790,2,3
15791,0,2
15792,0,2
15793,2,3
15794,1,1
15795,1,1
15796,1,1
15797,0,2
15798,1,1
15799,1,1
15800,0,1
15801,0,2
15802,1,1
15803,1,1
15804,1,1
15805,1,1
15806,1,1
15807,1,1
15808,0,2
15809,0,1
15810,1,1
15811,1,1
15812,0,2
15813,1,1
15814,1,1
15815,1,1
15816,0,2
15817,0,1
15818,1,1
15819,1,1
15820,1,1
15821,1,1
15822,1,1
15823,1,1
15824,1,1
15825,1,1
15826,1,1
15827,0,2
15828,1,1
15829,1,1
15830,1,1
15831,1,1
15832,1,1
15833,0,2
15834,1,1
15835,1,1
15836,1,1
15837,1,1
15838,0,1
15839,0,2
15840,0,1
15841,1,1
15842,1,1
15843,1,1
15844,1,1
15845,1,1
15846,2,0
15847,0,2
15848,0,2
15849,1,1
15850,1,1
15851,0,1
15852,2,0
15853,0,1
15854,1,1
15855,1,1
15856,0,1
15857,1,1
15858,0,2
15859,1,1
15860,0,2
15861,0,1
15862,0,2
15863,1,1
15864,1,1
15865,1,1
15866,0,2
15867,1,1
15868,1,1
15869,0,2
15870,0,2
15871,0,1
15872,1,1
15873,1,1
15874,1,1
15875,2,3
15876,1,1
15877,0,2
15878,0,1
15879,1,1
15880,1,1
15881,1,1
15882,1,1
15883,1,1
15884,1,1
15885,0,2
15886,1,1
15887,1,1
15888,0,2
15889,0,2
15890,0,1
15891,1,1
15892,1,1
15893,1,1
15894,0,2
15895,1,1
15896,1,1
15897,0,2
15898,1,1
15899,0,1
15900,0,1
15901,1,1
15902,1,1
15903,0,1
15904,0,1
15905,1,1
15906,0,2
15907,0,2
15908,0,2
15909,1,1
15910,1,1
15911,1,1
15912,0,2
15913,0,2
15914,1,1
15915,0,2
15916,1,1
15917,1,1
15918,1,1
15919,0,1
15920,1,1
15921,1,1
15922,1,1
15923,0,2
15924,1,1
15925,1,1
15926,1,1
15927,1,1
15928,1,1
15929,0,2
15930,1,1
15931,1,1
15932,0,2
15933,0,2
15934,0,2
15935,1,1
15936,1,1
15937,2,3
15938,1,1
15939,0,1
15940,1,1
15941,0,2
15942,1,1
15943,1,1
15944,0,2
15945,1,1
15946,0,1
15947,0,1
15948,0,1
15949,1,1
15950,1,1
15951,1,1
15952,0,2
15953,1,1
15954,1,1
15955,0,2
15956,1,1
15957,0,2
15958,1,1
15959,2,3
15960,2,3
15961,1,1
15962,1,1
15963,1,1
15964,1,1
15965,1,1
15966,1,1
15967,1,1
15968,1,1
15969,0,1
15970,0,2
15971,0,2
15972,1,1
15973,1,1
15974,0,1
15975,1,1
15976,1,1
15977,0,1
15978,1,1
15979,0,2
15980,1,1
15981,1,1
15982,0,1
15983,0,1
15984,2,0
15985,1,1
15986,1,1
15987,1,1
15988,1,1
15989,0,2
15990,0,2
15991,0,2
15992,1,1
15993,1,1
15994,2,3
15995,0,2
15996,1,1
15997,1,1
15998,1,1
15999,2,3
16000,1,1
16001,0,2
16002,1,1
16003,1,1
16004,1,1
16005,1,1
16006,0,2
16007,0,1
16008,1,1
16009,1,1
16010,1,1
16011,2,3
16012,2,3
16013,0,1
16014,0,2
16015,1,1
16016,1,1
16017,2,3
16018,1,1
16019,1,1
16020,1,1
16021,1,1
16022,1,1
16023,1,1
16024,2,3
16025,0,2
16026,1,1
16027,0,1
16028,1,1
16029,1,1
16030,1,1
16031,1,1
16032,0,1
16033,0,2
16034,1,1
16035,0,2
16036,1,1
16037,1,1
16038,1,1
16039,1,1
16040,1,1
16041,1,1
16042,2,3
16043,1,1
16044,0,2
16045,0,2
16046,0,1
16047,0,1
16048,0,1
16049,1,1
16050,1,1
16051,0,2
16052,1,1
16053,1,1
16054,3,2
16055,0,2
16056,1,1
16057,0,1
16058,1,1
16059,1,1
16060,1,1
16061,0,2
16062,0,1
16063,0,2
16064,1,1
16065,1,1
16066,1,1
16067,0,1
16068,1,1
16069,1,1
16070,2,3
16071,1,1
16072,0,1
16073,1,1
16074,0,2
16075,1,1
16076,1,1
16077,1,1
16078,1,1
16079,0,1
16080,1,1
16081,0,2
16082,0,2
16083,0,2
16084,0,2
16085,1,1
16086,1,1
16087,0,2
16088,1,1
16089,1,1
16090,0,2
16091,2,0
16092,1,1
16093,0,2
16094,0,1
16095,1,1
16096,0,2
16097,1,1
16098,1,1
16099,1,1
16100,0,2
16101,1,1
16102,0,1
16103,1,1
16104,2,3
16105,1,1
16106,1,1
16107,1,1
16108,1,1
16109,0,2
16110,2,3
16111,1,1
16112,1,1
16113,1,1
16114,0,2
16115,1,1
16116,1,1
16117,1,1
16118,2,3
16119,1,1
16120,1,1
16121,1,1
16122,1,1
16123,0,1
16124,1,1
16125,2,3
16126,0,2
16127,1,1
16128,1,1
16129,0,2
16130,1,1
16131,1,1
16132,1,1
16133,0,1
16134,1,1
16135,1,1
16136,1,1
16137,0,2
16138,0,2
16139,0,1
16140,0,2
16141,0,2
16142,1,1
16143,0,1
16144,1,1
16145,0,1
16146,1,1
16147,1,1
16148,0,2
16149,1,1
16150,1,1
16151,1,1
16152,1,1
16153,1,1
16154,1,1
16155,1,1
16156,1,1
16157,0,2
16158,1,1
16159,0,1
16160,1,1
16161,1,1
16162,1,1
16163,0,2
16164,1,1
16165,0,2
16166,1,1
16167,1,1
16168,1,1
16169,1,1
16170,1,1
16171,1,1
16172,1,1
16173,1,1
16174,1,1
16175,1,1
16176,0,1
16177,0,2
16178,1,1
16179,1,1
16180,0,1
16181,1,1
16182,1,1
16183,1,1
16184,1,1
16185,1,1
16186,1,1
16187,1,1
16188,1,1
16189,1,1
16190,1,1
16191,1,1
16192,1,1
16193,1,1
16194,1,1
16195,1,1
16196,0,2
16197,0,2
16198,1,1
16199,0,2
16200,1,1
16201,1,1
16202,1,1
16203,0,2
16204,2,3
16205,1,1
16206,1,1
16207,1,1
16208,1,1
16209,1,1
16210,1,1
16211,1,1
16212,1,1
16213,1,1
16214,2,3
16215,1,1
16216,0,2
16217,1,1
16218,1,1
16219,1,1
16220,1,1
16221,0,2
16222,0,1
16223,0,2
16224,1,1
16225,0,1
16226,1,1
16227,1,1
16228,1,1
16229,1,1
16230,1,1
16231,1,1
16232,1,1
16233,0,2
16234,1,1
16235,1,1
16236,1,1
16237,0,2
16238,0,2
16239,1,1
16240,0,2
16241,0,2
16242,0,2
16243,1,1
16244,1,1
16245,1,1
16246,0,1
16247,1,1
16248,1,1
16249,3,2
16250,0,2
16251,2,3
16252,1,1
16253,0,1
16254,1,1
16255,0,1
16256,0,1
16257,1,1
16258,1,1
16259,0,1
16260,1,1
16261,1,1
16262,0,2
16263,1,1
16264,1,1
16265,0,2
16266,1,1
16267,0,2
16268,0,2
16269,0,1
16270,1,1
16271,1,1
16272,1,1
16273,0,2
16274,0,2
16275,1,1
16276,1,1
16277,1,1
16278,0,2
16279,1,1
16280,1,1
16281,0,1
16282,1,1
16283,1,1
16284,1,1
16285,1,1
16286,1,1
16287,1,1
16288,1,1
16289,1,1
16290,1,1
16291,1,1
16292,1,1
16293,1,1
16294,1,1
16295,1,1
16296,1,1
16297,1,1
16298,1,1
16299,1,1
16300,1,1
16301,1,1
16302,1,1
16303,1,1
16304,1,1
16305,1,1
16306,0,2
16307,0,2
16308,0,2
16309,1,1
16310,0,1
16311,0,1
16312,1,1
16313,1,1
16314,1,1
16315,0,1
16316,1,1
16317,0,1
16318,1,1
16319,1,1
16320,0,1
16321,0,2
16322,0,1
16323,1,1
16324,1,1
16325,1,1
16326,1,1
16327,1,1
16328,1,1
16329,1,1
16330,0,2
16331,0,2
16332,0,2
16333,1,1
16334,0,2
16335,2,3
16336,1,1
16337,0,2
16338,1,1
16339,0,1
16340,1,1
16341,1,1
16342,1,1
16343,1,1
16344,1,1
16345,0,2
16346,1,1
16347,0,1
16348,1,1
16349,0,1
16350,1,1
16351,1,1
16352,1,1
16353,2,3
16354,1,1
16355,0,2
16356,0,2
16357,0,2
16358,1,1
16359,1,1
16360,1,1
16361,1,1
16362,1,1
16363,0,1
16364,0,1
16365,0,2
16366,0,2
16367,1,1
16368,3,1
16369,1,1
16370,1,1
16371,1,1
16372,1,1
16373,1,1
16374,0,2
16375,0,2
16376,1,1
16377,0,1
16378,1,1
16379,1,1
16380,0,1
16381,2,0
16382,0,1
16383,1,1
16384,1,1
16385,2,3
16386,1,1
16387,0,1
16388,2,3
16389,0,1
16390,0,2
16391,1,1
16392,2,3
16393,0,2
16394,1,1
16395,0,2
16396,1,1
16397,1,1
16398,1,1
16399,2,3
16400,1,1
16401,1,1
16402,1,1
16403,0,1
16404,1,1
16405,0,2
16406,1,1
16407,0,2
16408,0,1
16409,1,1
16410,0,1
16411,0,2
16412,1,1
16413,1,1
16414,1,1
16415,0,1
16416,1,1
16417,1,1
16418,1,1
16419,1,1
16420,0,2
16421,1,1
16422,1,1
16423,1,1
16424,1,1
16425,1,1
16426,0,1
16427,0,1
16428,1,1
16429,1,1
16430,0,1
16431,0,2
16432,2,0
16433,0,1
16434,0,2
16435,1,1
16436,1,1
16437,1,1
16438,0,1
16439,0,2
16440,1,1
16441,0,1
16442,0,2
16443,0,1
16444,1,1
16445,0,2
16446,1,1
16447,1,1
16448,1,1
16449,1,1
16450,0,2
16451,2,0
16452,0,2
16453,1,1
16454,0,2
16455,0,2
16456,0,2
16457,1,1
16458,1,1
16459,1,1
16460,1,1
16461,1,1
16462,0,2
16463,2,0
16464,1,1
16465,2,3
16466,1,1
16467,1,1
16468,1,1
16469,1,1
16470,1,1
16471,1,1
16472,1,1
16473,1,1
16474,0,2
16475,1,1
16476,1,1
16477,1,1
16478,1,1
16479,0,1
16480,0,2
16481,1,1
16482,3,2
16483,1,1
16484,0,2
16485,1,1
16486,1,1
16487,1,1
16488,0,1
16489,1,1
16490,1,1
16491,0,1
16492,1,1
16493,1,1
16494,1,1
16495,1,1
16496,2,0
16497,0,2
16498,2,0
16499,1,1
16500,1,1
16501,0,2
16502,1,1
16503,1,1
16504,1,1
16505,1,1
16506,0,2
16507,1,1
16508,1,1
16509,0,1
16510,0,2
16511,2,3
16512,0,2
16513,0,2
16514,0,2
16515,1,1
16516,1,1
16517,2,3
16518,1,2
16519,0,2
16520,0,2
16521,0,1
16522,0,1
16523,1,1
16524,0,1
16525,2,3
16526,0,2
16527,0,2
16528,1,1
16529,1,1
16530,0,1
16531,0,1
16532,0,1
16533,0,2
16534,1,1
16535,0,2
16536,0,2
16537,1,1
16538,0,1
16539,1,1
16540,0,1
16541,1,1
16542,0,1
16543,0,2
16544,0,2
16545,0,2
16546,1,1
16547,1,1
16548,1,1
16549,1,1
16550,0,2
16551,1,1
16552,1,1
16553,1,1
16554,1,1
16555,1,1
16556,1,1
16557,0,2
16558,1,1
16559,1,1
16560,2,3
16561,0,2
16562,1,1
16563,1,1
16564,1,1
16565,1,1
16566,1,1
16567,1,1
16568,1,1
16569,1,1
16570,1,1
16571,0,1
16572,0,2
16573,1,1
16574,1,1
16575,1,1
16576,1,1
16577,1,1
16578,1,1
16579,1,1
16580,1,1
16581,1,1
16582,0,1
16583,0,1
16584,2,3
16585,1,1
16586,1,1
16587,1,1
16588,0,2
16589,1,1
16590,1,1
16591,1,1
16592,1,1
16593,1,1
16594,1,1
16595,1,1
16596,1,1
16597,1,1
16598,1,1
16599,0,1
16600,1,1
16601,0,2
16602,0,2
16603,1,1
16604,0,2
16605,1,1
16606,0,2
16607,1,1
16608,1,1
16609,0,2
16610,1,1
16611,1,1
16612,0,1
16613,1,1
16614,1,1
16615,0,1
16616,1,1
16617,1,1
16618,1,1
16619,0,2
16620,0,2
16621,0,2
16622,1,1
16623,1,1
16624,1,1
16625,1,1
16626,1,1
16627,1,1
16628,1,1
16629,0,2
16630,2,3
16631,0,2
16632,1,1
16633,1,1
16634,2,3
16635,1,1
16636,1,1
16637,1,1
16638,1,1
16639,0,2
16640,0,2
16641,1,1
16642,0,2
16643,1,1
16644,1,1
16645,1,1
16646,1,1
16647,1,1
16648,1,1
16649,1,1
16650,1,1
16651,0,2
16652,1,1
16653,0,2
16654,0,2
16655,1,1
16656,2,3
16657,1,1
16658,1,1
16659,0,2
16660,2,3
16661,0,2
16662,1,1
16663,1,1
16664,1,1
16665,1,1
16666,1,1
16667,1,1
16668,1,1
16669,0,2
16670,1,1
16671,1,1
16672,1,1
16673,1,1
16674,1,1
16675,1,1
16676,0,2
16677,1,1
16678,0,1
16679,1,1
16680,0,1
16681,1,1
16682,1,1
16683,1,1
16684,0,2
16685,1,1
16686,0,2
16687,1,1
16688,0,2
16689,1,1
16690,0,1
16691,0,1
16692,1,1
16693,2,0
16694,1,1
16695,0,2
16696,2,3
16697,0,1
16698,2,3
16699,0,1
16700,1,1
16701,0,1
16702,0,2
16703,0,1
16704,1,1
16705,0,2
16706,1,1
16707,1,1
16708,1,1
16709,0,1
16710,0,1
16711,0,1
16712,1,1
16713,1,1
16714,1,1
16715,1,1
16716,1,1
16717,0,1
16718,1,1
16719,1,1
16720,1,1
16721,0,2
16722,1,1
16723,1,1
16724,0,2
16725,0,2
16726,1,1
16727,1,1
16728,0,2
16729,1,1
16730,1,1
16731,1,1
16732,1,1
16733,1,1
16734,0,2
16735,0,2
16736,1,1
16737,1,1
16738,1,1
16739,1,1
16740,0,2
16741,1,1
16742,0,2
16743,1,1
16744,0,2
16745,1,1
16746,0,2
16747,2,3
16748,1,1
16749,2,3
16750,1,1
16751,0,2
16752,0,2
16753,1,1
16754,1,1
16755,2,0
16756,1,1
16757,1,1
16758,1,1
16759,3,2
16760,1,1
16761,0,2
16762,0,2
16763,1,1
16764,0,2
16765,1,1
16766,0,2
16767,1,1
16768,1,1
16769,1,1
16770,1,1
16771,1,1
16772,0,1
16773,1,1
16774,1,1
16775,1,1
16776,1,1
16777,1,1
16778,1,1
16779,1,1
16780,0,1
16781,0,1
16782,1,1
16783,0,1
16784,0,1
16785,1,1
16786,0,2
16787,1,1
16788,0,2
16789,0,1
16790,0,1
16791,2,3
16792,1,1
16793,0,2
16794,1,1
16795,1,1
16796,0,2
16797,1,1
16798,1,1
16799,1,1
16800,1,1
16801,0,2
16802,1,1
16803,0,1
16804,3,1
16805,1,1
16806,1,1
16807,0,1
16808,1,1
16809,1,1
16810,0,2
16811,2,3
16812,1,1
16813,0,2
16814,0,1
16815,0,2
16816,0,1
16817,1,1
16818,0,1
16819,1,1
16820,0,2
16821,0,1
16822,2,3
16823,0,2
16824,2,3
16825,1,1
16826,0,1
16827,2,0
16828,1,1
16829,1,1
16830,1,1
16831,0,2
16832,1,1
16833,0,2
16834,0,2
16835,1,1
16836,1,1
16837,0,2
16838,1,1
16839,1,1
16840,0,1
16841,1,1
16842,1,1
16843,0,2
16844,1,1
16845,1,1
16846,1,1
16847,1,1
16848,1,1
16849,1,1
16850,1,1
16851,1,1
16852,1,1
16853,1,1
16854,1,1
16855,0,2
16856,0,1
16857,0,1
16858,2,0
16859,1,1
16860,2,3
16861,1,1
16862,1,1
16863,1,1
16864,0,2
16865,0,1
16866,1,1
16867,1,1
16868,0,2
16869,1,1
16870,1,1
16871,1,1
16872,0,1
16873,1,1
16874,1,1
16875,1,1
16876,1,1
16877,1,1
16878,1,1
16879,1,1
16880,0,2
16881,1,1
16882,1,1
16883,0,1
16884,1,1
16885,1,1
16886,1,1
16887,0,2
16888,0,1
16889,1,1
16890,0,2
16891,1,1
16892,1,1
16893,0,2
16894,1,1
16895,1,1
16896,0,1
16897,0,1
16898,1,1
16899,1,1
16900,0,2
16901,0,1
16902,0,1
16903,0,2
16904,0,1
16905,1,1
16906,0,2
16907,1,1
16908,0,2
16909,1,1
16910,1,1
16911,1,1
16912,1,1
16913,0,1
16914,0,2
16915,0,1
16916,1,1
16917,0,2
16918,0,2
16919,0,1
16920,1,1
16921,1,1
16922,0,2
16923,1,1
16924,1,1
16925,0,1
16926,1,1
16927,0,2
16928,0,2
16929,1,1
16930,1,1
16931,1,1
16932,1,1
16933,0,2
16934,1,1
16935,1,1
16936,1,1
16937,0,2
16938,0,1
16939,1,1
16940,0,2
16941,0,1
16942,0,1
16943,1,1
16944,1,1
16945,1,1
16946,1,1
16947,1,1
16948,0,1
16949,0,1
16950,0,1
16951,0,2
16952,1,1
16953,1,1
16954,1,1
16955,0,1
16956,1,1
16957,1,1
16958,1,1
16959,1,1
16960,1,1
16961,1,1
16962,1,1
16963,0,2
16964,0,1
16965,1,1
16966,1,1
16967,1,1
16968,1,1
16969,1,1
16970,1,1
16971,1,1
16972,2,3
16973,1,1
16974,1,1
16975,1,1
16976,1,1
16977,1,1
16978,3,2
16979,1,1
16980,1,1
16981,1,1
16982,1,1
16983,0,2
16984,1,1
16985,0,2
16986,0,2
16987,1,1
16988,2,3
16989,1,1
16990,2,3
16991,1,1
16992,1,1
16993,0,2
16994,1,1
16995,0,1
16996,0,1
16997,1,1
16998,0,2
16999,1,1
17000,1,1
17001,0,1
17002,1,1
17003,1,1
17004,1,1
17005,1,1
17006,1,1
17007,1,1
17008,1,1
17009,0,2
17010,1,1
17011,0,2
17012,0,1
17013,1,1
17014,1,1
17015,0,2
17016,0,2
17017,0,2
17018,1,1
17019,1,1
17020,2,3
17021,0,2
17022,0,1
17023,1,1
17024,0,2
17025,1,1
17026,0,1
17027,2,3
17028,1,1
17029,0,1
17030,1,1
17031,1,1
17032,1,1
17033,0,2
17034,1,1
17035,2,3
17036,0,2
17037,1,1
17038,1,1
17039,0,2
17040,0,2
17041,1,1
17042,1,1
17043,1,1
17044,1,1
17045,0,1
17046,1,1
17047,0,2
17048,0,2
17049,2,0
17050,1,1
17051,1,1
17052,0,2
17053,1,1
17054,0,2
17055,0,2
17056,0,2
17057,1,1
17058,1,1
17059,1,1
17060,1,1
17061,3,2
17062,1,1
17063,0,2
17064,1,1
17065,0,2
17066,1,1
17067,0,1
17068,0,1
17069,2,3
17070,0,2
17071,0,2
17072,2,3
17073,1,1
17074,1,1
17075,1,1
17076,1,1
17077,1,1
17078,0,1
17079,0,1
17080,1,1
17081,0,2
17082,1,1
17083,1,1
17084,0,1
17085,1,1
17086,1,1
17087,1,1
17088,0,2
17089,1,1
17090,1,1
17091,1,1
17092,1,1
17093,0,2
17094,0,1
17095,1,1
17096,1,1
17097,1,1
17098,1,1
17099,1,1
17100,0,2
17101,1,1
17102,0,2
17103,2,3
17104,0,2
17105,1,1
17106,1,1
17107,0,2
17108,0,1
17109,1,1
17110,1,1
17111,1,1
17112,3,2
17113,1,1
17114,1,1
17115,1,1
17116,0,1
17117,1,1
17118,0,1
17119,0,1
17120,0,2
17121,1,1
17122,1,1
17123,1,1
17124,1,1
17125,1,1
17126,0,2
17127,1,1
17128,1,1
17129,1,1
17130,0,2
17131,1,1
17132,1,1
17133,0,2
17134,1,1
17135,1,1
17136,0,2
17137,1,1
17138,0,1
17139,1,1
17140,1,1
17141,0,1
17142,0,1
17143,0,1
17144,1,1
17145,1,1
17146,1,1
17147,1,1
17148,1,1
17149,1,1
17150,1,1
17151,1,1
17152,0,1
17153,0,1
17154,1,1
17155,1,1
17156,1,1
17157,0,2
17158,0,1
17159,1,1
17160,1,1
17161,1,1
17162,1,1
17163,1,1
17164,1,1
17165,1,1
17166,0,1
17167,0,2
17168,0,2
17169,0,2
17170,1,1
17171,1,1
17172,1,1
17173,2,3
17174,1,1
17175,0,1
17176,0,1
17177,0,2
17178,1,1
17179,1,1
17180,1,1
17181,1,1
17182,1,1
17183,0,2
17184,1,1
17185,1,1
17186,1,1
17187,0,2
17188,1,1
17189,2,3
17190,1,1
17191,1,1
17192,1,1
17193,1,1
17194,1,1
17195,0,2
17196,1,1
17197,1,1
17198,0,2
17199,1,1
17200,0,2
17201,1,1
17202,1,1
17203,1,1
17204,1,1
17205,1,1
17206,0,1
17207,0,1
17208,0,2
17209,1,1
17210,1,1
17211,0,2
17212,1,1
17213,0,2
17214,1,1
17215,1,1
17216,0,2
17217,1,1
17218,1,1
17219,0,1
17220,1,1
17221,1,1
17222,1,1
17223,0,2
17224,1,1
17225,0,2
17226,0,1
17227,0,1
17228,1,1
17229,1,1
17230,2,3
17231,1,1
17232,1,1
17233,0,1
17234,0,1
17235,0,2
17236,1,1
17237,0,2
17238,2,3
17239,1,1
17240,0,2
17241,1,1
17242,1,1
17243,1,1
17244,1,1
17245,1,1
17246,1,1
17247,1,1
17248,0,2
17249,1,1
17250,1,1
17251,0,1
17252,1,1
17253,1,1
17254,1,1
17255,1,1
17256,1,1
17257,0,1
17258,0,1
17259,1,1
17260,1,1
17261,1,1
17262,1,1
17263,0,2
17264,1,1
17265,1,1
17266,0,2
17267,0,2
17268,0,1
17269,1,1
17270,0,1
17271,0,2
17272,1,1
17273,1,1
17274,1,1
17275,1,1
17276,0,2
17277,0,1
17278,1,1
17279,1,1
17280,1,1
17281,1,1
17282,0,1
17283,0,2
17284,0,1
17285,1,1
17286,1,1
17287,1,1
17288,3,2
17289,1,1
17290,0,1
17291,2,3
17292,0,2
17293,0,2
17294,1,1
17295,1,1
17296,1,1
17297,1,1
17298,0,2
17299,1,1
17300,0,1
17301,1,1
17302,0,1
17303,0,1
17304,1,1
17305,0,1
17306,0,2
17307,1,1
17308,1,1
17309,2,3
17310,1,1
17311,0,2
17312,0,1
17313,0,1
17314,1,1
17315,0,1
17316,1,1
17317,0,2
17318,0,1
17319,1,1
17320,0,2
17321,1,1
17322,1,1
17323,1,1
17324,1,1
17325,1,1
17326,1,1
17327,1,1
17328,1,1
17329,1,1
17330,1,1
17331,1,1
17332,1,1
17333,2,3
17334,1,1
17335,0,2
17336,0,2
17337,1,1
17338,2,3
17339,1,1
17340,0,1
17341,1,1
17342,1,1
17343,2,0
17344,0,1
17345,0,2
17346,1,1
17347,1,1
17348,1,1
17349,0,1
17350,1,1
17351,1,1
17352,0,2
17353,0,2
17354,1,1
17355,1,1
17356,1,1
17357,0,2
17358,0,2
17359,2,3
17360,1,1
17361,0,2
17362,1,1
17363,1,1
17364,1,1
17365,1,1
17366,1,1
17367,0,1
17368,0,1
17369,0,1
17370,1,1
17371,0,2
17372,1,1
17373,1,1
17374,1,1
17375,1,1
17376,1,1
17377,1,1
17378,1,1
17379,1,1
17380,0,2
17381,1,1
17382,1,1
17383,1,1
17384,1,1
17385,1,1
17386,1,1
17387,1,1
17388,0,1
17389,1,1
17390,0,2
17391,0,2
17392,1,1
17393,1,1
17394,1,1
17395,1,1
17396,1,1
17397,1,1
17398,1,1
17399,1,1
17400,2,0
17401,0,2
17402,1,1
17403,2,3
17404,1,1
17405,1,1
17406,0,2
17407,0,2
17408,0,2
17409,1,1
17410,0,1
17411,1,1
17412,1,1
17413,1,1
17414,1,1
17415,1,1
17416,1,1
17417,1,1
17418,1,1
17419,0,1
17420,1,1
17421,1,1
17422,1,1
17423,2,3
17424,1,1
17425,1,1
17426,1,1
17427,1,1
17428,1,1
17429,0,1
17430,0,1
17431,1,1
17432,1,1
17433,2,3
17434,0,2
17435,1,1
17436,1,1
17437,0,2
17438,1,1
17439,0,2
17440,1,1
17441,1,1
17442,0,1
17443,2,3
17444,1,1
17445,1,1
17446,1,1
17447,0,2
17448,1,1
17449,1,1
17450,0,1
17451,0,1
17452,1,1
17453,0,2
17454,1,1
17455,0,1
17456,1,1
17457,0,2
17458,1,1
17459,0,2
17460,0,2
17461,1,1
17462,1,1
17463,1,1
17464,1,1
17465,1,1
17466,1,1
17467,1,1
17468,0,1
17469,0,2
17470,1,1
17471,0,1
17472,2,3
17473,1,1
17474,0,1
17475,1,1
17476,2,0
17477,0,1
17478,1,1
17479,1,1
17480,1,1
17481,0,2
17482,2,3
17483,0,2
17484,0,2
17485,1,1
17486,1,1
17487,1,1
17488,0,2
17489,1,1
17490,1,1
17491,1,1
17492,1,1
17493,0,2
17494,1,1
17495,2,3
17496,0,1
17497,0,1
17498,1,1
17499,0,2
17500,0,1
17501,1,1
17502,1,1
17503,0,2
17504,1,1
17505,0,1
17506,3,2
17507,1,1
17508,0,2
17509,1,1
17510,1,1
17511,1,1
17512,1,1
17513,1,1
17514,0,2
17515,1,1
17516,1,1
17517,0,2
17518,1,1
17519,1,1
17520,1,1
17521,1,1
17522,1,1
17523,1,1
17524,1,1
17525,0,1
17526,1,1
17527,0,2
17528,0,2
17529,1,1
17530,0,2
17531,1,1
17532,2,3
17533,1,1
17534,2,3
17535,1,1
17536,0,2
17537,0,2
17538,1,1
17539,0,1
17540,0,1
17541,1,1
17542,1,1
17543,1,1
17544,1,1
17545,1,1
17546,1,1
17547,1,1
17548,0,2
17549,0,1
17550,1,1
17551,1,1
17552,0,1
17553,1,1
17554,1,1
17555,0,1
17556,0,1
17557,1,1
17558,1,1
17559,0,2
17560,1,1
17561,1,1
17562,0,1
17563,0,1
17564,1,1
17565,1,1
17566,0,2
17567,1,1
17568,0,1
17569,0,1
17570,0,2
17571,1,1
17572,1,1
17573,1,1
17574,1,1
17575,0,2
17576,1,1
17577,1,1
17578,1,1
17579,1,1
17580,1,1
17581,1,1
17582,1,1
17583,1,1
17584,1,1
17585,0,2
17586,1,1
17587,1,1
17588,1,1
17589,0,1
17590,0,2
17591,1,1
17592,1,1
17593,1,1
17594,2,3
17595,0,1
17596,0,2
17597,1,1
17598,0,2
17599,0,1
17600,0,2
17601,1,1
17602,0,2
17603,2,3
17604,0,2
17605,1,1
17606,0,1
17607,0,2
17608,1,1
17609,0,2
17610,0,2
17611,0,1
17612,1,1
17613,0,2
17614,1,1
17615,1,1
17616,0,2
17617,1,1
17618,1,1
17619,1,1
17620,1,1
17621,1,1
17622,1,1
17623,1,1
17624,1,1
17625,0,2
17626,1,1
17627,2,3
17628,1,1
17629,1,1
17630,1,1
17631,1,1
17632,1,1
17633,1,1
17634,1,1
17635,1,1
17636,0,1
17637,1,1
17638,0,2
17639,1,1
17640,0,2
17641,1,1
17642,1,1
17643,1,1
17644,1,1
17645,1,1
17646,0,1
17647,0,2
17648,1,1
17649,0,2
17650,1,1
17651,0,2
17652,1,1
17653,1,1
17654,1,1
17655,1,1
17656,1,1
17657,1,1
17658,0,2
17659,1,1
17660,1,1
17661,0,1
17662,0,2
17663,1,1
17664,1,1
17665,1,1
17666,1,1
17667,1,1
17668,1,1
17669,1,1
17670,1,1
17671,0,2
17672,1,1
17673,1,1
17674,0,2
17675,1,1
17676,1,1
17677,1,1
17678,0,1
17679,1,1
17680,1,1
17681,0,2
17682,1,1
17683,0,2
17684,1,1
17685,3,1
17686,1,1
17687,1,1
17688,1,1
17689,3,1
17690,0,2
17691,1,1
17692,0,2
17693,0,2
17694,1,1
17695,1,1
17696,1,1
17697,1,1
17698,1,1
17699,1,1
17700,1,1
17701,0,2
17702,1,1
17703,0,1
17704,1,1
17705,1,1
17706,1,1
17707,1,1
17708,1,1
17709,1,1
17710,1,1
17711,1,1
17712,0,2
17713,1,1
17714,1,1
17715,1,1
17716,1,1
17717,1,1
17718,1,1
17719,1,1
17720,1,1
17721,1,1
17722,1,1
17723,0,1
17724,1,1
17725,0,1
17726,1,1
17727,1,1
17728,1,1
17729,1,1
17730,0,1
17731,0,1
17732,1,1
17733,0,1
17734,0,2
17735,1,1
17736,1,1
17737,1,1
17738,0,1
17739,1,1
17740,1,1
17741,1,1
17742,2,0
17743,0,1
17744,1,1
17745,0,2
17746,1,1
17747,1,1
17748,1,1
17749,1,1
17750,0,2
17751,1,1
17752,1,1
17753,1,1
17754,1,1
17755,0,2
17756,1,1
17757,0,2
17758,1,1
17759,1,1
17760,1,1
17761,0,2
17762,1,1
17763,1,1
17764,0,1
17765,0,2
17766,1,1
17767,2,3
17768,1,1
17769,0,2
17770,0,2
17771,1,1
17772,1,1
17773,1,1
17774,0,1
17775,1,1
17776,1,1
17777,1,1
17778,1,1
17779,1,1
17780,1,1
17781,0,1
17782,1,1
17783,0,2
17784,1,1
17785,1,1
17786,1,1
17787,1,1
17788,1,1
17789,1,1
17790,0,2
17791,0,2
17792,1,1
17793,1,1
17794,1,1
17795,1,1
17796,0,2
17797,1,1
17798,0,2
17799,1,1
17800,1,1
17801,1,1
17802,1,1
17803,1,1
17804,1,1
17805,1,1
17806,0,2
17807,1,1
17808,1,1
17809,2,3
17810,1,1
17811,1,1
17812,0,2
17813,0,1
17814,1,1
17815,0,1
17816,0,1
17817,2,3
17818,1,1
17819,2,3
17820,1,1
17821,1,1
17822,1,1
17823,0,2
17824,1,1
17825,1,1
17826,1,1
17827,1,1
17828,1,1
17829,1,1
17830,1,1
17831,1,1
17832,2,3
17833,1,1
17834,1,1
17835,1,1
17836,1,1
17837,1,1
17838,1,1
17839,1,1
17840,1,1
17841,0,2
17842,1,1
17843,0,2
17844,1,1
17845,1,1
17846,1,1
17847,0,2
17848,0,2
17849,0,2
17850,0,1
17851,1,1
17852,0,2
17853,0,2
17854,0,2
17855,0,2
17856,1,1
17857,1,1
17858,1,1
17859,1,1
17860,1,1
17861,0,1
17862,0,1
17863,0,2
17864,1,1
17865,0,2
17866,1,1
17867,1,1
17868,1,1
17869,1,1
17870,1,1
17871,1,1
17872,1,1
17873,0,2
17874,0,1
17875,1,1
17876,1,1
17877,1,1
17878,0,2
17879,1,1
17880,1,1
17881,0,2
17882,0,2
17883,1,1
17884,1,1
17885,0,2
17886,1,1
17887,1,1
17888,0,1
17889,1,1
17890,1,1
17891,1,1
17892,1,1
17893,0,2
17894,0,1
17895,1,1
17896,1,1
17897,1,1
17898,2,3
17899,0,2
17900,0,1
17901,1,1
17902,0,1
17903,1,1
17904,0,2
17905,1,1
17906,1,1
17907,0,2
17908,0,2
17909,0,1
17910,0,1
17911,1,1
17912,1,1
17913,1,1
17914,1,1
17915,1,1
17916,1,1
17917,2,0
17918,0,2
17919,0,1
17920,1,1
17921,1,1
17922,1,1
17923,1,1
17924,1,1
17925,0,1
17926,0,1
17927,1,1
17928,1,1
17929,0,2
17930,1,1
17931,1,1
17932,0,1
17933,1,1
17934,0,2
17935,0,2
17936,2,0
17937,0,2
17938,1,1
17939,1,1
17940,1,1
17941,0,1
17942,1,1
17943,2,3
17944,0,1
17945,1,1
17946,1,1
17947,0,2
17948,1,1
17949,0,2
17950,1,1
17951,0,1
17952,0,1
17953,0,2
17954,1,1
17955,0,1
17956,1,1
17957,1,1
17958,0,2
17959,0,1
17960,1,1
17961,1,1
17962,0,1
17963,1,1
17964,0,1
17965,1,1
17966,0,2
17967,1,1
17968,1,1
17969,1,1
17970,1,1
17971,2,3
17972,1,1
17973,2,3
17974,1,1
17975,0,2
17976,0,1
17977,0,1
17978,0,2
17979,0,2
17980,1,1
17981,0,1
17982,1,1
17983,1,1
17984,0,1
17985,1,1
17986,1,1
17987,0,1
17988,1,1
17989,1,1
17990,0,2
17991,1,1
17992,1,1
17993,0,1
17994,1,1
17995,1,1
17996,0,2
17997,1,1
17998,0,2
17999,1,1
18000,1,1
18001,0,2
18002,0,2
18003,0,1
18004,0,2
18005,0,2
18006,1,1
18007,1,1
18008,1,1
18009,1,1
18010,1,1
18011,1,1
18012,0,2
18013,1,1
18014,0,1
18015,1,1
18016,0,2
18017,1,1
18018,0,1
18019,0,2
18020,1,1
18021,0,1
18022,1,1
18023,0,1
18024,0,1
18025,2,3
18026,0,2
18027,2,0
18028,1,1
18029,0,2
18030,1,1
18031,0,2
18032,1,1
18033,1,1
18034,0,1
18035,2,3
18036,1,1
18037,1,1
18038,0,2
18039,1,1
18040,1,1
18041,0,2
18042,1,1
18043,1,1
18044,1,1
18045,1,1
18046,1,1
18047,0,2
18048,0,2
18049,0,2
18050,0,2
18051,1,1
18052,0,2
18053,0,2
18054,0,1
18055,0,2
18056,1,1
18057,2,3
18058,0,1
18059,0,2
18060,0,1
18061,2,3
18062,0,1
18063,1,1
18064,0,1
18065,1,1
18066,1,1
18067,1,1
18068,1,1
18069,0,1
18070,1,1
18071,0,2
18072,1,1
18073,0,2
18074,1,1
18075,1,1
18076,1,1
18077,0,1
18078,0,2
18079,0,2
18080,0,1
18081,1,1
18082,2,3
18083,1,1
18084,1,1
18085,1,1
18086,1,1
18087,1,1
18088,1,1
18089,1,1
18090,1,1
18091,0,2
18092,1,1
18093,1,1
18094,1,1
18095,1,1
18096,1,1
18097,0,2
18098,1,1
18099,1,1
18100,0,1
18101,0,2
18102,2,3
18103,1,1
18104,1,1
18105,2,3
18106,1,1
18107,0,2
18108,1,1
18109,1,1
18110,0,1
18111,0,1
18112,1,1
18113,2,3
18114,0,1
18115,1,1
18116,1,1
18117,0,1
18118,1,1
18119,1,1
18120,1,1
18121,0,2
18122,1,1
18123,1,1
18124,0,1
18125,1,1
18126,1,1
18127,1,1
18128,1,1
18129,2,0
18130,1,1
18131,1,1
18132,0,1
18133,1,1
18134,0,2
18135,0,1
18136,1,1
18137,1,1
18138,1,1
18139,1,1
18140,0,2
18141,1,1
18142,1,1
18143,0,2
18144,0,2
18145,1,1
18146,1,1
18147,1,1
18148,0,2
18149,0,1
18150,1,1
18151,1,1
18152,1,1
18153,1,1
18154,1,1
18155,1,1
18156,1,1
18157,2,3
18158,1,1
18159,1,1
18160,0,2
18161,1,1
18162,1,1
18163,1,1
18164,1,1
18165,1,1
18166,0,1
18167,1,1
18168,1,1
18169,1,1
18170,0,1
18171,1,1
18172,1,1
18173,0,1
18174,2,3
18175,2,3
18176,1,1
18177,1,1
18178,1,1
18179,1,1
18180,1,1
18181,0,1
18182,0,2
18183,0,2
18184,1,1
18185,0,1
18186,1,1
18187,1,1
18188,1,1
18189,1,1
18190,1,1
18191,1,1
18192,1,1
18193,0,2
18194,0,2
18195,1,1
18196,1,1
18197,1,1
18198,0,2
18199,1,1
18200,1,1
18201,1,1
18202,1,1
18203,1,1
18204,1,1
18205,0,1
18206,0,2
18207,1,1
18208,0,2
18209,2,0
18210,1,1
18211,1,1
18212,1,1
18213,1,1
18214,1,1
18215,1,1
18216,1,1
18217,2,0
18218,2,0
18219,0,2
18220,1,1
18221,1,1
18222,1,1
18223,1,1
18224,1,1
18225,1,1
18226,1,1
18227,1,1
18228,1,1
18229,1,1
18230,1,1
18231,1,1
18232,0,1
18233,1,1
18234,1,1
18235,0,2
18236,1,1
18237,1,1
18238,0,2
18239,1,1
18240,1,1
18241,1,1
18242,0,2
18243,0,2
18244,1,1
18245,1,1
18246,1,1
18247,1,1
18248,1,1
18249,1,1
18250,1,1
18251,1,1
18252,1,1
18253,0,2
18254,1,1
18255,0,2
18256,0,1
18257,1,1
18258,1,1
18259,1,1
18260,0,2
18261,1,1
18262,2,3
18263,0,1
18264,1,1
18265,1,1
18266,0,1
18267,1,1
18268,1,1
18269,1,1
18270,1,1
18271,0,2
18272,1,1
18273,1,1
18274,0,2
18275,1,1
18276,0,2
18277,1,1
18278,1,1
18279,0,1
18280,0,2
18281,1,1
18282,0,2
18283,0,2
18284,1,1
18285,0,1
18286,0,1
18287,1,1
18288,0,2
18289,0,2
18290,0,2
18291,1,1
18292,1,1
18293,1,1
18294,1,1
18295,1,1
18296,1,1
18297,1,1
18298,0,1
18299,1,1
18300,0,2
18301,1,1
18302,0,1
18303,1,1
18304,1,1
18305,1,1
18306,2,3
18307,1,1
18308,0,1
18309,1,1
18310,0,2
18311,0,1
18312,1,1
18313,0,1
18314,1,1
18315,1,1
18316,1,1
18317,1,1
18318,1,1
18319,1,1
18320,0,2
18321,0,2
18322,1,1
18323,1,1
18324,1,1
18325,1,1
18326,1,1
18327,1,1
18328,1,1
18329,1,1
18330,1,1
18331,2,3
18332,1,1
18333,1,1
18334,0,1
18335,1,1
18336,1,1
18337,1,1
18338,1,1
18339,0,2
18340,0,2
18341,0,1
18342,0,2
18343,1,1
18344,0,1
18345,1,1
18346,1,1
18347,0,2
18348,0,1
18349,1,1
18350,1,1
18351,1,1
18352,0,1
18353,1,1
18354,0,1
18355,0,1
18356,1,1
18357,3,2
18358,1,1
18359,0,1
18360,2,0
18361,1,1
18362,0,2
18363,0,1
18364,0,2
18365,0,1
18366,0,1
18367,0,2
18368,1,1
18369,0,2
18370,1,1
18371,0,2
18372,1,1
18373,0,1
18374,1,1
18375,0,2
18376,1,1
18377,0,1
18378,2,3
18379,1,1
18380,0,2
18381,1,1
18382,1,1
18383,0,1
18384,1,1
18385,1,1
18386,1,1
18387,0,2
18388,1,1
18389,0,2
18390,0,1
18391,1,1
18392,1,1
18393,0,2
18394,1,1
18395,1,1
18396,2,3
18397,1,1
18398,0,2
18399,1,1
18400,0,1
18401,1,1
18402,0,1
18403,1,1
18404,0,2
18405,0,2
18406,1,1
18407,1,1
18408,1,1
18409,0,2
18410,1,1
18411,1,1
18412,1,1
18413,1,1
18414,1,1
18415,1,1
18416,0,2
18417,1,1
18418,1,1
18419,1,1
18420,1,1
18421,1,1
18422,1,1
18423,1,1
18424,1,1
18425,0,1
18426,1,1
18427,0,2
18428,0,1
18429,0,2
18430,1,1
18431,1,1
18432,1,1
18433,0,2
18434,1,1
18435,0,1
18436,1,1
18437,0,2
18438,2,3
18439,0,1
18440,0,2
18441,3,2
18442,2,0
18443,1,1
18444,1,1
18445,0,2
18446,1,1
18447,0,2
18448,1,1
18449,1,1
18450,1,1
18451,1,1
18452,1,1
18453,1,1
18454,0,1
18455,0,2
18456,1,1
18457,1,1
18458,1,1
18459,1,1
18460,0,2
18461,0,2
18462,1,1
18463,1,1
18464,1,1
18465,1,1
18466,0,2
18467,1,2
18468,1,1
18469,1,1
18470,1,1
18471,1,1
18472,0,1
18473,1,1
18474,1,1
18475,1,1
18476,1,1
18477,1,1
18478,1,1
18479,0,2
18480,1,1
18481,1,1
18482,1,1
18483,2,3
18484,1,1
18485,0,2
18486,1,1
18487,1,1
18488,1,1
18489,1,1
18490,1,1
18491,1,1
18492,2,3
18493,0,1
18494,1,1
18495,1,1
18496,0,1
18497,0,1
18498,1,1
18499,1,1
18500,1,1
18501,0,2
18502,0,2
18503,0,1
18504,0,2
18505,1,1
18506,1,1
18507,1,1
18508,2,3
18509,1,1
18510,1,1
18511,0,2
18512,0,2
18513,0,2
18514,0,1
18515,1,1
18516,0,2
18517,0,1
18518,1,1
18519,1,1
18520,1,1
18521,0,1
18522,1,1
18523,1,1
18524,1,1
18525,1,1
18526,0,1
18527,0,2
18528,1,1
18529,0,1
18530,1,1
18531,0,2
18532,1,1
18533,0,2
18534,0,1
18535,1,1
18536,1,1
18537,1,1
18538,1,1
18539,0,2
18540,0,2
18541,1,1
18542,1,1
18543,1,1
18544,0,1
18545,0,2
18546,1,1
18547,1,1
18548,1,1
18549,0,2
18550,1,1
18551,1,1
18552,0,2
18553,1,1
18554,0,2
18555,1,1
18556,1,1
18557,1,1
18558,1,1
18559,0,1
18560,0,2
18561,1,1
18562,1,1
18563,1,1
18564,0,1
18565,0,2
18566,1,1
18567,0,2
18568,1,1
18569,0,2
18570,0,1
18571,0,2
18572,1,1
18573,0,1
18574,1,1
18575,0,2
18576,0,2
18577,0,2
18578,0,1
18579,1,1
18580,0,1
18581,0,2
18582,0,2
18583,0,1
18584,1,1
18585,3,1
18586,1,1
18587,1,1
18588,0,1
18589,1,1
18590,1,1
18591,1,1
18592,1,1
18593,0,2
18594,1,1
18595,1,1
18596,1,1
18597,0,2
18598,1,1
18599,0,2
18600,1,1
18601,1,1
18602,0,1
18603,1,1
18604,1,1
18605,1,1
18606,0,2
18607,1,1
18608,0,2
18609,0,2
18610,1,1
18611,1,1
18612,1,1
18613,1,1
18614,1,1
18615,1,1
18616,0,2
18617,1,1
18618,1,1
18619,1,1
18620,2,3
18621,0,1
18622,0,1
18623,1,1
18624,0,2
18625,1,1
18626,0,1
18627,2,3
18628,1,1
18629,0,2
18630,1,1
18631,1,1
18632,1,1
18633,1,1
18634,1,1
18635,1,1
18636,1,1
18637,1,1
18638,1,1
18639,1,1
18640,1,1
18641,1,1
18642,0,1
18643,1,1
18644,0,2
18645,1,1
18646,1,1
18647,1,1
18648,1,1
18649,0,2
18650,0,2
18651,1,1
18652,0,1
18653,0,1
18654,0,2
18655,0,2
18656,1,1
18657,1,1
18658,0,2
18659,0,1
18660,1,1
18661,1,1
18662,1,1
18663,0,2
18664,1,1
18665,1,1
18666,0,2
18667,0,1
18668,1,1
18669,1,1
18670,1,1
18671,1,1
18672,2,3
18673,1,1
18674,0,2
18675,1,1
18676,0,2
18677,1,1
18678,1,1
18679,0,1
18680,1,1
18681,1,1
18682,1,1
18683,0,2
18684,0,2
18685,0,2
18686,0,1
18687,0,2
18688,0,2
18689,0,1
18690,0,2
18691,0,1
18692,0,2
18693,1,1
18694,1,1
18695,0,1
18696,1,1
18697,0,2
18698,0,2
18699,1,1
18700,1,1
18701,1,1
18702,1,1
18703,1,1
18704,1,1
18705,1,1
18706,1,1
18707,1,1
18708,1,1
18709,0,1
18710,1,1
18711,1,1
18712,1,1
18713,0,2
18714,1,1
18715,1,1
18716,0,1
18717,0,2
18718,2,3
18719,2,3
18720,0,2
18721,0,2
18722,1,1
18723,1,1
18724,1,1
18725,2,3
18726,0,2
18727,1,1
18728,0,2
18729,1,1
18730,0,2
18731,2,3
18732,0,1
18733,1,1
18734,1,1
18735,0,2
18736,1,1
18737,1,1
18738,1,1
18739,1,1
18740,0,2
18741,1,1
18742,0,2
18743,1,1
18744,0,1
18745,1,1
18746,0,2
18747,1,1
18748,1,1
18749,0,2
18750,1,1
18751,1,1
18752,1,1
18753,1,1
18754,1,1
18755,1,1
18756,1,1
18757,0,2
18758,2,3
18759,1,1
18760,0,2
18761,1,1
18762,1,1
18763,1,1
18764,0,2
18765,1,1
18766,1,1
18767,1,1
18768,1,1
18769,0,2
18770,0,1
18771,1,1
18772,0,2
18773,1,1
18774,1,1
18775,1,1
18776,1,1
18777,1,1
18778,1,1
18779,0,1
18780,1,1
18781,1,1
18782,1,1
18783,1,1
18784,0,2
18785,1,1
18786,1,1
18787,1,1
18788,1,1
18789,1,1
18790,0,2
18791,1,1
18792,0,1
18793,1,1
18794,1,1
18795,1,1
18796,0,2
18797,3,2
18798,0,2
18799,1,1
18800,1,1
18801,0,2
18802,1,1
18803,2,3
18804,0,2
18805,1,1
18806,1,1
18807,1,1
18808,1,1
18809,0,1
18810,2,3
18811,1,1
18812,1,1
18813,2,3
18814,1,1
18815,0,1
18816,0,1
18817,1,1
18818,0,1
18819,1,1
18820,0,2
18821,2,0
18822,1,1
18823,1,1
18824,1,1
18825,1,1
18826,1,1
18827,0,2
18828,0,2
18829,1,1
18830,1,1
18831,1,1
18832,0,1
18833,0,2
18834,1,1
18835,0,2
18836,1,1
18837,1,1
18838,0,2
18839,0,2
18840,1,1
18841,1,1
18842,0,2
18843,1,1
18844,0,2
18845,1,1
18846,1,1
18847,1,1
18848,0,1
18849,1,1
18850,0,1
18851,1,1
18852,1,1
18853,1,1
18854,1,1
18855,0,2
18856,1,1
18857,1,1
18858,1,1
18859,1,1
18860,1,1
18861,1,1
18862,1,1
18863,1,1
18864,1,1
18865,1,1
18866,0,1
18867,1,1
18868,1,1
18869,1,1
18870,0,1
18871,1,1
18872,0,2
18873,0,2
18874,0,2
18875,0,2
18876,0,2
18877,1,1
18878,1,1
18879,1,1
18880,1,1
18881,1,1
18882,0,2
18883,1,1
18884,1,1
18885,1,1
18886,1,1
18887,0,2
18888,1,1
18889,0,2
18890,1,1
18891,0,1
18892,0,2
18893,0,2
18894,1,1
18895,0,1
18896,1,1
18897,1,1
18898,1,1
18899,0,2
18900,1,1
18901,0,1
18902,1,1
18903,1,1
18904,1,1
18905,0,1
18906,1,1
18907,0,2
18908,1,1
18909,1,1
18910,0,1
18911,0,2
18912,1,1
18913,1,1
18914,1,1
18915,0,2
18916,1,1
18917,0,2
18918,0,2
18919,0,1
18920,2,3
18921,2,0
18922,1,1
18923,1,1
18924,1,1
18925,1,1
18926,0,1
18927,0,2
18928,0,1
18929,1,1
18930,2,3
18931,1,1
18932,1,1
18933,0,2
18934,1,1
18935,1,1
18936,1,1
18937,1,1
18938,2,3
18939,1,1
18940,1,1
18941,2,3
18942,1,1
18943,0,2
18944,0,2
18945,1,1
18946,2,0
18947,1,1
18948,1,1
18949,0,1
18950,1,1
18951,1,1
18952,1,1
18953,1,1
18954,1,1
18955,1,1
18956,1,1
18957,1,1
18958,2,0
18959,1,1
18960,1,1
18961,0,2
18962,1,1
18963,1,1
18964,1,1
18965,1,1
18966,2,0
18967,0,1
18968,1,1
18969,1,1
18970,1,1
18971,1,1
18972,1,1
18973,1,1
18974,0,2
18975,1,1
18976,1,1
18977,0,2
18978,1,1
18979,0,1
18980,1,1
18981,1,1
18982,0,2
18983,0,2
18984,2,3
18985,1,1
18986,1,1
18987,1,1
18988,0,1
18989,0,2
18990,0,2
18991,1,1
18992,0,2
18993,0,2
18994,1,1
18995,0,1
18996,1,1
18997,0,1
18998,0,2
18999,1,1
19000,1,1
19001,0,1
19002,1,1
19003,0,1
19004,0,1
19005,0,2
19006,1,1
19007,1,1
19008,0,1
19009,1,1
19010,2,0
19011,2,0
19012,1,1
19013,0,1
19014,1,1
19015,1,1
19016,1,1
19017,1,1
19018,1,1
19019,1,1
19020,0,1
19021,0,2
19022,1,1
19023,1,1
19024,1,1
19025,1,1
19026,1,1
19027,1,1
19028,0,1
19029,0,1
19030,1,1
19031,0,2
19032,0,2
19033,1,1
19034,1,1
19035,1,1
19036,2,3
19037,1,1
19038,0,2
19039,0,2
19040,0,2
19041,1,1
19042,1,1
19043,0,2
19044,1,1
19045,0,2
19046,0,2
19047,1,1
19048,0,1
19049,1,1
19050,0,2
19051,0,1
19052,1,1
19053,1,1
19054,0,1
19055,1,1
19056,0,2
19057,1,1
19058,1,1
19059,1,1
19060,2,3
19061,1,1
19062,1,1
19063,1,1
19064,0,1
19065,1,1
19066,1,1
19067,1,1
19068,1,1
19069,0,1
19070,2,3
19071,1,1
19072,0,2
19073,0,2
19074,1,1
19075,0,1
19076,1,1
19077,0,1
19078,1,1
19079,0,1
19080,0,2
19081,1,1
19082,1,1
19083,1,1
19084,0,1
19085,1,1
19086,1,1
19087,1,1
19088,1,1
19089,0,1
19090,1,1
19091,0,1
19092,0,2
19093,0,2
19094,1,1
19095,1,1
19096,2,3
19097,0,1
19098,1,1
19099,0,2
19100,0,2
19101,3,1
19102,1,1
19103,1,1
19104,1,1
19105,1,1
19106,0,2
19107,1,1
19108,1,1
19109,0,1
19110,1,1
19111,1,1
19112,1,1
19113,0,1
19114,0,2
19115,1,1
19116,0,2
19117,0,2
19118,1,1
19119,1,1
19120,0,2
19121,0,1
19122,0,2
19123,1,1
19124,1,1
19125,1,1
19126,1,1
19127,0,2
19128,1,1
19129,1,1
19130,1,1
19131,0,2
19132,0,1
19133,1,1
19134,0,1
19135,1,1
19136,0,1
19137,1,1
19138,1,1
19139,1,1
19140,1,1
19141,0,2
19142,1,1
19143,0,1
19144,0,2
19145,0,2
19146,1,1
19147,0,2
19148,0,2
19149,1,1
19150,0,1
19151,1,1
19152,1,1
19153,1,1
19154,1,1
19155,1,1
19156,0,1
19157,1,1
19158,1,1
19159,1,1
19160,1,1
19161,0,2
19162,1,1
19163,1,1
19164,0,2
19165,0,2
19166,1,1
19167,1,1
19168,1,1
19169,1,1
19170,0,2
19171,1,1
19172,1,1
19173,1,1
19174,0,2
19175,0,1
19176,0,1
19177,1,1
19178,0,1
19179,0,2
19180,1,1
19181,0,1
19182,0,2
19183,2,3
19184,0,1
19185,0,1
19186,0,2
19187,1,1
19188,0,2
19189,0,2
19190,1,1
19191,1,1
19192,0,2
19193,1,1
19194,1,1
19195,1,1
19196,0,2
19197,0,2
19198,1,1
19199,1,1
19200,1,1
19201,1,1
19202,0,1
19203,2,0
19204,1,1
19205,1,1
19206,0,1
19207,1,1
19208,1,1
19209,0,2
19210,0,1
19211,0,1
19212,1,1
19213,0,2
19214,2,3
19215,1,1
19216,0,1
19217,1,1
19218,1,1
19219,1,1
19220,0,2
19221,0,2
19222,0,1
19223,1,1
19224,1,1
19225,1,1
19226,1,1
19227,1,1
19228,0,1
19229,1,1
19230,0,1
19231,1,1
19232,1,1
19233,2,3
19234,1,1
19235,1,1
19236,1,1
19237,0,2
19238,1,1
19239,0,2
19240,2,3
19241,1,1
19242,1,1
19243,1,1
19244,0,2
19245,1,1
19246,2,3
19247,1,1
19248,0,1
19249,1,1
19250,1,1
19251,1,1
19252,0,1
19253,0,2
19254,1,1
19255,1,1
19256,0,1
19257,1,1
19258,1,1
19259,1,1
19260,0,1
19261,1,1
19262,0,1
19263,1,1
19264,1,1
19265,1,1
19266,1,1
19267,0,2
19268,1,1
19269,1,1
19270,1,1
19271,1,1
19272,0,2
19273,1,1
19274,0,2
19275,1,1
19276,0,2
19277,1,1
19278,1,1
19279,1,1
19280,1,1
19281,0,2
19282,1,1
19283,0,1
19284,1,1
19285,1,1
19286,0,2
19287,1,1
19288,1,1
19289,0,2
19290,0,1
19291,1,1
19292,0,1
19293,1,1
19294,1,1
19295,1,1
19296,1,1
19297,0,2
19298,1,1
19299,0,2
19300,0,2
19301,1,1
19302,0,2
19303,1,1
19304,0,2
19305,1,1
19306,1,1
19307,1,1
19308,1,1
19309,1,1
19310,0,1
19311,1,1
19312,1,1
19313,0,2
19314,0,1
19315,1,1
19316,2,3
19317,1,1
19318,1,1
19319,2,0
19320,0,2
19321,1,1
19322,0,2
19323,1,1
19324,1,1
19325,1,1
19326,1,1
19327,1,1
19328,0,1
19329,1,1
19330,0,2
19331,0,2
19332,1,1
19333,1,1
19334,0,1
19335,2,3
19336,1,1
19337,0,2
19338,1,1
19339,1,1
19340,1,1
19341,0,2
19342,0,2
19343,2,3
19344,1,1
19345,1,1
19346,1,1
19347,1,1
19348,1,1
19349,1,1
19350,1,1
19351,0,2
19352,2,3
19353,0,1
19354,1,1
19355,1,1
19356,0,1
19357,1,1
19358,1,1
19359,0,2
19360,1,1
19361,1,1
19362,1,1
19363,0,1
19364,1,1
19365,2,3
19366,1,1
19367,1,1
19368,0,2
19369,1,1
19370,0,1
19371,1,1
19372,2,3
19373,0,2
19374,1,1
19375,1,1
19376,1,1
19377,1,1
19378,1,1
19379,1,1
19380,1,1
19381,1,1
19382,1,1
19383,1,1
19384,0,1
19385,1,1
19386,0,2
19387,1,1
19388,1,1
19389,0,2
19390,0,1
19391,1,1
19392,1,1
19393,1,1
19394,1,1
19395,1,1
19396,0,1
19397,1,1
19398,0,2
19399,1,1
19400,1,1
19401,1,1
19402,1,1
19403,1,1
19404,1,1
19405,1,1
19406,0,1
19407,0,1
19408,1,1
19409,1,1
19410,0,2
19411,1,1
19412,1,1
19413,1,1
19414,0,2
19415,1,1
19416,1,1
19417,1,1
19418,1,1
19419,1,1
19420,1,1
19421,0,2
19422,1,1
19423,1,1
19424,1,1
19425,1,1
19426,2,0
19427,1,1
19428,1,1
19429,0,2
19430,1,1
19431,1,1
19432,1,1
19433,0,2
19434,1,1
19435,0,2
19436,1,1
19437,0,2
19438,0,1
19439,1,1
19440,1,1
19441,2,3
19442,1,1
19443,1,1
19444,3,1
19445,0,1
19446,1,1
19447,1,1
19448,1,1
19449,0,1
19450,0,2
19451,1,1
19452,2,3
19453,0,1
19454,0,1
19455,1,1
19456,1,1
19457,1,1
19458,1,1
19459,0,2
19460,1,1
19461,1,1
19462,1,1
19463,1,1
19464,1,1
19465,0,2
19466,1,1
19467,1,1
19468,1,1
19469,1,1
19470,2,3
19471,0,2
19472,1,1
19473,1,1
19474,0,1
19475,1,1
19476,1,1
19477,1,1
19478,1,1
19479,0,2
19480,0,2
19481,0,2
19482,1,1
19483,1,1
19484,0,2
19485,1,1
19486,0,2
19487,1,1
19488,1,1
19489,2,3
19490,0,2
19491,1,1
19492,1,1
19493,0,2
19494,0,2
19495,0,2
19496,2,0
19497,0,1
19498,0,2
19499,1,1
19500,1,1
19501,0,2
19502,0,2
19503,0,1
19504,1,1
19505,1,1
19506,0,2
19507,0,2
19508,1,1
19509,0,1
19510,0,2
19511,1,1
19512,0,1
19513,1,1
19514,0,1
19515,1,1
19516,1,1
19517,1,1
19518,0,2
19519,2,3
19520,0,1
19521,0,1
19522,0,1
19523,1,1
19524,1,1
19525,1,1
19526,0,2
19527,2,0
19528,0,1
19529,1,1
19530,1,1
19531,0,1
19532,1,1
19533,1,1
19534,0,2
19535,0,1
19536,1,1
19537,1,1
19538,1,1
19539,0,1
19540,1,1
19541,1,1
19542,1,1
19543,1,1
19544,1,1
19545,1,1
19546,1,1
19547,0,2
19548,0,2
19549,1,1
19550,1,1
19551,1,1
19552,1,1
19553,1,1
19554,1,1
19555,1,1
19556,1,1
19557,1,1
19558,2,0
19559,1,1
19560,1,1
19561,2,3
19562,1,1
19563,1,1
19564,1,1
19565,2,3
19566,1,1
19567,0,2
19568,1,1
19569,1,1
19570,1,1
19571,1,1
19572,1,1
19573,1,1
19574,1,1
19575,1,1
19576,0,1
19577,1,1
19578,0,2
19579,1,1
19580,0,2
19581,1,1
19582,1,1
19583,1,1
19584,1,1
19585,1,1
19586,1,1
19587,1,1
19588,1,1
19589,1,1
19590,1,1
19591,0,2
19592,1,1
19593,1,1
19594,2,0
19595,1,1
19596,1,1
19597,1,1
19598,1,1
19599,1,1
19600,1,1
19601,2,3
19602,1,1
19603,1,1
19604,1,1
19605,1,1
19606,0,2
19607,0,2
19608,0,2
19609,1,1
19610,1,1
19611,1,1
19612,0,1
19613,1,1
19614,1,1
19615,1,1
19616,1,1
19617,2,3
19618,1,1
19619,1,1
19620,1,1
19621,0,2
19622,1,1
19623,1,1
19624,0,2
19625,1,1
19626,1,1
19627,1,1
19628,1,1
19629,1,1
19630,1,1
19631,3,2
19632,0,2
19633,0,2
19634,0,2
19635,0,2
19636,0,2
19637,1,1
19638,1,1
19639,1,1
19640,0,1
19641,0,2
19642,1,1
19643,1,1
19644,1,1
19645,0,2
19646,1,1
19647,0,2
19648,0,2
19649,1,1
19650,1,1
19651,1,1
19652,1,1
19653,1,1
19654,0,1
19655,0,1
19656,0,2
19657,0,1
19658,0,2
19659,0,2
19660,1,1
19661,1,1
19662,1,1
19663,1,1
19664,1,1
19665,1,1
19666,0,2
19667,1,1
19668,1,1
19669,1,1
19670,1,1
19671,1,1
19672,1,1
19673,0,1
19674,0,1
19675,0,1
19676,1,1
19677,1,1
19678,0,1
19679,1,1
19680,1,1
19681,0,2
19682,1,1
19683,0,2
19684,0,2
19685,1,1
19686,1,1
19687,1,1
19688,0,2
19689,0,2
19690,0,1
19691,0,2
19692,1,1
19693,1,1
19694,0,2
19695,0,1
19696,1,1
19697,1,1
19698,0,2
19699,0,2
19700,0,1
19701,1,1
19702,1,1
19703,1,1
19704,1,1
19705,1,1
19706,1,1
19707,0,2
19708,1,1
19709,1,1
19710,2,3
19711,1,1
19712,1,1
19713,1,1
19714,1,1
19715,0,2
19716,0,2
19717,2,0
19718,1,1
19719,2,0
19720,1,1
19721,1,1
19722,1,1
19723,1,1
19724,2,3
19725,0,2
19726,0,2
19727,0,2
19728,1,1
19729,0,2
19730,1,1
19731,2,3
19732,1,1
19733,0,1
19734,1,1
19735,1,1
19736,0,2
19737,0,2
19738,1,1
19739,1,1
19740,2,3
19741,1,1
19742,0,2
19743,1,1
19744,1,1
19745,0,1
19746,1,1
19747,1,1
19748,0,1
19749,1,1
19750,0,2
19751,1,1
19752,1,1
19753,1,1
19754,0,1
19755,0,1
19756,0,2
19757,1,1
19758,1,1
19759,1,1
19760,0,2
19761,1,1
19762,1,1
19763,1,1
19764,1,1
19765,0,1
19766,1,1
19767,1,1
19768,0,2
19769,0,1
19770,1,1
19771,1,1
19772,0,2
19773,0,1
19774,1,1
19775,1,1
19776,1,1
19777,0,2
19778,0,2
19779,0,2
19780,1,1
19781,0,1
19782,0,2
19783,0,1
19784,1,1
19785,2,3
19786,1,1
19787,1,1
19788,1,1
19789,1,1
19790,2,3
19791,0,1
19792,0,2
19793,1,1
19794,1,1
19795,0,2
19796,0,1
19797,1,1
19798,1,1
19799,0,2
19800,0,2
19801,0,1
19802,1,1
19803,1,1
19804,0,2
19805,0,2
19806,2,3
19807,1,1
19808,0,2
19809,0,1
19810,1,1
19811,0,2
19812,0,2
19813,1,1
19814,1,1
19815,1,1
19816,1,1
19817,0,2
19818,0,2
19819,0,2
19820,1,1
19821,1,1
19822,0,2
19823,1,1
19824,0,2
19825,1,1
19826,1,1
19827,0,2
19828,0,2
19829,0,2
19830,1,1
19831,0,2
19832,1,1
19833,1,1
19834,1,1
19835,1,1
19836,1,1
19837,1,1
19838,1,1
19839,1,1
19840,1,1
19841,1,1
19842,0,2
19843,0,1
19844,1,1
19845,1,1
19846,0,1
19847,1,1
19848,1,1
19849,1,1
19850,0,2
19851,1,1
19852,1,1
19853,1,1
19854,1,1
19855,0,2
19856,0,2
19857,1,1
19858,1,1
19859,1,1
19860,0,2
19861,0,1
19862,1,1
19863,1,1
19864,0,2
19865,0,1
19866,0,2
19867,1,1
19868,1,1
19869,1,1
19870,1,1
19871,1,1
19872,1,1
19873,0,1
19874,1,1
19875,1,1
19876,0,2
19877,1,1
19878,1,1
19879,0,2
19880,1,1
19881,0,1
19882,0,1
19883,1,1
19884,1,1
19885,0,1
19886,0,2
19887,0,1
19888,2,3
19889,0,2
19890,0,2
19891,0,2
19892,1,1
19893,0,1
19894,1,1
19895,0,2
19896,0,1
19897,1,1
19898,0,2
19899,0,1
19900,1,1
19901,1,1
19902,1,1
19903,1,1
19904,0,2
19905,1,1
19906,1,1
19907,1,1
19908,1,1
19909,3,2
19910,1,1
19911,0,1
19912,1,1
19913,1,1
19914,1,1
19915,1,1
19916,1,1
19917,1,1
19918,0,1
19919,0,2
19920,2,3
19921,1,1
19922,1,1
19923,0,2
19924,0,2
19925,1,1
19926,1,1
19927,0,1
19928,1,1
19929,0,1
19930,1,1
19931,0,2
19932,1,1
19933,0,2
19934,1,1
19935,0,2
19936,1,1
19937,1,1
19938,1,1
19939,1,1
19940,1,1
19941,0,2
19942,1,1
19943,1,1
19944,0,2
19945,0,2
19946,0,2
19947,0,1
19948,1,1
19949,1,1
19950,1,1
19951,0,2
19952,0,1
19953,1,1
19954,1,1
19955,1,1
19956,1,1
19957,0,1
19958,1,1
19959,0,1
19960,1,1
19961,1,1
19962,0,2
19963,1,1
19964,1,1
19965,0,2
19966,1,1
19967,0,1
19968,1,1
19969,1,1
19970,2,0
19971,1,1
19972,0,2
19973,0,2
19974,0,1
19975,1,1
19976,0,1
19977,0,2
19978,1,1
19979,0,2
19980,1,1
19981,1,1
19982,0,2
19983,0,2
19984,0,1
19985,1,1
19986,1,1
19987,2,3
19988,0,2
19989,0,2
19990,1,1
19991,0,2
19992,0,1
19993,1,1
19994,1,1
19995,0,2
19996,0,1
19997,1,1
19998,0,1
19999,0,2
20000,1,1
20001,1,1
20002,1,1
20003,1,1
20004,1,1
20005,0,1
20006,1,1
20007,1,1
20008,0,2
20009,0,1
20010,1,1
20011,0,2
20012,1,1
20013,0,1
20014,0,2
20015,0,1
20016,0,2
20017,1,1
20018,1,1
20019,1,1
20020,1,1
20021,1,1
20022,1,1
20023,0,2
20024,0,2
20025,1,1
20026,1,1
20027,1,1
20028,0,1
20029,1,1
20030,1,1
20031,1,1
20032,1,1
20033,2,3
20034,1,1
20035,0,1
20036,1,1
20037,1,1
20038,0,2
20039,1,1
20040,1,1
20041,1,1
20042,0,1
20043,1,1
20044,0,1
20045,2,0
20046,1,1
20047,1,1
20048,0,2
20049,1,1
20050,1,1
20051,0,2
20052,1,1
20053,0,2
20054,0,1
20055,1,1
20056,0,1
20057,1,1
20058,2,3
20059,2,3
20060,1,1
20061,1,1
20062,1,1
20063,0,1
20064,0,2
20065,1,1
20066,1,1
20067,1,1
20068,1,1
20069,1,1
20070,1,1
20071,0,1
20072,1,1
20073,0,2
20074,1,1
20075,1,1
20076,1,1
20077,1,1
20078,1,1
20079,0,1
20080,0,2
20081,1,1
20082,1,1
20083,1,1
20084,0,2
20085,0,2
20086,1,1
20087,1,1
20088,1,1
20089,1,1
20090,1,1
20091,0,2
20092,0,2
20093,1,1
20094,0,2
20095,1,1
20096,0,2
20097,1,1
20098,1,1
20099,1,1
20100,1,1
20101,1,1
20102,1,1
20103,0,2
20104,1,1
20105,0,1
20106,1,1
20107,0,2
20108,1,1
20109,1,1
20110,1,1
20111,0,1
20112,1,1
20113,1,1
20114,0,2
20115,0,1
20116,1,1
20117,0,2
20118,1,1
20119,1,1
20120,1,1
20121,0,2
20122,0,2
20123,1,1
20124,0,2
20125,1,1
20126,2,3
20127,1,1
20128,0,2
20129,0,2
20130,1,1
20131,0,2
20132,0,1
20133,1,1
20134,1,1
20135,1,1
20136,1,1
20137,2,3
20138,1,1
20139,1,1
20140,1,1
20141,0,2
20142,0,1
20143,1,1
20144,1,1
20145,1,1
20146,0,1
20147,1,1
20148,1,1
20149,1,1
20150,0,1
20151,2,3
20152,1,1
20153,0,1
20154,0,1
20155,1,1
20156,1,1
20157,1,1
20158,1,1
20159,1,1
20160,1,1
20161,1,1
20162,0,1
20163,1,1
20164,1,1
20165,1,1
20166,0,2
20167,1,1
20168,0,2
20169,1,1
20170,0,1
20171,1,1
20172,1,1
20173,1,1
20174,1,1
20175,1,1
20176,1,1
20177,2,0
20178,1,1
20179,0,2
20180,1,1
20181,1,1
20182,1,1
20183,1,1
20184,1,1
20185,1,1
20186,1,1
20187,0,2
20188,0,1
20189,0,1
20190,0,1
20191,2,3
20192,1,1
20193,1,1
20194,0,2
20195,0,2
20196,1,1
20197,1,1
20198,1,1
20199,0,2
20200,1,1
20201,1,1
20202,1,1
20203,1,1
20204,1,1
20205,0,1
20206,1,1
20207,1,1
20208,1,1
20209,1,1
20210,1,1
20211,1,1
20212,1,1
20213,0,1
20214,0,1
20215,1,1
20216,0,1
20217,0,2
20218,0,1
20219,1,1
20220,1,1
20221,0,1
20222,1,1
20223,0,2
20224,0,2
20225,1,1
20226,1,1
20227,0,2
20228,1,1
20229,0,2
20230,0,1
20231,1,1
20232,0,2
20233,0,1
20234,1,1
20235,0,1
20236,1,1
20237,2,3
20238,1,1
20239,1,1
20240,1,1
20241,1,1
20242,0,1
20243,1,1
20244,1,1
20245,0,2
20246,1,1
20247,1,1
20248,0,1
20249,1,1
20250,0,2
20251,1,1
20252,1,1
20253,1,1
20254,0,1
20255,0,2
20256,0,1
20257,1,1
20258,1,1
20259,1,1
20260,0,2
20261,1,1
20262,0,2
20263,1,1
20264,0,2
20265,1,1
20266,0,1
20267,0,2
20268,0,2
20269,0,1
20270,0,1
20271,0,1
20272,2,3
20273,0,2
20274,1,1
20275,1,1
20276,1,1
20277,1,1
20278,0,2
20279,1,1
20280,0,2
20281,0,2
20282,0,2
20283,0,2
20284,1,1
20285,1,1
20286,1,1
20287,1,1
20288,1,1
20289,0,2
20290,1,1
20291,1,1
20292,1,1
20293,1,1
20294,1,1
20295,0,1
20296,1,1
20297,1,1
20298,0,2
20299,0,1
20300,1,1
20301,1,1
20302,1,1
20303,1,1
20304,1,1
20305,1,1
20306,1,1
20307,1,1
20308,1,1
20309,1,1
20310,1,1
20311,1,1
20312,1,1
20313,1,1
20314,1,1
20315,1,1
20316,1,1
20317,1,1
20318,1,1
20319,1,1
20320,0,2
20321,1,1
20322,1,1
20323,0,1
20324,1,1
20325,1,1
20326,1,1
20327,1,1
20328,1,1
20329,1,1
20330,0,2
20331,0,2
20332,1,1
20333,2,3
20334,0,2
20335,1,1
20336,1,1
20337,1,1
20338,1,1
20339,1,1
20340,1,1
20341,0,2
20342,0,2
20343,1,1
20344,0,1
20345,1,1
20346,1,1
20347,1,1
20348,0,2
20349,1,1
20350,1,1
20351,1,1
20352,1,1
20353,1,1
20354,0,2
20355,2,3
20356,1,1
20357,1,1
20358,1,1
20359,1,1
20360,0,2
20361,1,1
20362,0,2
20363,1,1
20364,0,1
20365,0,2
20366,1,1
20367,0,2
20368,1,1
20369,1,1
20370,0,2
20371,1,1
20372,1,1
20373,1,1
20374,0,1
20375,1,1
20376,3,2
20377,0,2
20378,1,1
20379,1,1
20380,1,1
20381,1,1
20382,0,2
20383,0,2
20384,2,0
20385,1,1
20386,1,1
20387,1,1
20388,1,1
20389,1,1
20390,0,2
20391,1,1
20392,1,1
20393,0,2
20394,0,1
20395,1,1
20396,1,1
20397,0,1
20398,0,1
20399,2,3
20400,1,1
20401,1,1
20402,0,2
20403,1,1
20404,1,1
20405,0,2
20406,1,1
20407,0,2
20408,1,1
20409,0,2
20410,1,1
20411,0,2
20412,0,2
20413,2,3
20414,0,2
20415,1,1
20416,0,1
20417,0,2
20418,0,1
20419,1,1
20420,0,2
20421,2,3
20422,1,1
20423,1,1
20424,1,1
20425,0,1
20426,1,1
20427,0,1
20428,0,1
20429,0,2
20430,1,1
20431,2,0
20432,0,1
20433,1,1
20434,1,1
20435,1,1
20436,0,2
20437,1,1
20438,1,1
20439,0,1
20440,1,1
20441,1,1
20442,0,1
20443,1,1
20444,1,1
20445,1,1
20446,0,2
20447,1,1
20448,0,1
20449,1,1
20450,0,1
20451,1,1
20452,1,1
20453,1,1
20454,1,1
20455,1,1
20456,0,1
20457,1,1
20458,0,1
20459,1,1
20460,1,1
20461,1,1
20462,0,1
20463,1,1
20464,0,1
20465,1,1
20466,1,1
20467,1,1
20468,1,1
20469,1,1
20470,0,2
20471,1,1
20472,0,1
20473,0,2
20474,1,1
20475,1,1
20476,1,1
20477,1,1
20478,1,1
20479,1,1
20480,1,1
20481,1,1
20482,1,1
20483,0,1
20484,0,2
20485,1,1
20486,1,1
20487,1,1
20488,1,1
20489,0,1
20490,1,1
20491,1,1
20492,1,1
20493,0,1
20494,1,1
20495,0,2
20496,1,1
20497,1,1
20498,1,1
20499,1,1
20500,0,2
20501,1,1
20502,1,1
20503,1,1
20504,1,1
20505,1,1
20506,1,1
20507,1,1
20508,0,2
20509,1,1
20510,1,1
20511,0,2
20512,0,2
20513,0,1
20514,0,2
20515,1,1
20516,1,1
20517,0,2
20518,1,1
20519,0,1
20520,1,1
20521,1,1
20522,1,1
20523,0,1
20524,0,2
20525,0,1
20526,0,1
20527,1,1
20528,0,1
20529,1,1
20530,0,2
20531,1,1
20532,0,1
20533,1,1
20534,1,1
20535,1,1
20536,1,1
20537,1,1
20538,0,1
20539,0,2
20540,1,1
20541,0,2
20542,1,1
20543,0,2
20544,0,2
20545,1,1
20546,1,1
20547,1,1
20548,1,1
20549,0,2
20550,0,2
20551,1,1
20552,1,1
20553,0,1
20554,1,1
20555,1,1
20556,1,1
20557,1,1
20558,0,2
20559,0,1
20560,2,3
20561,1,1
20562,0,1
20563,0,2
20564,0,2
20565,1,1
20566,0,2
20567,0,1
20568,1,1
20569,1,1
20570,1,1
20571,1,1
20572,1,1
20573,2,3
20574,1,1
20575,1,1
20576,1,1
20577,1,1
20578,1,1
20579,0,2
20580,1,1
20581,1,1
20582,1,1
20583,0,2
20584,1,1
20585,0,2
20586,0,1
20587,2,3
20588,1,1
20589,0,2
20590,1,1
20591,0,1
20592,1,1
20593,0,2
20594,1,1
20595,0,2
20596,0,2
20597,1,1
20598,1,1
20599,1,1
20600,1,1
20601,1,1
20602,0,2
20603,0,2
20604,0,1
20605,1,1
20606,1,1
20607,1,1
20608,0,1
20609,1,1
20610,0,2
20611,1,1
20612,1,1
20613,0,1
20614,1,1
20615,1,1
20616,1,1
20617,1,1
20618,0,2
20619,1,1
20620,1,1
20621,1,1
20622,0,2
20623,1,1
20624,1,1
20625,0,2
20626,1,1
20627,1,1
20628,1,1
20629,0,2
20630,1,1
20631,1,1
20632,1,1
20633,0,2
20634,0,1
20635,0,1
20636,2,3
20637,0,2
20638,1,1
20639,3,1
20640,0,1
20641,1,1
20642,1,1
20643,1,1
20644,0,2
20645,1,1
20646,1,1
20647,0,2
20648,2,3
20649,0,1
20650,1,1
20651,1,1
20652,0,2
20653,0,1
20654,1,1
20655,1,1
20656,2,0
20657,0,2
20658,2,0
20659,0,1
20660,1,1
20661,1,1
20662,1,1
20663,1,1
20664,0,1
20665,1,1
20666,1,1
20667,0,1
20668,1,1
20669,1,1
20670,0,2
20671,1,1
20672,1,1
20673,1,1
20674,1,1
20675,1,1
20676,0,1
20677,2,3
20678,1,1
20679,1,1
20680,1,1
20681,1,1
20682,2,3
20683,1,1
20684,1,1
20685,0,2
20686,0,2
20687,1,1
20688,1,1
20689,0,1
20690,1,1
20691,0,2
20692,1,1
20693,1,1
20694,1,1
20695,1,1
20696,0,2
20697,1,1
20698,1,1
20699,0,2
20700,0,2
20701,1,1
20702,1,1
20703,0,1
20704,2,0
20705,1,1
20706,1,1
20707,1,1
20708,1,1
20709,1,1
20710,1,1
20711,1,1
20712,1,1
20713,0,1
20714,1,1
20715,1,1
20716,1,1
20717,1,1
20718,1,1
20719,0,1
20720,3,2
20721,1,1
20722,1,1
20723,1,1
20724,1,1
20725,0,2
20726,0,2
20727,0,2
20728,0,2
20729,1,1
20730,0,2
20731,1,1
20732,1,1
20733,0,1
20734,1,1
20735,1,1
20736,0,2
20737,1,1
20738,1,1
20739,1,1
20740,0,2
20741,3,2
20742,1,1
20743,0,1
20744,0,1
20745,2,3
20746,1,1
20747,1,1
20748,1,1
20749,1,1
20750,0,2
20751,1,1
20752,0,2
20753,0,2
20754,1,1
20755,0,2
20756,0,2
20757,0,1
20758,1,1
20759,0,1
20760,0,1
20761,1,1
20762,0,2
20763,1,1
20764,1,1
20765,1,1
20766,1,1
20767,0,1
20768,0,1
20769,1,1
20770,1,1
20771,1,1
20772,0,1
20773,1,1
20774,0,1
20775,1,1
20776,1,1
20777,1,1
20778,1,1
20779,0,2
20780,2,3
20781,0,2
20782,1,1
20783,0,1
20784,1,1
20785,0,2
20786,1,1
20787,0,2
20788,1,1
20789,1,1
20790,0,2
20791,0,1
20792,2,3
20793,1,1
20794,1,1
20795,1,1
20796,1,1
20797,1,1
20798,1,1
20799,0,2
20800,1,1
20801,1,1
20802,2,0
20803,0,1
20804,1,1
20805,0,2
20806,1,1
20807,1,1
20808,1,1
20809,1,1
20810,1,1
20811,0,1
20812,1,1
20813,0,1
20814,1,1
20815,1,1
20816,0,2
20817,0,1
20818,0,2
20819,0,1
20820,0,2
20821,1,1
20822,0,1
20823,0,2
20824,0,1
20825,0,2
20826,1,1
20827,1,1
20828,2,3
20829,1,1
20830,1,1
20831,1,1
20832,0,1
20833,1,1
20834,1,1
20835,1,1
20836,1,1
20837,0,2
20838,1,1
20839,1,1
20840,1,1
20841,1,1
20842,1,1
20843,1,1
20844,1,1
20845,1,1
20846,1,1
20847,0,2
20848,0,2
20849,1,1
20850,1,1
20851,1,1
20852,1,1
20853,0,1
20854,0,1
20855,1,1
20856,1,1
20857,1,1
20858,1,1
20859,1,1
20860,0,1
20861,0,2
20862,0,1
20863,1,1
20864,1,1
20865,0,1
20866,1,1
20867,1,1
20868,1,1
20869,1,1
20870,1,1
20871,1,1
20872,1,1
20873,0,1
20874,0,2
20875,1,1
20876,0,2
20877,1,1
20878,1,1
20879,0,1
20880,1,1
20881,1,1
20882,1,1
20883,0,2
20884,0,2
20885,1,1
20886,1,1
20887,1,1
20888,0,2
20889,0,2
20890,0,2
20891,1,1
20892,0,2
20893,0,1
20894,1,1
20895,1,1
20896,1,1
20897,1,1
20898,0,1
20899,1,1
20900,0,2
20901,0,2
20902,1,1
20903,1,1
20904,1,1
20905,1,1
20906,1,1
20907,0,2
20908,1,1
20909,1,1
20910,1,1
20911,1,1
20912,2,3
20913,0,2
20914,1,1
20915,1,1
20916,0,1
20917,0,1
20918,0,2
20919,1,1
20920,1,1
20921,0,2
20922,1,1
20923,0,1
20924,1,1
20925,1,1
20926,1,1
20927,0,1
20928,1,1
20929,1,1
20930,1,1
20931,1,1
20932,1,1
20933,0,1
20934,0,2
20935,0,2
20936,0,2
20937,2,3
20938,0,1
20939,1,1
20940,1,1
20941,0,1
20942,0,1
20943,0,2
20944,1,1
20945,0,2
20946,1,1
20947,1,1
20948,0,1
20949,1,1
20950,1,1
20951,0,1
20952,1,1
20953,1,1
20954,0,2
20955,0,2
20956,0,2
20957,0,2
20958,1,1
20959,1,1
20960,0,2
20961,1,1
20962,0,2
20963,1,1
20964,1,1
20965,1,1
20966,1,1
20967,0,2
20968,1,1
20969,1,1
20970,0,2
20971,1,1
20972,0,2
20973,1,1
20974,1,1
20975,0,2
20976,0,2
20977,1,1
20978,0,2
20979,1,1
20980,0,2
20981,1,1
20982,0,1
20983,0,1
20984,1,1
20985,0,1
20986,0,2
20987,1,1
20988,1,1
20989,1,1
20990,1,1
20991,1,1
20992,1,1
20993,1,1
20994,1,1
20995,0,2
20996,1,1
20997,1,1
20998,1,1
20999,1,1
21000,0,1
21001,1,1
21002,0,2
21003,1,1
21004,1,1
21005,1,1
21006,0,2
21007,0,2
21008,1,1
21009,1,1
21010,0,2
21011,1,1
21012,1,1
21013,1,1
21014,1,1
21015,1,1
21016,1,1
21017,1,1
21018,1,1
21019,1,1
21020,0,2
21021,1,1
21022,0,2
21023,1,1
21024,1,1
21025,1,1
21026,0,1
21027,1,1
21028,1,1
21029,1,1
21030,0,1
21031,1,1
21032,1,1
21033,1,1
21034,0,2
21035,0,2
21036,1,1
21037,1,1
21038,0,1
21039,0,2
21040,0,2
21041,1,1
21042,1,1
21043,1,1
21044,0,2
21045,2,3
21046,0,2
21047,1,1
21048,0,2
21049,0,2
21050,1,1
21051,0,2
21052,0,1
21053,1,1
21054,0,2
21055,1,1
21056,1,1
21057,0,2
21058,2,0
21059,1,1
21060,0,2
21061,0,2
21062,0,2
21063,1,1
21064,1,1
21065,0,2
21066,1,1
21067,1,1
21068,1,1
21069,0,2
21070,0,2
21071,0,2
21072,0,2
21073,0,2
21074,0,1
21075,0,2
21076,0,2
21077,1,1
21078,1,1
21079,1,1
21080,1,1
21081,0,1
21082,0,2
21083,1,1
21084,2,3
21085,3,2
21086,0,2
21087,1,1
21088,1,1
21089,2,3
21090,0,2
21091,1,1
21092,0,2
21093,1,1
21094,1,1
21095,0,2
21096,0,2
21097,1,1
21098,1,1
21099,1,1
21100,1,1
21101,0,1
21102,1,1
21103,1,1
21104,0,2
21105,1,1
21106,1,1
21107,1,1
21108,1,1
21109,1,1
21110,1,1
21111,1,1
21112,1,1
21113,1,1
21114,1,1
21115,1,1
21116,0,2
21117,0,1
21118,1,1
21119,1,1
21120,1,1
21121,0,2
21122,0,2
21123,2,3
21124,1,1
21125,0,1
21126,1,1
21127,1,1
21128,0,1
21129,2,3
21130,1,1
21131,0,1
21132,0,2
21133,1,1
21134,1,1
21135,1,1
21136,0,1
21137,1,1
21138,0,1
21139,3,1
21140,0,2
21141,0,1
21142,1,1
21143,1,1
21144,1,1
21145,0,1
21146,1,1
21147,1,1
21148,0,2
21149,1,1
21150,1,1
21151,1,1
21152,1,1
21153,1,1
21154,0,2
21155,1,1
21156,0,2
21157,0,2
21158,1,1
21159,1,1
21160,1,1
21161,1,1
21162,1,1
21163,1,1
21164,0,2
21165,1,1
21166,1,1
21167,1,1
21168,1,1
21169,1,1
21170,2,0
21171,0,1
21172,2,3
21173,1,1
21174,1,1
21175,1,1
21176,1,1
21177,0,2
21178,1,1
21179,1,1
21180,1,1
21181,1,1
21182,0,2
21183,0,1
21184,1,1
21185,1,1
21186,0,2
21187,1,1
21188,1,1
21189,1,1
21190,2,3
21191,1,1
21192,2,3
21193,1,1
21194,1,1
21195,2,3
21196,1,1
21197,0,1
21198,1,1
21199,0,2
21200,0,2
21201,1,1
21202,1,1
21203,1,1
21204,1,1
21205,0,2
21206,1,1
21207,1,1
21208,1,1
21209,0,2
21210,1,1
21211,1,1
21212,0,2
21213,1,1
21214,0,2
21215,0,1
21216,1,1
21217,1,1
21218,1,1
21219,1,1
21220,1,1
21221,1,1
21222,1,1
21223,1,1
21224,1,1
21225,1,1
21226,0,2
21227,0,2
21228,1,1
21229,0,2
21230,0,2
21231,1,1
21232,0,2
21233,0,1
21234,0,1
21235,1,1
21236,1,1
21237,1,1
21238,0,2
21239,1,1
21240,1,1
21241,1,1
21242,1,1
21243,0,1
21244,0,1
21245,1,1
21246,1,1
21247,1,1
21248,1,1
21249,0,2
21250,1,1
21251,0,2
21252,1,1
21253,1,1
21254,0,2
21255,1,1
21256,1,1
21257,1,1
21258,1,1
21259,1,1
21260,1,1
21261,2,3
21262,0,1
21263,1,1
21264,1,1
21265,1,1
21266,0,2
21267,1,1
21268,1,1
21269,1,1
21270,0,2
21271,0,2
21272,0,1
21273,0,2
21274,1,1
21275,1,1
21276,1,1
21277,1,1
21278,1,1
21279,0,1
21280,1,1
21281,1,1
21282,1,1
21283,1,1
21284,0,2
21285,0,2
21286,0,2
21287,1,1
21288,1,1
21289,1,1
21290,1,1
21291,0,1
21292,1,1
21293,1,1
21294,0,2
21295,1,1
21296,0,1
21297,1,1
21298,2,0
21299,0,2
21300,1,1
21301,1,1
21302,0,1
21303,0,2
21304,1,1
21305,0,2
21306,1,1
21307,1,1
21308,1,1
21309,1,1
21310,0,2
21311,0,1
21312,0,1
21313,1,1
21314,1,1
21315,0,2
21316,0,1
21317,0,2
21318,0,1
21319,0,1
21320,1,1
21321,0,2
21322,1,1
21323,0,2
21324,1,1
21325,1,1
21326,1,1
21327,2,3
21328,0,2
21329,1,1
21330,0,1
21331,1,1
21332,0,2
21333,0,2
21334,1,1
21335,1,1
21336,1,1
21337,1,1
21338,1,1
21339,0,2
21340,1,1
21341,0,1
21342,0,2
21343,1,1
21344,1,1
21345,0,1
21346,0,1
21347,1,1
21348,0,1
21349,1,1
21350,0,2
21351,1,1
21352,1,1
21353,0,2
21354,0,1
21355,1,1
21356,1,1
21357,1,1
21358,1,1
21359,0,2
21360,0,2
21361,1,1
21362,0,2
21363,1,1
21364,2,3
21365,0,2
21366,1,1
21367,1,1
21368,0,2
21369,1,1
21370,1,1
21371,0,2
21372,0,1
21373,1,1
21374,0,1
21375,0,2
21376,2,3
21377,1,1
21378,2,3
21379,1,1
21380,1,1
21381,1,1
21382,0,1
21383,1,1
21384,1,1
21385,1,1
21386,1,1
21387,0,2
21388,0,1
21389,0,1
21390,0,2
21391,0,1
21392,1,1
21393,1,1
21394,1,1
21395,1,1
21396,3,2
21397,1,1
21398,0,2
21399,0,1
21400,1,1
21401,1,1
21402,1,1
21403,0,1
21404,0,1
21405,1,1
21406,1,1
21407,1,1
21408,1,1
21409,0,2
21410,1,1
21411,0,2
21412,0,2
21413,0,1
21414,0,2
21415,1,1
21416,1,1
21417,1,1
21418,1,1
21419,1,1
21420,0,2
21421,1,1
21422,1,1
21423,0,2
21424,2,3
21425,1,1
21426,1,1
21427,1,1
21428,1,1
21429,0,2
21430,1,1
21431,1,1
21432,0,2
21433,1,1
21434,0,1
21435,0,2
21436,1,1
21437,1,1
21438,1,1
21439,1,1
21440,1,1
21441,1,1
21442,1,1
21443,1,1
21444,0,2
21445,1,1
21446,0,1
21447,1,1
21448,1,1
21449,2,3
21450,1,1
21451,1,1
21452,1,1
21453,1,1
21454,1,1
21455,0,1
21456,1,1
21457,1,1
21458,1,1
21459,0,1
21460,1,1
21461,1,1
21462,1,1
21463,1,1
21464,1,1
21465,1,1
21466,0,1
21467,0,2
21468,0,1
21469,1,1
21470,1,1
21471,1,1
21472,1,1
21473,1,1
21474,1,1
21475,1,1
21476,1,1
21477,1,1
21478,1,1
21479,0,2
21480,1,1
21481,0,1
21482,1,1
21483,1,1
21484,1,1
21485,1,1
21486,1,1
21487,0,2
21488,1,1
21489,2,3
21490,1,1
21491,1,1
21492,0,2
21493,0,2
21494,0,1
21495,0,2
21496,1,1
21497,0,2
21498,0,1
21499,1,1
21500,1,1
21501,0,1
21502,0,2
21503,1,1
21504,1,1
21505,1,1
21506,1,1
21507,1,1
21508,1,1
21509,1,1
21510,1,1
21511,1,1
21512,1,1
21513,1,1
21514,1,1
21515,1,1
21516,1,1
21517,1,1
21518,1,1
21519,1,1
21520,1,1
21521,1,1
21522,1,1
21523,0,1
21524,0,2
21525,0,2
21526,0,2
21527,1,1
21528,1,1
21529,1,1
21530,0,2
21531,1,1
21532,0,1
21533,1,1
21534,1,1
21535,1,1
21536,1,1
21537,1,1
21538,1,1
21539,1,1
21540,1,1
21541,1,1
21542,1,1
21543,1,1
21544,1,1
21545,0,1
21546,1,1
21547,1,1
21548,0,1
21549,1,1
21550,1,1
21551,0,2
21552,2,3
21553,1,1
21554,1,1
21555,1,1
21556,0,2
21557,1,1
21558,1,1
21559,1,1
21560,1,1
21561,1,1
21562,2,3
21563,1,1
21564,0,2
21565,1,1
21566,1,1
21567,1,1
21568,1,1
21569,0,1
21570,1,1
21571,1,1
21572,1,1
21573,0,2
21574,0,2
21575,0,2
21576,0,2
21577,1,1
21578,0,1
21579,1,1
21580,1,1
21581,1,1
21582,1,1
21583,0,2
21584,1,1
21585,1,1
21586,1,1
21587,1,1
21588,1,1
21589,1,1
21590,0,1
21591,1,1
21592,1,1
21593,1,1
21594,0,2
21595,1,1
21596,0,2
21597,1,1
21598,2,3
21599,1,1
21600,0,2
21601,2,0
21602,1,1
21603,0,2
21604,0,1
21605,0,2
21606,1,1
21607,0,2
21608,0,1
21609,0,2
21610,0,1
21611,1,1
21612,2,3
21613,1,1
21614,1,1
21615,0,2
21616,0,1
21617,1,1
21618,1,1
21619,1,1
21620,1,1
21621,1,1
21622,1,1
21623,1,1
21624,1,1
21625,1,1
21626,1,1
21627,1,1
21628,1,1
21629,1,1
21630,1,1
21631,0,1
21632,0,2
21633,1,1
21634,1,1
21635,0,1
21636,1,1
21637,0,2
21638,1,1
21639,1,1
21640,0,2
21641,1,1
21642,1,1
21643,1,1
21644,0,2
21645,0,1
21646,0,2
21647,1,1
21648,1,1
21649,1,1
21650,1,1
21651,1,1
21652,2,0
21653,1,1
21654,0,2
21655,0,2
21656,0,2
21657,1,1
21658,1,1
21659,0,2
21660,1,1
21661,1,1
21662,0,1
21663,1,1
21664,1,1
21665,0,2
21666,0,2
21667,1,1
21668,1,1
21669,1,1
21670,0,2
21671,1,1
21672,1,1
21673,2,3
21674,0,2
21675,1,1
21676,0,1
21677,1,1
21678,0,1
21679,0,1
21680,0,2
21681,0,1
21682,1,1
21683,1,1
21684,1,1
21685,0,2
21686,1,1
21687,1,1
21688,1,1
21689,1,1
21690,1,1
21691,1,1
21692,1,1
21693,2,0
21694,0,1
21695,1,1
21696,1,1
21697,1,1
21698,1,1
21699,1,1
21700,0,2
21701,0,2
21702,0,2
21703,1,1
21704,0,2
21705,1,1
21706,1,1
21707,1,1
21708,1,1
21709,0,1
21710,0,1
21711,0,1
21712,1,1
21713,0,2
21714,0,2
21715,1,1
21716,1,1
21717,1,1
21718,0,2
21719,0,2
21720,1,1
21721,1,1
21722,0,2
21723,1,1
21724,1,1
21725,1,1
21726,1,1
21727,1,1
21728,0,1
21729,1,1
21730,1,1
21731,1,1
21732,1,1
21733,0,1
21734,1,1
21735,0,2
21736,1,1
21737,1,1
21738,0,2
21739,1,1
21740,0,2
21741,1,1
21742,2,3
21743,1,1
21744,3,2
21745,1,1
21746,0,1
21747,0,2
21748,1,1
21749,0,1
21750,0,2
21751,1,1
21752,0,1
21753,1,1
21754,0,1
21755,0,1
21756,1,1
21757,1,1
21758,1,1
21759,1,1
21760,0,2
21761,1,1
21762,0,1
21763,0,1
21764,0,1
21765,1,1
21766,1,1
21767,0,1
21768,0,1
21769,1,1
21770,1,1
21771,1,1
21772,0,1
21773,1,1
21774,0,2
21775,1,1
21776,1,1
21777,0,1
21778,1,1
21779,0,2
21780,0,2
21781,1,1
21782,1,1
21783,0,1
21784,1,1
21785,1,1
21786,0,2
21787,0,2
21788,1,1
21789,1,1
21790,1,1
21791,1,1
21792,1,1
21793,1,1
21794,0,1
21795,1,1
21796,1,1
21797,1,1
21798,0,2
21799,1,1
21800,1,1
21801,1,1
21802,0,1
21803,1,1
21804,0,1
21805,1,1
21806,0,2
21807,0,2
21808,1,1
21809,1,1
21810,1,1
21811,1,1
21812,0,1
21813,1,1
21814,1,1
21815,1,1
21816,1,1
21817,0,1
21818,1,1
21819,0,2
21820,0,2
21821,1,1
21822,1,1
21823,0,2
21824,2,0
21825,1,1
21826,1,1
21827,1,1
21828,1,1
21829,0,2
21830,1,1
21831,1,1
21832,0,2
21833,0,2
21834,1,1
21835,1,1
21836,0,2
21837,1,1
21838,0,1
21839,0,2
21840,0,2
21841,1,1
21842,1,1
21843,1,1
21844,1,1
21845,0,1
21846,1,1
21847,0,2
21848,1,1
21849,0,2
21850,0,2
21851,0,1
21852,1,1
21853,1,1
21854,0,1
21855,1,1
21856,0,1
21857,1,1
21858,0,2
21859,0,2
21860,1,1
21861,1,1
21862,1,1
21863,1,1
21864,1,1
21865,1,1
21866,0,2
21867,0,2
21868,1,1
21869,2,3
21870,1,1
21871,1,1
21872,1,1
21873,1,1
21874,1,1
21875,0,1
21876,1,1
21877,1,1
21878,0,1
21879,1,1
21880,1,1
21881,0,2
21882,0,2
21883,1,1
21884,0,2
21885,1,1
21886,0,2
21887,1,1
21888,0,1
21889,1,1
21890,0,2
21891,0,1
21892,0,1
21893,0,1
21894,1,1
21895,0,2
21896,0,1
21897,2,3
21898,0,1
21899,1,1
21900,1,1
21901,1,1
21902,0,1
21903,1,1
21904,1,1
21905,1,1
21906,1,1
21907,0,2
21908,0,2
21909,1,1
21910,1,1
21911,1,1
21912,1,1
21913,1,1
21914,1,1
21915,0,2
21916,0,1
21917,0,2
21918,1,1
21919,1,1
21920,0,2
21921,0,2
21922,1,1
21923,1,1
21924,1,1
21925,1,1
21926,1,1
21927,0,1
21928,1,1
21929,1,1
21930,0,1
21931,1,1
21932,1,1
21933,1,1
21934,0,1
21935,1,1
21936,1,1
21937,2,3
21938,2,3
21939,1,1
21940,1,1
21941,0,1
21942,1,1
21943,3,2
21944,1,1
21945,1,1
21946,2,3
21947,0,2
21948,0,1
21949,0,2
21950,1,1
21951,1,1
21952,0,1
21953,0,2
21954,1,1
21955,1,1
21956,0,2
21957,1,1
21958,1,1
21959,1,1
21960,0,1
21961,1,1
21962,0,2
21963,1,1
21964,1,1
21965,0,2
21966,1,1
21967,0,2
21968,1,1
21969,0,2
21970,1,1
21971,1,1
21972,1,1
21973,1,1
21974,0,2
21975,0,2
21976,1,1
21977,0,2
21978,1,1
21979,0,2
21980,1,1
21981,1,1
21982,0,2
21983,0,2
21984,1,1
21985,1,1
21986,1,1
21987,1,1
21988,1,1
21989,1,1
21990,0,1
21991,1,1
21992,1,1
21993,1,1
21994,0,2
21995,1,1
21996,0,2
21997,0,2
21998,1,1
21999,2,3
22000,1,1
22001,1,1
22002,0,2
22003,1,1
22004,1,1
22005,1,1
22006,1,1
22007,1,1
22008,1,1
22009,0,2
22010,1,1
22011,1,1
22012,0,2
22013,1,1
22014,1,1
22015,2,0
22016,1,1
22017,1,1
22018,2,3
22019,1,1
22020,1,1
22021,0,2
22022,1,1
22023,0,2
22024,1,1
22025,1,1
22026,0,2
22027,0,1
22028,0,1
22029,1,1
22030,1,1
22031,0,1
22032,1,1
22033,1,1
22034,1,1
22035,0,1
22036,1,1
22037,1,1
22038,0,1
22039,1,1
22040,1,1
22041,1,1
22042,0,2
22043,2,3
22044,0,2
22045,1,1
22046,2,3
22047,1,1
22048,1,1
22049,0,2
22050,1,1
22051,1,1
22052,0,1
22053,1,1
22054,0,1
22055,1,1
22056,0,2
22057,2,3
22058,1,1
22059,1,1
22060,1,1
22061,0,1
22062,1,1
22063,1,1
22064,1,1
22065,1,1
22066,1,1
22067,1,1
22068,0,2
22069,0,1
22070,2,0
22071,1,1
22072,0,2
22073,0,1
22074,1,1
22075,0,1
22076,1,1
22077,1,1
22078,1,1
22079,1,1
22080,1,1
22081,1,1
22082,0,2
22083,0,2
22084,1,1
22085,1,1
22086,1,1
22087,1,1
22088,1,1
22089,1,1
22090,1,1
22091,0,1
22092,1,1
22093,0,2
22094,0,1
22095,1,1
22096,2,3
22097,1,1
22098,1,1
22099,1,1
22100,1,1
22101,0,2
22102,1,1
22103,1,1
22104,0,2
22105,0,1
22106,0,2
22107,1,1
22108,1,1
22109,1,1
22110,0,2
22111,1,1
22112,0,1
22113,1,1
22114,0,1
22115,1,1
22116,1,1
22117,0,1
22118,0,2
22119,1,1
22120,1,1
22121,1,1
22122,1,1
22123,0,2
22124,0,2
22125,1,1
22126,1,1
22127,1,1
22128,0,2
22129,1,1
22130,1,1
22131,0,2
22132,1,1
22133,1,1
22134,1,1
22135,1,1
22136,1,1
22137,1,1
22138,0,2
22139,0,1
22140,0,2
22141,1,1
22142,0,2
22143,1,1
22144,0,1
22145,1,1
22146,1,1
22147,1,1
22148,1,1
22149,1,1
22150,0,2
22151,2,0
22152,0,2
22153,1,1
22154,1,1
22155,1,1
22156,1,1
22157,1,1
22158,1,1
22159,0,1
22160,1,1
22161,0,1
22162,1,1
22163,0,2
22164,1,1
22165,1,1
22166,1,1
22167,1,1
22168,1,1
22169,1,1
22170,0,2
22171,1,1
22172,1,1
22173,0,1
22174,1,1
22175,0,2
22176,1,1
22177,0,1
22178,1,1
22179,0,2
22180,1,1
22181,0,1
22182,0,2
22183,1,1
22184,0,2
22185,1,1
22186,0,1
22187,1,1
22188,1,1
22189,1,1
22190,1,1
22191,1,1
22192,1,1
22193,0,1
22194,1,1
22195,1,1
22196,2,0
22197,1,1
22198,1,1
22199,0,1
22200,1,1
22201,1,1
22202,1,1
22203,1,1
22204,0,2
22205,0,2
22206,1,1
22207,1,1
22208,2,0
22209,1,1
22210,1,1
22211,0,2
22212,1,1
22213,0,2
22214,0,1
22215,0,2
22216,1,1
22217,1,1
22218,0,1
22219,0,1
22220,0,1
22221,1,1
22222,1,1
22223,1,1
22224,0,2
22225,0,2
22226,0,1
22227,1,1
22228,0,1
22229,2,0
22230,1,1
22231,0,2
22232,0,1
22233,1,1
22234,1,1
22235,0,2
22236,2,3
22237,0,2
22238,1,1
22239,0,2
22240,1,1
22241,3,2
22242,1,1
22243,1,1
22244,1,1
22245,1,1
22246,0,1
22247,0,2
22248,1,1
22249,3,2
22250,1,1
22251,0,2
22252,1,1
22253,1,1
22254,1,1
22255,0,2
22256,1,1
22257,1,1
22258,0,1
22259,1,1
22260,1,1
22261,0,2
22262,0,2
22263,1,1
22264,1,1
22265,0,2
22266,1,1
22267,0,2
22268,0,1
22269,1,1
22270,1,1
22271,1,1
22272,0,1
22273,1,1
22274,0,2
22275,0,1
22276,1,1
22277,1,1
22278,2,0
22279,1,1
22280,1,1
22281,1,1
22282,1,1
22283,1,1
22284,1,1
22285,2,3
22286,1,1
22287,0,2
22288,0,2
22289,0,1
22290,1,1
22291,1,1
22292,0,2
22293,0,2
22294,1,1
22295,1,1
22296,1,1
22297,0,1
22298,1,1
22299,1,1
22300,1,1
22301,1,1
22302,0,2
22303,0,1
22304,3,2
22305,1,1
22306,1,1
22307,0,1
22308,1,1
22309,1,1
22310,0,1
22311,0,2
22312,0,2
22313,1,1
22314,0,1
22315,1,1
22316,1,1
22317,1,1
22318,1,1
22319,1,1
22320,0,1
22321,1,1
22322,1,1
22323,1,1
22324,2,3
22325,2,3
22326,0,2
22327,0,2
22328,0,2
22329,1,1
22330,1,1
22331,0,2
22332,1,1
22333,1,1
22334,1,1
22335,0,1
22336,0,2
22337,0,2
22338,1,1
22339,1,1
22340,3,2
22341,1,1
22342,2,3
22343,0,2
22344,1,1
22345,1,1
22346,0,1
22347,1,1
22348,1,1
22349,1,1
22350,1,1
22351,0,1
22352,1,1
22353,0,2
22354,1,1
22355,1,1
22356,0,2
22357,1,1
22358,1,1
22359,0,2
22360,0,2
22361,1,1
22362,0,2
22363,0,1
22364,1,1
22365,2,0
22366,1,1
22367,0,2
22368,1,1
22369,0,2
22370,2,3
22371,1,1
22372,0,2
22373,0,2
22374,0,1
22375,0,1
22376,1,1
22377,0,2
22378,1,1
22379,1,1
22380,0,2
22381,1,1
22382,0,2
22383,1,1
22384,1,1
22385,1,1
22386,0,2
22387,2,3
22388,0,1
22389,1,1
22390,0,1
22391,0,2
22392,1,1
22393,1,1
22394,0,2
22395,0,2
22396,1,1
22397,0,2
22398,1,1
22399,1,1
22400,0,2
22401,0,2
22402,0,2
22403,1,1
22404,0,1
22405,0,1
22406,1,1
22407,1,1
22408,0,1
22409,0,2
22410,1,1
22411,0,2
22412,0,1
22413,0,2
22414,0,1
22415,0,2
22416,1,1
22417,0,1
22418,1,1
22419,1,1
22420,0,2
22421,0,1
22422,1,1
22423,0,2
22424,0,1
22425,0,2
22426,1,1
22427,1,1
22428,0,2
22429,3,2
22430,0,1
22431,1,1
22432,0,2
22433,1,1
22434,1,1
22435,1,1
22436,2,3
22437,1,1
22438,0,1
22439,1,1
22440,1,1
22441,0,1
22442,1,1
22443,0,1
22444,1,1
22445,1,1
22446,1,1
22447,1,1
22448,0,2
22449,1,1
22450,1,1
22451,0,1
22452,0,1
22453,0,1
22454,0,2
22455,0,1
22456,1,1
22457,0,2
22458,0,2
22459,1,1
22460,1,1
22461,1,1
22462,1,1
22463,0,1
22464,1,1
22465,1,1
22466,1,1
22467,1,1
22468,1,1
22469,1,1
22470,0,2
22471,1,1
22472,1,1
22473,1,1
22474,0,2
22475,1,1
22476,0,1
22477,0,1
22478,1,1
22479,1,1
22480,1,1
22481,0,1
22482,1,1
22483,1,1
22484,0,2
22485,1,1
22486,1,1
22487,1,1
22488,1,1
22489,1,1
22490,1,1
22491,0,1
22492,1,1
22493,1,1
22494,0,2
22495,1,1
22496,0,1
22497,0,1
22498,0,1
22499,1,1
22500,0,1
22501,1,1
22502,1,1
22503,0,2
22504,1,1
22505,0,2
22506,0,2
22507,1,1
22508,1,1
22509,3,1
22510,1,1
22511,1,1
22512,1,1
22513,0,1
22514,1,1
22515,1,1
22516,1,1
22517,0,2
22518,1,1
22519,3,2
22520,1,1
22521,0,1
22522,2,3
22523,1,1
22524,1,1
22525,1,1
22526,0,2
22527,2,3
22528,0,1
22529,0,2
22530,2,3
22531,0,2
22532,1,1
22533,1,1
22534,1,1
22535,0,2
22536,1,1
22537,0,2
22538,2,0
22539,0,2
22540,0,2
22541,2,0
22542,1,1
22543,0,1
22544,2,3
22545,1,1
22546,2,3
22547,0,2
22548,1,1
22549,1,1
22550,2,3
22551,0,2
22552,1,1
22553,1,1
22554,0,1
22555,1,1
22556,1,1
22557,1,1
22558,1,1
22559,1,1
22560,0,1
22561,1,1
22562,1,1
22563,0,2
22564,1,1
22565,1,1
22566,1,1
22567,0,1
22568,1,1
22569,1,1
22570,0,2
22571,0,1
22572,1,1
22573,1,1
22574,0,2
22575,0,1
22576,0,1
22577,0,2
22578,1,1
22579,1,1
22580,1,1
22581,1,1
22582,1,1
22583,0,2
22584,0,2
22585,0,1
22586,0,1
22587,1,1
22588,0,2
22589,0,2
22590,1,1
22591,1,1
22592,1,1
22593,1,1
22594,1,1
22595,0,2
22596,1,1
22597,0,2
22598,1,1
22599,0,1
22600,0,2
22601,0,2
22602,1,1
22603,1,1
22604,2,0
22605,1,1
22606,1,1
22607,1,1
22608,1,1
22609,0,1
22610,1,1
22611,0,1
22612,0,2
22613,2,3
22614,2,0
22615,0,2
22616,2,0
22617,1,1
22618,0,2
22619,0,2
22620,0,2
22621,0,1
22622,1,1
22623,1,1
22624,0,1
22625,1,1
22626,0,1
22627,0,2
22628,1,1
22629,1,1
22630,1,1
22631,1,1
22632,1,1
22633,0,2
22634,1,1
22635,1,1
22636,1,1
22637,1,1
22638,1,1
22639,1,1
22640,1,1
22641,0,1
22642,0,2
22643,1,1
22644,1,1
22645,1,1
22646,0,1
22647,1,1
22648,0,1
22649,1,1
22650,1,1
22651,0,2
22652,1,1
22653,0,2
22654,0,1
22655,1,1
22656,1,1
22657,1,1
22658,0,2
22659,0,2
22660,2,0
22661,1,1
22662,1,1
22663,0,2
22664,1,1
22665,1,1
22666,0,2
22667,0,2
22668,0,2
22669,0,2
22670,0,2
22671,0,2
22672,0,1
22673,0,2
22674,1,1
22675,0,2
22676,1,1
22677,1,1
22678,1,1
22679,1,1
22680,1,1
22681,0,1
22682,1,1
22683,1,1
22684,1,1
22685,1,1
22686,1,1
22687,1,1
22688,1,1
22689,0,2
22690,2,3
22691,1,1
22692,1,1
22693,2,3
22694,2,3
22695,1,1
22696,0,2
22697,1,1
22698,1,1
22699,1,1
22700,0,2
22701,1,1
22702,1,1
22703,1,1
22704,0,2
22705,0,1
22706,1,1
22707,1,1
22708,1,1
22709,1,1
22710,1,1
22711,1,1
22712,1,1
22713,1,1
22714,0,2
22715,1,1
22716,0,2
22717,0,2
22718,1,1
22719,1,1
22720,1,1
22721,2,3
22722,3,2
22723,2,3
22724,1,1
22725,1,1
22726,0,2
22727,1,1
22728,1,1
22729,1,1
22730,1,1
22731,0,1
22732,0,2
22733,1,1
22734,0,2
22735,0,1
22736,1,1
22737,0,2
22738,1,1
22739,1,1
22740,1,1
22741,1,1
22742,1,1
22743,0,2
22744,1,1
22745,1,1
22746,0,2
22747,0,1
22748,0,1
22749,1,1
22750,1,1
22751,0,2
22752,1,1
22753,0,2
22754,0,2
22755,0,2
22756,0,1
22757,0,1
22758,0,1
22759,1,1
22760,2,3
22761,1,1
22762,1,1
22763,1,1
22764,0,2
22765,1,1
22766,0,2
22767,1,1
22768,1,1
22769,1,1
22770,0,2
22771,0,1
22772,0,1
22773,1,1
22774,1,1
22775,0,2
22776,1,1
22777,0,2
22778,2,3
22779,1,1
22780,0,1
22781,0,2
22782,0,1
22783,1,1
22784,1,1
22785,0,2
22786,1,1
22787,1,1
22788,1,1
22789,1,1
22790,1,1
22791,1,1
22792,1,1
22793,0,2
22794,1,1
22795,1,1
22796,1,1
22797,1,1
22798,0,2
22799,0,2
22800,1,1
22801,1,1
22802,0,1
22803,0,2
22804,0,1
22805,1,1
22806,0,2
22807,1,1
22808,1,1
22809,0,2
22810,1,1
22811,0,2
22812,1,1
22813,1,1
22814,1,1
22815,1,1
22816,0,1
22817,1,1
22818,0,1
22819,1,1
22820,1,1
22821,0,2
22822,1,1
22823,0,2
22824,1,1
22825,1,1
22826,1,1
22827,1,1
22828,1,1
22829,1,1
22830,0,2
22831,1,1
22832,1,1
22833,1,1
22834,0,2
22835,0,2
22836,0,2
22837,1,1
22838,1,1
22839,0,1
22840,1,1
22841,1,1
22842,3,1
22843,1,1
22844,1,1
22845,0,2
22846,1,1
22847,1,1
22848,1,1
22849,1,1
22850,1,1
22851,0,1
22852,0,2
22853,1,1
22854,1,1
22855,0,1
22856,0,1
22857,1,1
22858,1,1
22859,1,1
22860,1,1
22861,1,1
22862,0,2
22863,1,1
22864,1,1
22865,1,1
22866,1,1
22867,0,2
22868,0,1
22869,1,1
22870,1,1
22871,1,1
22872,1,1
22873,0,2
22874,2,3
22875,3,2
22876,1,1
22877,0,2
22878,0,2
22879,1,1
22880,1,1
22881,0,2
22882,0,1
22883,1,1
22884,1,1
22885,0,1
22886,0,2
22887,1,1
22888,1,1
22889,1,1
22890,1,1
22891,1,1
22892,0,1
22893,1,1
22894,1,1
22895,1,1
22896,1,1
22897,1,1
22898,1,1
22899,1,1
22900,0,1
22901,1,1
22902,1,1
22903,0,1
22904,1,1
22905,1,1
22906,0,1
22907,1,1
22908,1,1
22909,1,1
22910,1,1
22911,0,2
22912,1,1
22913,0,1
22914,1,1
22915,1,1
22916,1,1
22917,1,1
22918,0,1
22919,0,2
22920,1,1
22921,1,1
22922,1,1
22923,1,1
22924,1,1
22925,1,1
22926,1,1
22927,1,1
22928,1,1
22929,0,1
22930,1,1
22931,0,2
22932,1,1
22933,1,1
22934,0,2
22935,1,1
22936,1,1
22937,0,1
22938,1,1
22939,1,1
22940,2,3
22941,1,1
22942,1,1
22943,1,1
22944,1,1
22945,0,1
22946,1,1
22947,1,1
22948,1,1
22949,1,1
22950,1,1
22951,1,1
22952,1,1
22953,1,1
22954,0,2
22955,0,2
22956,1,1
22957,0,1
22958,1,1
22959,1,1
22960,1,1
22961,1,1
22962,1,1
22963,0,2
22964,1,1
22965,2,3
22966,1,1
22967,0,2
22968,1,1
22969,1,1
22970,0,2
22971,1,1
22972,0,2
22973,1,1
22974,1,1
22975,0,2
22976,1,1
22977,0,2
22978,0,1
22979,2,0
22980,2,3
22981,1,1
22982,1,1
22983,1,1
22984,1,1
22985,1,1
22986,1,1
22987,2,3
22988,0,1
22989,1,1
22990,1,1
22991,1,1
22992,0,2
22993,0,2
22994,1,1
22995,1,1
22996,1,1
22997,2,3
22998,1,1
22999,1,1
23000,1,1
23001,1,1
23002,1,1
23003,1,1
23004,0,1
23005,1,1
23006,1,1
23007,0,1
23008,0,2
23009,1,1
23010,1,1
23011,0,2
23012,1,1
23013,1,1
23014,0,2
23015,1,1
23016,0,1
23017,0,1
23018,0,2
23019,1,1
23020,1,1
23021,1,1
23022,0,2
23023,0,1
23024,1,1
23025,1,1
23026,1,1
23027,1,1
23028,1,1
23029,1,1
23030,2,3
23031,2,3
23032,1,1
23033,3,2
23034,1,1
23035,1,1
23036,1,1
23037,0,2
23038,1,1
23039,1,1
23040,1,1
23041,1,1
23042,2,3
23043,1,1
23044,1,1
23045,1,1
23046,1,1
23047,2,3
23048,1,1
23049,1,1
23050,0,1
23051,0,2
23052,0,1
23053,0,1
23054,0,2
23055,1,1
23056,1,1
23057,0,2
23058,0,1
23059,1,1
23060,0,2
23061,1,1
23062,1,1
23063,0,1
23064,2,3
23065,0,1
23066,0,2
23067,0,2
23068,1,1
23069,0,2
23070,1,1
23071,1,1
23072,1,1
23073,0,2
23074,1,1
23075,0,1
23076,1,1
23077,1,1
23078,0,2
23079,2,3
23080,1,1
23081,1,1
23082,1,1
23083,0,2
23084,0,2
23085,0,2
23086,1,1
23087,1,1
23088,1,1
23089,1,1
23090,1,1
23091,2,0
23092,0,1
23093,1,1
23094,1,1
23095,1,1
23096,1,1
23097,1,1
23098,1,1
23099,1,1
23100,1,1
23101,1,1
23102,1,1
23103,0,1
23104,0,1
23105,1,1
23106,1,1
23107,1,1
23108,1,1
23109,1,1
23110,1,1
23111,2,3
23112,0,2
23113,1,1
23114,1,1
23115,1,1
23116,1,1
23117,0,2
23118,0,2
23119,1,1
23120,1,1
23121,1,1
23122,1,1
23123,1,1
23124,1,1
23125,1,1
23126,1,1
23127,1,1
23128,1,1
23129,0,2
23130,0,1
23131,1,1
23132,1,1
23133,1,1
23134,0,2
23135,1,1
23136,0,1
23137,1,1
23138,0,1
23139,1,1
23140,0,1
23141,2,3
23142,1,1
23143,1,1
23144,1,1
23145,0,1
23146,1,1
23147,1,1
23148,1,1
23149,1,1
23150,1,1
23151,0,2
23152,0,1
23153,0,2
23154,1,1
23155,3,2
23156,2,3
23157,1,1
23158,0,2
23159,1,1
23160,0,1
23161,2,0
23162,0,1
23163,1,1
23164,1,1
23165,1,1
23166,1,1
23167,1,1
23168,1,1
23169,1,1
23170,0,1
23171,1,1
23172,1,1
23173,1,1
23174,1,1
23175,1,1
23176,1,1
23177,1,1
23178,1,1
23179,1,1
23180,1,1
23181,1,1
23182,0,2
23183,1,1
23184,1,1
23185,1,1
23186,1,1
23187,1,1
23188,0,2
23189,1,1
23190,1,1
23191,1,1
23192,0,2
23193,0,2
23194,1,1
23195,1,1
23196,0,2
23197,0,1
23198,1,1
23199,1,1
23200,1,1
23201,1,1
23202,0,1
23203,1,1
23204,0,2
23205,1,1
23206,0,2
23207,0,2
23208,2,3
23209,1,1
23210,0,2
23211,2,3
23212,1,1
23213,1,1
23214,1,1
23215,1,1
23216,0,1
23217,1,1
23218,0,2
23219,1,1
23220,1,1
23221,1,1
23222,2,0
23223,0,2
23224,1,1
23225,1,1
23226,0,1
23227,1,1
23228,1,1
23229,0,1
23230,1,1
23231,1,1
23232,0,1
23233,1,1
23234,1,1
23235,1,1
23236,1,1
23237,1,1
23238,0,1
23239,1,1
23240,1,1
23241,0,2
23242,0,1
23243,1,1
23244,1,1
23245,0,1
23246,1,1
23247,1,1
23248,1,1
23249,0,2
23250,0,2
23251,0,2
23252,0,1
23253,0,2
23254,0,2
23255,1,1
23256,1,1
23257,1,1
23258,1,1
23259,0,2
23260,0,2
23261,1,1
23262,0,1
23263,1,1
23264,0,1
23265,0,1
23266,1,1
23267,1,1
23268,0,2
23269,1,1
23270,2,3
23271,1,1
23272,1,1
23273,1,1
23274,1,1
23275,1,1
23276,1,1
23277,2,3
23278,0,1
23279,0,2
23280,0,2
23281,1,1
23282,1,1
23283,1,1
23284,1,1
23285,1,1
23286,1,1
23287,1,1
23288,0,1
23289,1,1
23290,0,2
23291,1,1
23292,2,3
23293,1,1
23294,0,2
23295,1,1
23296,1,1
23297,1,1
23298,0,1
23299,1,1
23300,1,1
23301,1,1
23302,1,1
23303,0,1
23304,0,2
23305,1,1
23306,1,1
23307,2,3
23308,1,1
23309,0,2
23310,1,1
23311,0,1
23312,0,2
23313,0,2
23314,1,1
23315,1,1
23316,1,1
23317,0,1
23318,1,1
23319,1,1
23320,1,1
23321,1,1
23322,0,2
23323,1,1
23324,1,1
23325,1,1
23326,1,1
23327,1,1
23328,1,1
23329,1,1
23330,1,1
23331,0,1
23332,1,1
23333,0,1
23334,3,2
23335,1,1
23336,1,1
23337,1,1
23338,1,1
23339,1,1
23340,0,1
23341,1,1
23342,0,1
23343,1,1
23344,1,1
23345,0,1
23346,1,1
23347,0,2
23348,1,1
23349,0,2
23350,0,2
23351,0,2
23352,1,1
23353,0,2
23354,2,3
23355,1,1
23356,1,1
23357,0,1
23358,1,1
23359,0,2
23360,1,1
23361,1,1
23362,1,1
23363,1,1
23364,0,2
23365,0,2
23366,1,1
23367,0,2
23368,0,1
23369,0,2
23370,1,1
23371,1,1
23372,1,1
23373,1,1
23374,1,1
23375,1,1
23376,0,2
23377,0,1
23378,1,1
23379,1,1
23380,1,1
23381,1,1
23382,0,2
23383,1,1
23384,1,1
23385,1,1
23386,1,1
23387,1,1
23388,0,2
23389,1,1
23390,1,1
23391,1,1
23392,0,2
23393,0,2
23394,1,1
23395,1,1
23396,1,1
23397,1,1
23398,1,1
23399,1,1
23400,2,3
23401,1,1
23402,2,0
23403,1,1
23404,1,1
23405,0,2
23406,1,1
23407,0,2
23408,1,1
23409,0,2
23410,0,2
23411,0,1
23412,0,1
23413,0,2
23414,1,1
23415,1,1
23416,0,1
23417,1,1
23418,0,2
23419,0,1
23420,1,1
23421,0,2
23422,1,1
23423,1,1
23424,0,2
23425,1,1
23426,1,1
23427,0,2
23428,1,1
23429,1,1
23430,1,1
23431,1,1
23432,1,1
23433,2,0
23434,2,3
23435,1,1
23436,0,2
23437,1,1
23438,0,1
23439,1,1
23440,0,2
23441,1,1
23442,1,1
23443,1,1
23444,1,1
23445,0,2
23446,1,1
23447,0,2
23448,0,2
23449,0,2
23450,1,1
23451,1,1
23452,2,3
23453,1,1
23454,0,2
23455,0,2
23456,1,1
23457,1,2
23458,0,1
23459,1,1
23460,1,1
23461,0,1
23462,1,1
23463,1,1
23464,1,1
23465,1,1
23466,1,1
23467,1,1
23468,1,1
23469,0,1
23470,0,1
23471,0,2
23472,0,2
23473,0,2
23474,1,1
23475,1,1
23476,2,0
23477,1,1
23478,2,3
23479,1,1
23480,0,1
23481,0,2
23482,1,1
23483,1,1
23484,1,1
23485,0,1
23486,1,1
23487,1,1
23488,0,2
23489,1,1
23490,0,2
23491,1,1
23492,1,1
23493,0,2
23494,0,2
23495,0,2
23496,0,2
23497,1,1
23498,0,2
23499,0,2
23500,1,1
23501,1,1
23502,1,1
23503,0,1
23504,1,1
23505,1,1
23506,0,1
23507,0,1
23508,0,1
23509,1,1
23510,1,1
23511,3,1
23512,1,1
23513,1,1
23514,1,1
23515,1,1
23516,1,1
23517,2,3
23518,0,2
23519,1,1
23520,0,2
23521,0,2
23522,0,1
23523,1,1
23524,0,1
23525,0,1
23526,1,1
23527,1,1
23528,0,2
23529,1,1
23530,0,2
23531,0,2
23532,1,1
23533,0,1
23534,1,1
23535,1,1
23536,1,1
23537,2,3
23538,1,1
23539,0,1
23540,1,1
23541,1,1
23542,1,1
23543,1,1
23544,1,1
23545,1,1
23546,2,3
23547,1,1
23548,1,1
23549,1,1
23550,1,1
23551,1,1
23552,0,2
23553,1,1
23554,1,1
23555,1,1
23556,0,1
23557,1,1
23558,1,1
23559,1,1
23560,0,2
23561,1,1
23562,0,1
23563,0,2
23564,1,1
23565,1,1
23566,1,1
23567,0,2
23568,0,2
23569,1,1
23570,1,1
23571,0,2
23572,0,2
23573,2,3
23574,1,1
23575,1,1
23576,1,1
23577,1,1
23578,2,3
23579,1,1
23580,1,1
23581,0,1
23582,1,1
23583,0,2
23584,1,1
23585,1,1
23586,2,3
23587,1,1
23588,1,1
23589,1,1
23590,2,0
23591,1,1
23592,1,1
23593,0,2
23594,1,1
23595,0,1
23596,1,1
23597,0,2
23598,1,1
23599,1,1
23600,0,1
23601,0,2
23602,0,1
23603,1,1
23604,1,1
23605,1,1
23606,1,1
23607,1,1
23608,1,1
23609,1,1
23610,1,1
23611,1,1
23612,1,1
23613,0,2
23614,1,1
23615,0,2
23616,1,1
23617,1,1
23618,1,1
23619,1,1
23620,1,1
23621,1,1
23622,1,1
23623,1,1
23624,1,1
23625,1,1
23626,1,1
23627,1,1
23628,1,1
23629,0,1
23630,0,1
23631,0,2
23632,1,1
23633,0,2
23634,0,1
23635,1,1
23636,1,1
23637,1,1
23638,1,1
23639,1,1
23640,1,1
23641,1,1
23642,1,1
23643,1,1
23644,1,1
23645,1,1
23646,1,1
23647,0,1
23648,0,2
23649,0,2
23650,0,2
23651,0,1
23652,1,1
23653,1,1
23654,0,2
23655,1,1
23656,1,1
23657,0,1
23658,1,1
23659,1,1
23660,1,1
23661,1,1
23662,1,1
23663,0,1
23664,1,1
23665,2,3
23666,1,1
23667,1,1
23668,1,1
23669,1,1
23670,1,1
23671,1,1
23672,1,1
23673,0,1
23674,1,1
23675,2,3
23676,1,1
23677,0,2
23678,0,2
23679,1,1
23680,0,2
23681,0,2
23682,1,1
23683,1,1
23684,0,1
23685,1,1
23686,1,1
23687,1,1
23688,1,1
23689,1,1
23690,0,2
23691,1,1
23692,1,1
23693,1,1
23694,1,1
23695,0,2
23696,0,2
23697,1,1
23698,0,2
23699,1,1
23700,0,1
23701,2,3
23702,0,2
23703,1,1
23704,0,2
23705,1,1
23706,1,1
23707,1,1
23708,0,2
23709,1,1
23710,1,1
23711,1,1
23712,0,2
23713,1,1
23714,1,1
23715,0,2
23716,1,1
23717,1,1
23718,1,1
23719,1,1
23720,0,2
23721,2,3
23722,2,0
23723,1,1
23724,0,1
23725,1,1
23726,0,2
23727,1,1
23728,0,2
23729,1,1
23730,1,1
23731,3,2
23732,1,1
23733,0,1
23734,1,1
23735,1,1
23736,1,1
23737,0,2
23738,0,2
23739,0,1
23740,0,2
23741,2,3
23742,1,1
23743,1,1
23744,1,1
23745,1,1
23746,1,1
23747,1,1
23748,1,1
23749,1,1
23750,0,2
23751,3,2
23752,0,2
23753,1,1
23754,2,0
23755,1,1
23756,1,1
23757,1,1
23758,0,2
23759,1,1
23760,1,1
23761,0,2
23762,0,2
23763,0,2
23764,1,1
23765,1,1
23766,0,2
23767,0,1
23768,1,1
23769,1,1
23770,1,1
23771,0,2
23772,1,1
23773,1,1
23774,0,2
23775,0,2
23776,1,1
23777,0,2
23778,0,2
23779,1,1
23780,0,2
23781,0,1
23782,1,1
23783,1,1
23784,1,1
23785,1,1
23786,1,1
23787,1,1
23788,1,1
23789,0,2
23790,0,2
23791,1,1
23792,1,1
23793,2,3
23794,1,1
23795,1,1
23796,2,3
23797,0,1
23798,1,1
23799,0,2
23800,0,2
23801,1,1
23802,1,1
23803,1,1
23804,1,1
23805,1,1
23806,1,1
23807,0,2
23808,1,1
23809,1,1
23810,1,1
23811,1,1
23812,0,1
23813,0,2
23814,0,1
23815,0,2
23816,1,1
23817,1,1
23818,1,1
23819,1,1
23820,1,1
23821,1,1
23822,1,1
23823,0,1
23824,1,1
23825,1,1
23826,1,1
23827,0,2
23828,1,1
23829,0,1
23830,1,1
23831,0,1
23832,0,2
23833,1,1
23834,1,1
23835,1,1
23836,0,1
23837,1,1
23838,2,0
23839,0,2
23840,1,1
23841,1,1
23842,0,2
23843,0,2
23844,1,1
23845,0,2
23846,0,2
23847,1,1
23848,1,1
23849,1,1
23850,0,2
23851,0,1
23852,0,2
23853,1,1
23854,1,1
23855,0,2
23856,0,2
23857,1,1
23858,1,1
23859,0,2
23860,1,1
23861,1,1
23862,0,1
23863,0,2
23864,0,1
23865,0,1
23866,1,1
23867,1,1
23868,1,1
23869,2,3
23870,1,1
23871,1,1
23872,1,1
23873,1,1
23874,1,1
23875,1,1
23876,1,1
23877,0,2
23878,1,1
23879,1,1
23880,1,1
23881,0,1
23882,1,1
23883,1,1
23884,0,2
23885,1,1
23886,1,1
23887,0,2
23888,1,1
23889,1,1
23890,1,1
23891,1,1
23892,1,1
23893,1,1
23894,1,1
23895,0,2
23896,0,2
23897,2,3
23898,1,1
23899,0,2
23900,0,2
23901,1,1
23902,0,2
23903,2,3
23904,0,2
23905,1,1
23906,2,0
23907,1,1
23908,1,1
23909,2,3
23910,2,3
23911,0,1
23912,1,1
23913,1,1
23914,1,1
23915,0,1
23916,0,1
23917,0,2
23918,1,1
23919,1,1
23920,1,1
23921,1,1
23922,0,2
23923,1,1
23924,0,2
23925,1,1
23926,1,1
23927,1,1
23928,0,2
23929,0,1
23930,0,2
23931,0,2
23932,0,2
23933,0,2
23934,1,1
23935,1,1
23936,2,0
23937,1,1
23938,1,1
23939,1,1
23940,0,1
23941,1,1
23942,0,2
23943,1,1
23944,1,1
23945,0,2
23946,1,1
23947,1,1
23948,1,1
23949,0,2
23950,1,1
23951,1,1
23952,0,2
23953,0,2
23954,0,2
23955,1,1
23956,0,2
23957,1,1
23958,1,1
23959,1,1
23960,1,1
23961,0,2
23962,1,1
23963,2,3
23964,1,1
23965,1,1
23966,1,1
23967,1,1
23968,1,1
23969,1,1
23970,0,2
23971,1,1
23972,1,1
23973,0,1
23974,0,2
23975,1,1
23976,1,1
23977,0,2
23978,0,1
23979,1,1
23980,0,2
23981,0,1
23982,0,1
23983,1,1
23984,0,2
23985,1,1
23986,1,1
23987,1,1
23988,2,3
23989,1,1
23990,1,1
23991,1,1
23992,1,1
23993,0,2
23994,1,1
23995,1,1
23996,1,1
23997,1,1
23998,0,2
23999,1,1
24000,1,1
24001,1,1
24002,0,2
24003,1,1
24004,1,1
24005,1,1
24006,0,2
24007,0,2
24008,0,2
24009,0,1
24010,1,1
24011,0,1
24012,2,0
24013,0,2
24014,1,1
24015,0,2
24016,0,2
24017,1,1
24018,1,1
24019,1,1
24020,1,1
24021,1,1
24022,1,1
24023,0,1
24024,0,2
24025,0,2
24026,1,1
24027,1,1
24028,0,2
24029,1,1
24030,0,1
24031,1,1
24032,0,2
24033,1,1
24034,1,1
24035,1,1
24036,0,2
24037,1,1
24038,1,1
24039,1,1
24040,0,2
24041,0,1
24042,1,1
24043,1,1
24044,1,1
24045,0,1
24046,1,1
24047,1,1
24048,1,1
24049,1,1
24050,1,1
24051,1,1
24052,1,1
24053,0,2
24054,1,1
24055,1,1
24056,0,2
24057,1,1
24058,0,1
24059,0,1
24060,1,1
24061,0,2
24062,0,2
24063,1,1
24064,1,1
24065,1,1
24066,1,1
24067,0,2
24068,0,2
24069,1,1
24070,1,1
24071,0,2
24072,1,1
24073,0,1
24074,1,1
24075,1,1
24076,1,1
24077,1,1
24078,1,1
24079,0,2
24080,0,2
24081,1,1
24082,1,1
24083,0,1
24084,0,2
24085,1,1
24086,0,1
24087,1,1
24088,0,2
24089,1,1
24090,1,1
24091,1,1
24092,1,1
24093,1,1
24094,1,1
24095,1,1
24096,0,2
24097,1,1
24098,0,1
24099,1,1
24100,1,1
24101,1,1
24102,1,1
24103,0,2
24104,1,1
24105,0,1
24106,1,1
24107,1,1
24108,0,1
24109,1,1
24110,1,1
24111,1,1
24112,0,2
24113,1,1
24114,0,1
24115,1,1
24116,1,1
24117,0,2
24118,1,1
24119,1,1
24120,0,1
24121,1,1
24122,2,3
24123,0,2
24124,0,2
24125,1,1
24126,1,1
24127,1,1
24128,1,1
24129,0,2
24130,0,1
24131,1,1
24132,0,2
24133,0,1
24134,1,1
24135,1,1
24136,0,1
24137,0,2
24138,1,1
24139,1,1
24140,1,1
24141,1,1
24142,1,1
24143,1,1
24144,1,1
24145,0,2
24146,0,2
24147,1,1
24148,1,1
24149,0,2
24150,1,1
24151,1,1
24152,1,1
24153,0,1
24154,0,2
24155,1,1
24156,0,2
24157,1,1
24158,1,1
24159,1,1
24160,0,2
24161,0,1
24162,1,1
24163,0,2
24164,1,1
24165,0,2
24166,2,3
24167,1,1
24168,1,1
24169,1,1
24170,0,1
24171,3,2
24172,1,1
24173,0,2
24174,0,2
24175,1,1
24176,1,1
24177,0,2
24178,1,1
24179,0,2
24180,1,1
24181,1,1
24182,1,1
24183,0,2
24184,1,1
24185,0,2
24186,1,1
24187,0,2
24188,2,0
24189,1,1
24190,1,1
24191,0,2
24192,0,2
24193,1,1
24194,1,1
24195,0,2
24196,1,1
24197,0,2
24198,1,1
24199,1,1
24200,1,1
24201,0,1
24202,0,2
24203,1,1
24204,1,1
24205,0,2
24206,0,1
24207,1,1
24208,1,1
24209,0,1
24210,1,1
24211,1,1
24212,1,1
24213,0,1
24214,0,2
24215,0,2
24216,0,2
24217,0,2
24218,1,1
24219,0,2
24220,0,2
24221,0,1
24222,0,2
24223,1,1
24224,0,2
24225,1,1
24226,1,1
24227,1,1
24228,1,1
24229,0,1
24230,1,1
24231,1,1
24232,0,2
24233,0,2
24234,0,1
24235,1,1
24236,1,1
24237,0,2
24238,1,1
24239,1,1
24240,1,1
24241,0,2
24242,1,1
24243,0,2
24244,1,1
24245,1,1
24246,1,1
24247,1,1
24248,2,3
24249,1,1
24250,1,1
24251,0,2
24252,0,1
24253,0,1
24254,0,2
24255,1,1
24256,1,1
24257,1,1
24258,1,1
24259,0,2
24260,1,1
24261,1,1
24262,1,1
24263,2,3
24264,1,1
24265,1,1
24266,0,1
24267,0,2
24268,1,1
24269,1,1
24270,1,1
24271,2,0
24272,1,1
24273,1,1
24274,1,1
24275,1,1
24276,0,1
24277,1,1
24278,1,1
24279,0,2
24280,1,1
24281,1,1
24282,0,2
24283,1,1
24284,1,1
24285,1,1
24286,0,2
24287,0,2
24288,0,2
24289,0,2
24290,1,1
24291,1,1
24292,0,2
24293,1,1
24294,1,1
24295,0,2
24296,0,2
24297,1,1
24298,1,1
24299,0,2
24300,1,1
24301,0,2
24302,1,1
24303,1,1
24304,0,2
24305,1,1
24306,1,1
24307,1,1
24308,1,1
24309,0,2
24310,0,2
24311,1,1
24312,1,1
24313,0,2
24314,1,1
24315,1,1
24316,1,1
24317,1,1
24318,1,1
24319,1,1
24320,0,2
24321,1,1
24322,0,2
24323,0,1
24324,1,1
24325,1,1
24326,0,2
24327,0,1
24328,0,1
24329,0,2
24330,0,1
24331,1,1
24332,1,1
24333,2,0
24334,0,2
24335,1,1
24336,1,1
24337,1,1
24338,1,1
24339,1,1
24340,2,3
24341,0,2
24342,1,1
24343,2,0
24344,1,1
24345,0,2
24346,1,1
24347,1,1
24348,1,1
24349,1,1
24350,0,2
24351,1,1
24352,0,1
24353,1,1
24354,0,1
24355,0,2
24356,1,1
24357,2,3
24358,1,1
24359,1,1
24360,1,1
24361,1,1
24362,1,1
24363,1,1
24364,1,1
24365,1,1
24366,1,1
24367,1,1
24368,1,1
24369,0,2
24370,1,1
24371,0,2
24372,1,1
24373,1,1
24374,0,1
24375,1,1
24376,0,2
24377,1,1
24378,0,2
24379,1,1
24380,1,1
24381,2,3
24382,1,1
24383,0,2
24384,0,2
24385,0,1
24386,1,1
24387,0,1
24388,1,1
24389,0,2
24390,1,1
24391,1,1
24392,1,1
24393,0,1
24394,2,3
24395,1,1
24396,2,3
24397,0,2
24398,0,1
24399,1,1
24400,1,1
24401,1,1
24402,1,1
24403,0,1
24404,1,1
24405,1,1
24406,1,1
24407,0,2
24408,1,1
24409,1,1
24410,1,1
24411,0,2
24412,1,1
24413,1,1
24414,0,2
24415,0,2
24416,1,1
24417,2,3
24418,1,1
24419,0,2
24420,0,1
24421,0,2
24422,1,1
24423,0,2
24424,1,1
24425,1,1
24426,1,1
24427,0,2
24428,1,1
24429,1,1
24430,1,1
24431,0,1
24432,1,1
24433,1,1
24434,1,1
24435,1,1
24436,0,1
24437,1,1
24438,1,1
24439,1,1
24440,1,1
24441,0,1
24442,1,1
24443,1,1
24444,1,1
24445,1,1
24446,1,1
24447,0,2
24448,1,1
24449,1,1
24450,0,1
24451,1,1
24452,1,1
24453,1,1
24454,0,2
24455,1,1
24456,1,1
24457,1,1
24458,1,1
24459,2,3
24460,1,1
24461,0,2
24462,1,1
24463,0,1
24464,0,1
24465,1,1
24466,0,1
24467,1,1
24468,0,1
24469,1,1
24470,1,1
24471,0,2
24472,0,2
24473,1,1
24474,1,1
24475,3,2
24476,2,3
24477,0,2
24478,1,1
24479,0,2
24480,0,1
24481,0,1
24482,1,1
24483,1,1
24484,1,1
24485,0,2
24486,0,2
24487,1,1
24488,0,1
24489,1,1
24490,0,2
24491,1,1
24492,1,1
24493,1,1
24494,1,1
24495,0,2
24496,0,1
24497,1,1
24498,0,2
24499,0,2
24500,1,1
24501,3,2
24502,0,1
24503,1,1
24504,1,1
24505,1,1
24506,1,1
24507,1,1
24508,1,1
24509,0,2
24510,1,1
24511,1,1
24512,2,3
24513,1,1
24514,2,0
24515,1,1
24516,0,2
24517,1,1
24518,1,1
24519,1,1
24520,1,1
24521,0,2
24522,0,1
24523,1,1
24524,0,1
24525,1,1
24526,0,2
24527,1,1
24528,0,1
24529,1,1
24530,1,1
24531,1,1
24532,0,2
24533,2,0
24534,0,1
24535,1,1
24536,0,1
24537,1,1
24538,1,1
24539,1,1
24540,0,2
24541,1,1
24542,1,1
24543,1,1
24544,0,2
24545,0,1
24546,1,1
24547,0,2
24548,1,1
24549,1,1
24550,1,1
24551,1,1
24552,0,1
24553,2,3
24554,1,1
24555,0,2
24556,1,1
24557,0,1
24558,1,1
24559,0,1
24560,1,1
24561,1,1
24562,1,1
24563,1,1
24564,0,1
24565,1,1
24566,1,1
24567,1,1
24568,0,1
24569,1,1
24570,1,1
24571,0,2
24572,1,1
24573,1,1
24574,1,1
24575,0,2
24576,1,1
24577,0,2
24578,0,1
24579,1,1
24580,1,1
24581,0,1
24582,0,1
24583,1,1
24584,1,1
24585,1,1
24586,0,2
24587,1,1
24588,0,1
24589,1,1
24590,1,1
24591,1,1
24592,0,2
24593,1,1
24594,0,2
24595,0,2
24596,0,2
24597,2,3
24598,1,1
24599,1,1
24600,1,1
24601,0,2
24602,0,1
24603,0,1
24604,1,1
24605,1,1
24606,0,2
24607,1,1
24608,0,2
24609,0,1
24610,1,1
24611,1,1
24612,0,1
24613,0,1
24614,1,1
24615,1,1
24616,1,1
24617,1,1
24618,0,2
24619,2,3
24620,1,1
24621,1,1
24622,1,1
24623,1,1
24624,1,1
24625,1,1
24626,1,1
24627,0,1
24628,0,2
24629,0,2
24630,1,1
24631,1,1
24632,0,2
24633,1,1
24634,1,1
24635,1,1
24636,1,1
24637,1,1
24638,0,2
24639,0,2
24640,3,2
24641,1,1
24642,1,1
24643,0,2
24644,1,1
24645,0,1
24646,1,1
24647,1,1
24648,1,1
24649,0,1
24650,1,1
24651,1,1
24652,0,2
24653,1,1
24654,1,1
24655,1,1
24656,0,2
24657,0,1
24658,0,2
24659,0,1
24660,1,1
24661,1,1
24662,0,2
24663,1,1
24664,0,1
24665,1,1
24666,1,1
24667,0,1
24668,1,1
24669,0,1
24670,0,1
24671,2,3
24672,0,2
24673,1,1
24674,0,2
24675,1,1
24676,0,2
24677,1,1
24678,1,1
24679,1,1
24680,1,1
24681,1,1
24682,0,2
24683,0,2
24684,1,1
24685,0,2
24686,1,1
24687,0,2
24688,1,1
24689,0,2
24690,1,1
24691,0,2
24692,0,2
24693,0,2
24694,2,3
24695,1,1
24696,0,1
24697,1,1
24698,0,2
24699,1,1
24700,1,1
24701,1,1
24702,1,1
24703,1,1
24704,1,1
24705,1,1
24706,1,1
24707,1,1
24708,2,3
24709,1,1
24710,1,1
24711,1,1
24712,1,1
24713,2,3
24714,0,1
24715,1,1
24716,1,1
24717,0,2
24718,1,1
24719,1,1
24720,0,1
24721,1,1
24722,1,1
24723,1,1
24724,1,1
24725,0,2
24726,0,2
24727,1,1
24728,1,1
24729,0,1
24730,1,1
24731,0,1
24732,1,1
24733,0,1
24734,1,1
24735,2,3
24736,1,1
24737,2,3
24738,0,2
24739,1,1
24740,1,1
24741,1,1
24742,1,1
24743,1,1
24744,1,1
24745,1,1
24746,0,1
24747,1,1
24748,1,1
24749,1,1
24750,2,0
24751,1,1
24752,1,1
24753,1,1
24754,0,1
24755,1,1
24756,2,0
24757,1,1
24758,1,1
24759,1,1
24760,1,1
24761,0,1
24762,0,2
24763,1,1
24764,1,1
24765,2,3
24766,1,1
24767,0,2
24768,0,2
24769,0,1
24770,1,1
24771,1,1
24772,1,1
24773,0,2
24774,1,1
24775,1,1
24776,0,2
24777,1,1
24778,1,1
24779,1,1
24780,0,2
24781,0,2
24782,0,2
24783,1,1
24784,0,2
24785,0,1
24786,0,1
24787,1,1
24788,0,2
24789,1,1
24790,1,1
24791,1,1
24792,2,3
24793,1,1
24794,0,1
24795,0,2
24796,0,2
24797,1,1
24798,1,1
24799,1,1
24800,1,1
24801,1,1
24802,1,1
24803,1,1
24804,0,2
24805,0,2
24806,1,1
24807,1,1
24808,0,1
24809,1,1
24810,0,2
24811,1,1
24812,1,1
24813,1,1
24814,1,1
24815,0,1
24816,1,1
24817,1,1
24818,0,2
24819,1,1
24820,0,1
24821,0,2
24822,1,1
24823,1,1
24824,1,1
24825,1,1
24826,1,1
24827,1,1
24828,1,1
24829,1,1
24830,1,1
24831,0,1
24832,0,2
24833,0,2
24834,2,0
24835,1,1
24836,1,1
24837,1,1
24838,1,1
24839,0,2
24840,0,2
24841,1,1
24842,0,2
24843,1,1
24844,1,1
24845,0,1
24846,1,1
24847,0,2
24848,0,2
24849,1,1
24850,1,1
24851,1,1
24852,0,1
24853,1,1
24854,0,2
24855,1,1
24856,1,1
24857,1,1
24858,1,1
24859,1,1
24860,2,0
24861,3,2
24862,0,1
24863,0,1
24864,0,1
24865,0,2
24866,1,1
24867,1,1
24868,1,1
24869,0,1
24870,1,1
24871,0,2
24872,2,3
24873,1,1
24874,1,1
24875,0,2
24876,1,1
24877,0,1
24878,2,3
24879,1,1
24880,2,3
24881,0,1
24882,0,2
24883,1,1
24884,1,1
24885,0,1
24886,0,2
24887,1,1
24888,2,3
24889,2,0
24890,0,2
24891,1,1
24892,0,2
24893,0,2
24894,1,1
24895,1,1
24896,1,1
24897,0,2
24898,0,2
24899,1,1
24900,1,1
24901,2,3
24902,1,1
24903,0,2
24904,0,1
24905,2,3
24906,0,2
24907,1,1
24908,1,1
24909,1,1
24910,0,2
24911,0,2
24912,0,2
24913,1,1
24914,0,2
24915,1,1
24916,2,0
24917,1,1
24918,1,1
24919,1,1
24920,0,2
24921,0,2
24922,1,1
24923,1,1
24924,2,3
24925,0,2
24926,1,1
24927,0,2
24928,1,1
24929,1,1
24930,1,1
24931,1,1
24932,1,1
24933,0,1
24934,1,1
24935,1,1
24936,0,1
24937,0,2
24938,1,1
24939,0,2
24940,0,2
24941,1,1
24942,0,2
24943,1,1
24944,1,1
24945,0,2
24946,1,1
24947,1,1
24948,0,2
24949,1,1
24950,1,1
24951,1,1
24952,0,2
24953,0,2
24954,1,1
24955,0,2
24956,1,1
24957,0,2
24958,1,1
24959,0,2
24960,0,2
24961,1,1
24962,1,1
24963,1,1
24964,0,1
24965,1,1
24966,0,2
24967,0,1
24968,0,2
24969,1,1
24970,1,1
24971,0,2
24972,2,3
24973,1,1
24974,1,1
24975,1,1
24976,1,1
24977,1,1
24978,1,1
24979,0,2
24980,1,1
24981,1,1
24982,1,1
24983,1,1
24984,1,1
24985,0,1
24986,0,1
24987,1,1
24988,0,2
24989,1,1
24990,1,1
24991,2,3
24992,1,1
24993,1,1
24994,1,1
24995,0,2
24996,1,1
24997,1,1
24998,1,1
24999,1,1
25000,0,1
25001,1,1
25002,1,1
25003,0,2
25004,1,1
25005,1,1
25006,1,1
25007,1,1
25008,2,3
25009,0,2
25010,1,1
25011,1,1
25012,0,2
25013,2,3
25014,1,1
25015,1,1
25016,0,2
25017,0,1
25018,1,1
25019,2,3
25020,1,1
25021,1,1
25022,1,1
25023,1,1
25024,1,1
25025,1,1
25026,0,1
25027,0,2
25028,1,1
25029,1,1
25030,1,1
25031,0,2
25032,0,2
25033,1,1
25034,1,1
25035,0,2
25036,0,1
25037,0,2
25038,0,2
25039,1,1
25040,1,1
25041,1,1
25042,2,3
25043,1,1
25044,1,1
25045,1,1
25046,1,1
25047,2,3
25048,0,1
25049,1,1
25050,1,1
25051,0,2
25052,0,2
25053,0,2
25054,0,1
25055,1,1
25056,0,1
25057,1,1
25058,1,1
25059,0,1
25060,0,1
25061,1,1
25062,0,2
25063,1,1
25064,1,1
25065,0,1
25066,1,1
25067,0,2
25068,0,2
25069,0,1
25070,1,1
25071,1,1
25072,1,1
25073,0,2
25074,1,1
25075,1,1
25076,1,1
25077,0,2
25078,1,1
25079,1,1
25080,1,1
25081,0,2
25082,1,1
25083,0,1
25084,0,1
25085,0,2
25086,1,1
25087,0,2
25088,1,1
25089,1,1
25090,1,1
25091,0,2
25092,1,1
25093,3,1
25094,1,1
25095,1,1
25096,1,1
25097,0,2
25098,0,2
25099,0,1
25100,1,1
25101,0,2
25102,2,3
25103,0,2
25104,0,2
25105,1,1
25106,1,1
25107,1,1
25108,1,1
25109,1,1
25110,0,2
25111,1,1
25112,0,2
25113,1,1
25114,1,1
25115,1,1
25116,1,1
25117,1,1
25118,0,2
25119,1,1
25120,0,2
25121,1,1
25122,0,2
25123,0,1
25124,1,1
25125,1,1
25126,1,1
25127,1,1
25128,1,1
25129,0,1
25130,0,2
25131,0,2
25132,0,2
25133,1,1
25134,1,1
25135,1,1
25136,0,1
25137,0,2
25138,1,1
25139,1,1
25140,0,2
25141,1,1
25142,1,1
25143,1,1
25144,0,2
25145,0,2
25146,1,1
25147,0,2
25148,1,1
25149,0,1
25150,1,1
25151,0,1
25152,0,2
25153,1,1
25154,0,1
25155,1,1
25156,1,1
25157,0,2
25158,0,1
25159,1,1
25160,1,1
25161,1,1
25162,1,1
25163,1,1
25164,1,1
25165,0,2
25166,1,1
25167,0,2
25168,0,2
25169,1,1
25170,1,1
25171,0,1
25172,2,3
25173,0,2
25174,0,2
25175,1,1
25176,1,1
25177,1,1
25178,0,2
25179,1,1
25180,1,1
25181,1,1
25182,1,1
25183,0,1
25184,1,1
25185,1,1
25186,1,1
25187,0,1
25188,1,1
25189,0,2
25190,1,1
25191,1,1
25192,1,1
25193,1,1
25194,1,1
25195,1,1
25196,1,1
25197,0,2
25198,1,1
25199,0,1
25200,1,1
25201,1,1
25202,0,1
25203,0,1
25204,1,1
25205,1,1
25206,0,2
25207,0,2
25208,1,1
25209,1,1
25210,1,1
25211,1,1
25212,0,2
25213,1,1
25214,0,2
25215,1,1
25216,1,1
25217,1,1
25218,0,2
25219,0,2
25220,0,1
25221,0,2
25222,1,1
25223,0,1
25224,0,1
25225,0,1
25226,0,2
25227,3,2
25228,0,2
25229,1,1
25230,1,1
25231,0,2
25232,1,1
25233,1,1
25234,2,3
25235,1,1
25236,1,1
25237,0,1
25238,0,2
25239,1,1
25240,0,2
25241,1,1
25242,1,1
25243,1,1
25244,1,1
25245,0,2
25246,1,1
25247,1,1
25248,1,1
25249,0,2
25250,2,3
25251,0,2
25252,0,2
25253,1,1
25254,1,1
25255,1,1
25256,0,2
25257,2,3
25258,1,1
25259,1,1
25260,0,2
25261,1,1
25262,1,1
25263,1,1
25264,1,1
25265,0,2
25266,1,1
25267,1,1
25268,1,1
25269,0,2
25270,0,1
25271,2,3
25272,0,1
25273,1,1
25274,1,1
25275,1,1
25276,1,1
25277,1,1
25278,1,1
25279,0,2
25280,0,2
25281,1,1
25282,1,1
25283,1,1
25284,1,1
25285,0,2
25286,1,1
25287,1,1
25288,1,1
25289,1,1
25290,0,2
25291,0,2
25292,2,3
25293,1,1
25294,1,1
25295,0,1
25296,1,1
25297,1,1
25298,1,1
25299,1,1
25300,0,2
25301,1,1
25302,0,1
25303,1,1
25304,1,1
25305,1,1
25306,1,1
25307,0,1
25308,1,1
25309,0,2
25310,1,1
25311,0,2
25312,1,1
25313,0,2
25314,1,1
25315,0,2
25316,0,2
25317,1,1
25318,1,1
25319,0,1
25320,1,1
25321,0,2
25322,1,1
25323,0,1
25324,0,1
25325,1,1
25326,0,1
25327,1,1
25328,0,2
25329,2,3
25330,0,2
25331,1,1
25332,0,2
25333,1,1
25334,1,1
25335,1,1
25336,1,1
25337,1,1
25338,0,1
25339,0,1
25340,1,1
25341,1,1
25342,1,1
25343,0,2
25344,0,2
25345,0,2
25346,1,1
25347,2,3
25348,0,1
25349,1,1
25350,2,3
25351,0,1
25352,1,1
25353,0,1
25354,0,1
25355,3,2
25356,1,1
25357,0,2
25358,1,1
25359,1,1
25360,0,2
25361,1,1
25362,0,2
25363,1,1
25364,1,1
25365,0,2
25366,1,1
25367,1,1
25368,0,2
25369,1,1
25370,1,1
25371,0,2
25372,0,2
25373,2,3
25374,1,1
25375,1,1
25376,0,1
25377,1,1
25378,1,1
25379,1,1
25380,1,1
25381,1,1
25382,1,1
25383,1,1
25384,2,0
25385,0,1
25386,0,2
25387,1,1
25388,1,1
25389,1,1
25390,0,2
25391,1,1
25392,0,1
25393,1,1
25394,0,2
25395,1,1
25396,0,1
25397,1,1
25398,1,1
25399,1,1
25400,0,2
25401,1,1
25402,1,1
25403,1,1
25404,1,1
25405,1,1
25406,3,2
25407,1,1
25408,1,1
25409,1,1
25410,1,1
25411,1,1
25412,1,1
25413,1,1
25414,1,1
25415,1,1
25416,0,2
25417,0,1
25418,1,1
25419,1,1
25420,0,2
25421,2,3
25422,2,0
25423,0,2
25424,0,2
25425,0,2
25426,0,2
25427,1,1
25428,0,2
25429,0,2
25430,1,1
25431,0,2
25432,1,1
25433,0,2
25434,1,1
25435,1,1
25436,1,1
25437,1,1
25438,0,2
25439,1,1
25440,0,1
25441,1,1
25442,2,3
25443,1,1
25444,1,1
25445,1,1
25446,1,1
25447,0,2
25448,0,1
25449,0,1
25450,1,1
25451,1,1
25452,1,1
25453,1,1
25454,1,1
25455,0,2
25456,0,2
25457,0,1
25458,0,2
25459,1,1
25460,0,2
25461,0,2
25462,0,2
25463,0,1
25464,0,1
25465,1,1
25466,1,1
25467,1,1
25468,1,1
25469,1,1
25470,1,1
25471,1,1
25472,1,1
25473,1,1
25474,1,1
25475,1,1
25476,1,1
25477,1,1
25478,0,2
25479,0,2
25480,1,1
25481,0,2
25482,1,1
25483,0,2
25484,0,2
25485,2,3
25486,1,1
25487,0,2
25488,0,2
25489,1,1
25490,1,1
25491,1,1
25492,1,1
25493,1,1
25494,0,2
25495,1,1
25496,0,1
25497,1,1
25498,0,1
25499,1,1
25500,0,2
25501,1,1
25502,1,1
25503,1,1
25504,1,1
25505,1,1
25506,0,2
25507,0,1
25508,0,1
25509,0,2
25510,1,1
25511,0,1
25512,1,1
25513,1,1
25514,1,1
25515,1,1
25516,0,2
25517,1,1
25518,1,1
25519,1,1
25520,1,1
25521,0,2
25522,1,1
25523,1,1
25524,0,1
25525,1,1
25526,1,1
25527,1,1
25528,0,1
25529,1,1
25530,0,2
25531,1,1
25532,1,1
25533,1,1
25534,1,1
25535,1,1
25536,0,1
25537,1,1
25538,1,1
25539,1,1
25540,1,1
25541,1,1
25542,1,1
25543,1,1
25544,1,1
25545,0,1
25546,1,1
25547,0,2
25548,1,1
25549,0,1
25550,0,2
25551,1,1
25552,1,1
25553,0,1
25554,1,1
25555,1,1
25556,1,1
25557,1,1
25558,1,1
25559,0,2
25560,0,1
25561,1,1
25562,1,1
25563,1,1
25564,0,2
25565,1,1
25566,0,1
25567,1,1
25568,1,1
25569,1,1
25570,0,2
25571,0,1
25572,0,1
25573,0,1
25574,1,1
25575,0,1
25576,1,1
25577,0,2
25578,1,1
25579,1,1
25580,1,1
25581,1,1
25582,2,3
25583,1,1
25584,1,1
25585,1,1
25586,0,1
25587,1,1
25588,0,1
25589,0,1
25590,0,2
25591,1,1
25592,0,2
25593,1,1
25594,1,1
25595,0,1
25596,1,1
25597,1,1
25598,0,2
25599,1,1
25600,0,1
25601,1,1
25602,1,1
25603,1,1
25604,1,1
25605,0,1
25606,1,1
25607,1,1
25608,0,1
25609,0,2
25610,1,1
25611,3,2
25612,0,2
25613,0,1
25614,1,1
25615,0,2
25616,3,2
25617,0,2
25618,1,1
25619,0,2
25620,2,0
25621,0,1
25622,2,3
25623,1,1
25624,0,1
25625,0,2
25626,1,1
25627,1,1
25628,1,1
25629,1,1
25630,0,2
25631,1,1
25632,1,1
25633,1,1
25634,2,3
25635,0,2
25636,1,1
25637,0,2
25638,0,1
25639,0,2
25640,0,1
25641,0,1
25642,0,2
25643,0,2
25644,0,2
25645,1,1
25646,1,1
25647,0,1
25648,1,1
25649,1,1
25650,1,1
25651,0,2
25652,1,1
25653,1,1
25654,0,1
25655,1,1
25656,1,1
25657,0,1
25658,0,1
25659,1,1
25660,1,1
25661,1,1
25662,1,1
25663,0,2
25664,1,1
25665,1,1
25666,1,1
25667,1,1
25668,1,1
25669,1,1
25670,1,1
25671,0,2
25672,0,2
25673,0,1
25674,1,1
25675,0,1
25676,1,1
25677,0,2
25678,1,1
25679,0,1
25680,1,1
25681,1,1
25682,1,1
25683,1,1
25684,0,2
25685,1,1
25686,0,1
25687,1,1
25688,1,1
25689,0,2
25690,0,2
25691,1,1
25692,1,1
25693,1,1
25694,0,1
25695,1,1
25696,1,1
25697,1,1
25698,2,3
25699,1,1
25700,0,2
25701,0,1
25702,1,1
25703,2,3
25704,1,1
25705,1,1
25706,1,1
25707,1,1
25708,1,1
25709,0,1
25710,1,1
25711,1,1
25712,1,1
25713,0,1
25714,1,1
25715,1,1
25716,0,1
25717,0,1
25718,2,3
25719,0,2
25720,1,1
25721,0,2
25722,1,1
25723,0,2
25724,0,1
25725,1,1
25726,1,1
25727,1,1
25728,1,1
25729,1,1
25730,0,2
25731,1,1
25732,1,1
25733,0,1
25734,1,1
25735,0,1
25736,2,3
25737,0,2
25738,1,1
25739,1,1
25740,0,2
25741,1,1
25742,1,1
25743,1,1
25744,1,1
25745,1,1
25746,0,2
25747,1,1
25748,1,1
25749,1,1
25750,1,1
25751,1,1
25752,1,1
25753,0,2
25754,0,2
25755,1,1
25756,1,1
25757,1,1
25758,1,1
25759,1,1
25760,0,2
25761,1,1
25762,1,1
25763,0,1
25764,1,1
25765,1,1
25766,1,1
25767,1,1
25768,1,1
25769,0,1
25770,1,1
25771,1,1
25772,0,2
25773,0,2
25774,0,2
25775,1,1
25776,2,0
25777,1,1
25778,1,1
25779,1,1
25780,1,1
25781,0,1
25782,1,1
25783,1,1
25784,1,1
25785,1,1
25786,2,3
25787,1,1
25788,2,0
25789,0,2
25790,1,1
25791,1,1
25792,0,2
25793,1,1
25794,2,3
25795,0,2
25796,1,1
25797,1,1
25798,1,1
25799,1,1
25800,1,1
25801,0,2
25802,0,1
25803,0,2
25804,0,2
25805,1,1
25806,2,3
25807,1,1
25808,1,1
25809,1,1
25810,0,2
25811,0,2
25812,2,3
25813,1,1
25814,1,1
25815,1,1
25816,0,2
25817,0,2
25818,1,1
25819,1,1
25820,0,2
25821,1,1
25822,0,2
25823,0,2
25824,0,2
25825,1,1
25826,0,1
25827,1,1
25828,0,2
25829,1,1
25830,1,1
25831,0,1
25832,1,1
25833,1,1
25834,1,1
25835,0,2
25836,1,1
25837,0,2
25838,1,1
25839,1,1
25840,1,1
25841,1,1
25842,0,1
25843,1,1
25844,1,1
25845,0,2
25846,0,2
25847,1,1
25848,1,1
25849,1,1
25850,1,1
25851,1,1
25852,1,1
25853,1,1
25854,1,1
25855,1,1
25856,0,1
25857,1,1
25858,1,1
25859,1,1
25860,1,1
25861,0,2
25862,1,1
25863,2,3
25864,0,1
25865,1,1
25866,0,1
25867,1,1
25868,1,1
25869,1,1
25870,1,1
25871,1,1
25872,1,1
25873,1,1
25874,0,2
25875,2,0
25876,1,1
25877,1,1
25878,1,1
25879,0,2
25880,1,1
25881,1,1
25882,0,2
25883,1,1
25884,2,3
25885,2,3
25886,1,1
25887,1,1
25888,1,1
25889,0,1
25890,1,1
25891,1,1
25892,2,3
25893,2,3
25894,0,2
25895,1,1
25896,1,1
25897,0,1
25898,0,2
25899,1,1
25900,0,2
25901,1,1
25902,1,1
25903,0,1
25904,0,2
25905,0,1
25906,1,1
25907,0,1
25908,0,1
25909,1,1
25910,1,1
25911,0,2
25912,1,1
25913,0,2
25914,1,1
25915,0,2
25916,1,1
25917,1,1
25918,1,1
25919,1,1
25920,1,1
25921,1,1
25922,0,1
25923,1,1
25924,0,2
25925,1,1
25926,1,1
25927,0,1
25928,1,1
25929,1,1
25930,0,2
25931,1,1
25932,0,1
25933,1,1
25934,1,1
25935,2,3
25936,0,2
25937,1,1
25938,1,1
25939,1,1
25940,0,2
25941,0,2
25942,0,1
25943,1,1
25944,0,2
25945,0,1
25946,1,1
25947,1,1
25948,1,1
25949,0,2
25950,1,1
25951,1,1
25952,1,1
25953,0,1
25954,1,1
25955,1,1
25956,1,1
25957,1,1
25958,0,1
25959,1,1
25960,1,1
25961,1,1
25962,1,1
25963,1,1
25964,1,1
25965,1,1
25966,0,1
25967,1,1
25968,1,1
25969,1,1
25970,1,1
25971,1,1
25972,0,1
25973,1,1
25974,1,1
25975,0,2
25976,1,1
25977,0,1
25978,1,1
25979,0,2
25980,1,1
25981,0,1
25982,1,1
25983,1,1
25984,1,1
25985,1,1
25986,1,1
25987,1,1
25988,0,2
25989,0,1
25990,0,1
25991,1,1
25992,1,1
25993,0,1
25994,1,1
25995,2,3
25996,1,1
25997,1,1
25998,1,1
25999,1,1
26000,1,1
26001,1,1
26002,1,1
26003,3,2
26004,1,1
26005,1,1
26006,1,1
26007,0,2
26008,1,1
26009,1,1
26010,1,1
26011,0,2
26012,0,2
26013,1,1
26014,0,2
26015,1,1
26016,1,1
26017,1,1
26018,2,3
26019,0,2
26020,1,1
26021,0,2
26022,1,1
26023,1,1
26024,1,1
26025,0,2
26026,0,2
26027,1,1
26028,1,1
26029,1,1
26030,1,1
26031,0,2
26032,0,2
26033,1,1
26034,0,2
26035,1,1
26036,0,2
26037,0,2
26038,1,1
26039,1,1
26040,1,1
26041,1,1
26042,1,1
26043,0,2
26044,1,1
26045,1,1
26046,1,1
26047,1,1
26048,1,1
26049,1,1
26050,0,1
26051,0,1
26052,1,1
26053,1,1
26054,1,1
26055,1,1
26056,1,1
26057,0,1
26058,1,1
26059,1,1
26060,1,1
26061,1,1
26062,1,1
26063,2,3
26064,0,1
26065,0,1
26066,0,2
26067,1,1
26068,1,1
26069,0,2
26070,1,1
26071,1,1
26072,0,2
26073,1,1
26074,1,1
26075,0,2
26076,0,2
26077,0,1
26078,1,1
26079,1,1
26080,0,2
26081,1,1
26082,0,2
26083,1,1
26084,0,2
26085,0,1
26086,1,1
26087,0,1
26088,0,1
26089,1,1
26090,1,1
26091,1,1
26092,0,1
26093,1,1
26094,0,2
26095,1,1
26096,0,2
26097,1,1
26098,1,1
26099,1,1
26100,0,2
26101,0,2
26102,2,3
26103,1,1
26104,0,1
26105,1,1
26106,1,1
26107,1,1
26108,1,1
26109,1,1
26110,1,1
26111,1,1
26112,0,1
26113,2,0
26114,1,1
26115,0,2
26116,1,1
26117,0,1
26118,0,1
26119,0,2
26120,1,1
26121,1,1
26122,0,1
26123,1,1
26124,0,2
26125,1,1
26126,1,1
26127,1,1
26128,0,1
26129,1,1
26130,1,1
26131,1,1
26132,2,3
26133,0,2
26134,2,3
26135,1,1
26136,2,0
26137,1,1
26138,2,0
26139,1,1
26140,1,1
26141,0,2
26142,1,1
26143,1,1
26144,0,2
26145,1,1
26146,1,1
26147,1,1
26148,3,1
26149,1,1
26150,1,1
26151,1,1
26152,1,1
26153,1,1
26154,0,1
26155,1,1
26156,0,2
26157,0,2
26158,0,2
26159,1,1
26160,1,1
26161,1,1
26162,0,1
26163,1,1
26164,0,2
26165,1,1
26166,1,1
26167,0,2
26168,1,1
26169,1,1
26170,1,1
26171,0,1
26172,1,1
26173,1,1
26174,1,1
26175,2,3
26176,0,2
26177,0,2
26178,1,1
26179,1,1
26180,1,1
26181,1,1
26182,1,1
26183,1,1
26184,1,1
26185,1,1
26186,1,1
26187,1,1
26188,1,1
26189,0,2
26190,1,1
26191,0,1
26192,1,1
26193,1,1
26194,1,1
26195,1,1
26196,3,2
26197,1,1
26198,0,2
26199,0,2
26200,1,1
26201,1,1
26202,0,2
26203,0,2
26204,0,1
26205,0,2
26206,1,1
26207,1,1
26208,1,1
26209,0,1
26210,1,1
26211,1,1
26212,1,1
26213,0,1
26214,1,1
26215,1,1
26216,0,1
26217,0,2
26218,0,2
26219,1,1
26220,1,1
26221,0,1
26222,0,2
26223,3,2
26224,1,1
26225,1,1
26226,1,1
26227,1,1
26228,1,1
26229,0,1
26230,0,2
26231,1,1
26232,1,1
26233,1,1
26234,1,1
26235,1,1
26236,1,1
26237,0,2
26238,1,1
26239,1,1
26240,1,1
26241,1,1
26242,1,1
26243,1,1
26244,1,1
26245,1,1
26246,3,2
26247,1,1
26248,1,1
26249,0,2
26250,1,1
26251,0,2
26252,0,2
26253,0,2
26254,0,1
26255,1,1
26256,0,2
26257,1,1
26258,1,1
26259,1,1
26260,2,3
26261,1,1
26262,1,1
26263,2,0
26264,0,2
26265,0,2
26266,1,1
26267,1,1
26268,0,2
26269,1,1
26270,1,1
26271,1,1
26272,2,3
26273,3,2
26274,1,1
26275,1,1
26276,1,1
26277,1,1
26278,0,1
26279,1,1
26280,1,1
26281,1,1
26282,1,1
26283,1,1
26284,1,1
26285,1,1
26286,0,2
26287,0,2
26288,1,1
26289,0,1
26290,1,1
26291,0,2
26292,0,2
26293,1,1
26294,1,1
26295,0,2
26296,1,1
26297,2,3
26298,1,1
26299,1,1
26300,2,3
26301,0,2
26302,2,0
26303,1,1
26304,1,1
26305,1,1
26306,1,1
26307,0,2
26308,0,2
26309,1,1
26310,1,1
26311,1,1
26312,1,1
26313,2,0
26314,0,2
26315,1,1
26316,0,2
26317,0,1
26318,1,1
26319,1,1
26320,1,1
26321,1,1
26322,1,1
26323,1,1
26324,1,1
26325,0,2
26326,1,1
26327,1,1
26328,1,1
26329,1,1
26330,1,1
26331,0,1
26332,1,1
26333,1,1
26334,1,1
26335,1,1
26336,1,1
26337,0,1
26338,1,1
26339,1,1
26340,1,1
26341,0,2
26342,1,1
26343,2,3
26344,1,1
26345,1,1
26346,0,2
26347,1,1
26348,1,1
26349,1,1
26350,1,1
26351,2,0
26352,0,2
26353,1,1
26354,1,1
26355,1,1
26356,1,1
26357,1,1
26358,1,1
26359,1,1
26360,1,1
26361,1,1
26362,0,1
26363,1,1
26364,1,1
26365,0,2
26366,1,1
26367,1,1
26368,1,1
26369,0,1
26370,0,2
26371,1,1
26372,0,2
26373,1,1
26374,1,1
26375,0,2
26376,0,2
26377,0,2
26378,1,1
26379,1,1
26380,0,2
26381,1,1
26382,1,1
26383,1,1
26384,1,1
26385,0,1
26386,1,1
26387,1,1
26388,0,2
26389,0,1
26390,1,1
26391,1,1
26392,1,1
26393,0,2
26394,1,1
26395,0,1
26396,1,1
26397,1,1
26398,1,1
26399,0,1
26400,1,1
26401,0,1
26402,0,2
26403,1,1
26404,0,2
26405,1,1
26406,1,1
26407,1,1
26408,0,2
26409,1,1
26410,1,1
26411,0,1
26412,0,2
26413,1,1
26414,1,1
26415,1,1
26416,1,1
26417,0,1
26418,1,1
26419,1,1
26420,0,2
26421,2,3
26422,1,1
26423,0,2
26424,0,2
26425,1,1
26426,0,2
26427,1,1
26428,1,1
26429,1,1
26430,1,1
26431,2,0
26432,1,1
26433,0,1
26434,1,1
26435,0,2
26436,1,1
26437,2,3
26438,0,1
26439,2,3
26440,0,2
26441,1,1
26442,0,1
26443,1,1
26444,1,1
26445,0,2
26446,0,2
26447,1,1
26448,0,2
26449,0,2
26450,0,2
26451,1,1
26452,1,1
26453,1,1
26454,1,1
26455,1,1
26456,0,1
26457,1,1
26458,0,2
26459,1,1
26460,2,3
26461,1,1
26462,1,1
26463,0,2
26464,0,1
26465,0,1
26466,1,1
26467,0,2
26468,1,1
26469,0,1
26470,1,1
26471,0,2
26472,0,2
26473,0,2
26474,1,1
26475,1,1
26476,1,1
26477,1,1
26478,1,1
26479,0,2
26480,0,1
26481,0,1
26482,1,1
26483,1,1
26484,1,1
26485,1,1
26486,1,1
26487,0,2
26488,0,2
26489,1,1
26490,1,1
26491,1,1
26492,1,1
26493,1,1
26494,1,1
26495,0,2
26496,1,1
26497,1,1
26498,1,1
26499,1,1
26500,1,1
26501,1,1
26502,0,2
26503,1,1
26504,0,2
26505,1,1
26506,0,1
26507,0,2
26508,1,1
26509,1,1
26510,0,2
26511,1,1
26512,1,1
26513,0,2
26514,0,1
26515,1,1
26516,1,1
26517,0,1
26518,0,1
26519,1,1
26520,1,1
26521,1,1
26522,1,1
26523,0,1
26524,1,1
26525,1,1
26526,1,1
26527,0,1
26528,0,2
26529,1,1
26530,1,1
26531,0,1
26532,0,2
26533,1,1
26534,1,1
26535,1,1
26536,1,1
26537,1,1
26538,1,1
26539,1,1
26540,1,1
26541,0,1
26542,1,1
26543,1,1
26544,1,1
26545,0,2
26546,0,2
26547,1,1
26548,1,1
26549,0,1
26550,0,1
26551,1,1
26552,0,1
26553,1,1
26554,1,1
26555,0,2
26556,2,3
26557,1,1
26558,1,1
26559,1,1
26560,1,1
26561,1,1
26562,0,2
26563,0,1
26564,1,1
26565,2,3
26566,1,1
26567,0,1
26568,1,1
26569,0,2
26570,1,1
26571,1,1
26572,0,2
26573,2,3
26574,0,2
26575,0,2
26576,1,1
26577,1,1
26578,1,1
26579,0,1
26580,2,0
26581,1,1
26582,0,1
26583,1,1
26584,0,2
26585,0,2
26586,1,1
26587,1,1
26588,1,1
26589,1,1
26590,1,1
26591,0,2
26592,2,3
26593,0,2
26594,0,1
26595,1,1
26596,0,1
26597,0,2
26598,1,1
26599,1,1
26600,0,2
26601,1,1
26602,1,1
26603,1,1
26604,1,1
26605,1,1
26606,0,1
26607,0,1
26608,1,1
26609,1,1
26610,1,1
26611,1,1
26612,1,1
26613,1,1
26614,1,1
26615,1,1
26616,1,1
26617,1,1
26618,1,1
26619,0,2
26620,1,1
26621,1,1
26622,1,1
26623,0,2
26624,0,1
26625,1,1
26626,1,1
26627,1,1
26628,0,1
26629,0,2
26630,2,0
26631,0,2
26632,1,1
26633,1,1
26634,0,1
26635,1,1
26636,1,1
26637,1,1
26638,1,1
26639,1,1
26640,1,1
26641,1,1
26642,1,1
26643,0,1
26644,1,1
26645,0,1
26646,0,2
26647,2,3
26648,0,2
26649,1,1
26650,1,1
26651,1,1
26652,0,2
26653,1,1
26654,1,1
26655,0,1
26656,1,1
26657,1,1
26658,0,2
26659,0,2
26660,0,2
26661,1,1
26662,1,1
26663,1,1
26664,1,1
26665,1,1
26666,1,1
26667,1,1
26668,1,1
26669,1,1
26670,1,1
26671,0,1
26672,1,1
26673,0,2
26674,1,1
26675,1,1
26676,1,1
26677,0,2
26678,1,1
26679,1,1
26680,1,1
26681,1,1
26682,1,1
26683,1,1
26684,0,1
26685,1,1
26686,0,1
26687,1,1
26688,0,2
26689,1,1
26690,0,2
26691,0,1
26692,1,1
26693,0,1
26694,0,1
26695,1,1
26696,0,2
26697,1,1
26698,1,1
26699,2,0
26700,1,1
26701,1,1
26702,0,1
26703,1,1
26704,0,2
26705,0,1
26706,1,1
26707,0,2
26708,1,1
26709,1,1
26710,0,2
26711,1,1
26712,1,1
26713,1,1
26714,1,1
26715,1,1
26716,1,1
26717,1,1
26718,1,1
26719,1,1
26720,0,1
26721,0,2
26722,1,1
26723,0,2
26724,1,1
26725,1,1
26726,0,2
26727,1,1
26728,0,2
26729,2,0
26730,1,1
26731,1,1
26732,1,1
26733,0,1
26734,1,1
26735,1,1
26736,1,1
26737,1,1
26738,0,1
26739,1,1
26740,1,1
26741,1,1
26742,0,1
26743,0,2
26744,0,2
26745,1,1
26746,0,2
26747,1,1
26748,1,1
26749,1,1
26750,1,1
26751,1,1
26752,2,3
26753,1,1
26754,0,2
26755,0,2
26756,0,2
26757,0,2
26758,1,1
26759,0,2
26760,0,2
26761,1,1
26762,1,1
26763,0,2
26764,1,1
26765,2,3
26766,1,1
26767,1,1
26768,0,2
26769,1,1
26770,0,2
26771,0,1
26772,1,1
26773,1,1
26774,0,2
26775,1,1
26776,0,2
26777,1,1
26778,1,1
26779,1,1
26780,0,2
26781,0,1
26782,1,1
26783,0,1
26784,1,1
26785,0,2
26786,0,2
26787,0,1
26788,0,2
26789,1,1
26790,1,1
26791,0,2
26792,1,1
26793,1,1
26794,1,1
26795,0,2
26796,1,1
26797,0,1
26798,0,2
26799,1,1
26800,0,1
26801,1,1
26802,2,3
26803,1,1
26804,2,3
26805,1,1
26806,0,1
26807,0,1
26808,0,2
26809,0,2
26810,1,1
26811,0,1
26812,1,1
26813,0,2
26814,0,1
26815,1,1
26816,1,1
26817,0,1
26818,1,1
26819,1,1
26820,1,1
26821,1,1
26822,2,3
26823,1,1
26824,1,1
26825,0,2
26826,1,1
26827,0,2
26828,0,1
26829,1,1
26830,1,1
26831,1,1
26832,2,3
26833,2,3
26834,1,1
26835,1,1
26836,1,1
26837,0,1
26838,1,1
26839,0,2
26840,1,1
26841,1,1
26842,1,1
26843,1,1
26844,1,1
26845,0,2
26846,1,1
26847,1,1
26848,0,2
26849,1,1
26850,1,1
26851,1,1
26852,1,1
26853,1,1
26854,1,1
26855,0,2
26856,0,2
26857,1,1
26858,0,2
26859,1,1
26860,1,1
26861,1,1
26862,1,1
26863,0,1
26864,1,1
26865,2,3
26866,1,1
26867,0,2
26868,0,1
26869,1,1
26870,1,1
26871,1,1
26872,1,1
26873,1,1
26874,1,1
26875,0,2
26876,1,1
26877,1,1
26878,1,1
26879,1,1
26880,0,2
26881,1,1
26882,0,2
26883,0,2
26884,1,1
26885,1,1
26886,0,2
26887,0,2
26888,1,1
26889,0,2
26890,1,1
26891,1,1
26892,1,1
26893,1,1
26894,1,1
26895,0,1
26896,1,1
26897,1,1
26898,1,1
26899,1,1
26900,1,1
26901,0,1
26902,1,1
26903,1,1
26904,1,1
26905,1,1
26906,0,2
26907,1,1
26908,0,2
26909,1,1
26910,0,1
26911,1,1
26912,1,1
26913,1,1
26914,0,2
26915,1,1
26916,1,1
26917,1,1
26918,1,1
26919,1,1
26920,0,2
26921,0,1
26922,1,1
26923,1,1
26924,1,1
26925,1,1
26926,0,2
26927,1,1
26928,1,1
26929,0,2
26930,0,2
26931,0,2
26932,1,1
26933,1,1
26934,1,1
26935,0,1
26936,0,2
26937,1,1
26938,1,1
26939,1,1
26940,1,1
26941,1,1
26942,0,1
26943,0,1
26944,0,1
26945,1,1
26946,1,1
26947,1,1
26948,0,2
26949,1,1
26950,1,1
26951,0,2
26952,1,1
26953,0,1
26954,0,1
26955,2,3
26956,1,1
26957,0,2
26958,1,1
26959,1,1
26960,1,1
26961,1,1
26962,2,3
26963,1,1
26964,0,1
26965,0,2
26966,1,1
26967,1,1
26968,1,1
26969,1,1
26970,0,1
26971,1,1
26972,1,1
26973,0,1
26974,1,1
26975,1,1
26976,1,1
26977,1,1
26978,0,2
26979,2,3
26980,0,1
26981,1,1
26982,0,1
26983,0,1
26984,0,1
26985,0,1
26986,1,1
26987,1,1
26988,0,1
26989,1,1
26990,0,1
26991,1,1
26992,0,1
26993,1,1
26994,1,1
26995,0,2
26996,1,1
26997,1,1
26998,1,1
26999,1,1
27000,1,1
27001,0,2
27002,0,2
27003,0,1
27004,0,1
27005,1,1
27006,1,1
27007,0,2
27008,0,1
27009,0,2
27010,1,1
27011,1,1
27012,1,1
27013,1,1
27014,1,1
27015,0,2
27016,2,3
27017,0,2
27018,0,2
27019,1,1
27020,0,2
27021,1,1
27022,1,1
27023,1,1
27024,1,1
27025,0,1
27026,1,1
27027,1,1
27028,1,1
27029,1,1
27030,1,1
27031,1,1
27032,1,1
27033,1,1
27034,1,1
27035,0,1
27036,0,2
27037,1,1
27038,1,1
27039,1,1
27040,1,1
27041,1,1
27042,1,1
27043,1,1
27044,1,1
27045,0,1
27046,0,1
27047,1,1
27048,1,1
27049,1,1
27050,0,1
27051,2,0
27052,0,2
27053,1,1
27054,1,1
27055,1,1
27056,1,1
27057,0,2
27058,1,1
27059,1,1
27060,2,3
27061,2,3
27062,1,1
27063,1,1
27064,1,1
27065,1,1
27066,1,1
27067,1,1
27068,1,1
27069,1,1
27070,0,2
27071,0,1
27072,0,1
27073,0,2
27074,1,1
27075,1,1
27076,1,1
27077,1,1
27078,1,1
27079,1,1
27080,1,1
27081,0,1
27082,1,1
27083,1,1
27084,1,1
27085,0,2
27086,1,1
27087,0,2
27088,0,1
27089,0,1
27090,0,1
27091,1,1
27092,1,1
27093,1,1
27094,0,1
27095,1,1
27096,0,1
27097,1,1
27098,1,1
27099,1,1
27100,1,1
27101,2,0
27102,0,2
27103,0,2
27104,1,1
27105,1,1
27106,0,2
27107,1,1
27108,1,1
27109,0,1
27110,1,1
27111,0,2
27112,1,1
27113,1,1
27114,0,1
27115,1,1
27116,1,1
27117,1,1
27118,0,1
27119,0,1
27120,1,1
27121,0,2
27122,0,2
27123,0,1
27124,0,2
27125,1,1
27126,0,1
27127,0,2
27128,1,1
27129,0,1
27130,1,1
27131,0,1
27132,0,2
27133,0,2
27134,0,2
27135,1,1
27136,1,1
27137,1,1
27138,1,1
27139,1,1
27140,1,1
27141,1,1
27142,1,1
27143,0,2
27144,1,1
27145,1,1
27146,1,1
27147,0,1
27148,0,1
27149,1,1
27150,2,3
27151,1,1
27152,1,1
27153,0,2
27154,0,2
27155,1,1
27156,0,1
27157,0,2
27158,0,1
27159,1,1
27160,0,1
27161,1,1
27162,1,1
27163,0,1
27164,1,1
27165,0,2
27166,0,2
27167,0,2
27168,1,1
27169,0,2
27170,0,1
27171,0,2
27172,1,1
27173,1,1
27174,0,2
27175,1,1
27176,1,1
27177,1,1
27178,0,2
27179,1,1
27180,0,2
27181,1,1
27182,0,1
27183,1,1
27184,1,1
27185,0,1
27186,0,1
27187,0,1
27188,1,1
27189,1,1
27190,1,1
27191,1,1
27192,1,1
27193,1,1
27194,1,1
27195,1,1
27196,1,1
27197,1,1
27198,1,1
27199,1,1
27200,1,1
27201,1,1
27202,1,1
27203,0,2
27204,1,1
27205,0,1
27206,1,1
27207,0,1
27208,1,1
27209,1,1
27210,0,1
27211,0,2
27212,1,1
27213,0,2
27214,1,1
27215,0,2
27216,0,1
27217,1,1
27218,0,1
27219,1,1
27220,1,1
27221,0,2
27222,0,2
27223,0,2
27224,1,1
27225,1,1
27226,1,1
27227,1,1
27228,1,1
27229,0,1
27230,0,2
27231,1,1
27232,1,1
27233,1,1
27234,1,1
27235,1,1
27236,1,1
27237,1,1
27238,0,1
27239,1,1
27240,1,1
27241,1,1
27242,1,1
27243,1,1
27244,0,1
27245,1,1
27246,1,1
27247,0,1
27248,1,1
27249,0,1
27250,1,1
27251,1,1
27252,0,1
27253,1,1
27254,0,2
27255,1,1
27256,1,1
27257,1,1
27258,1,1
27259,0,1
27260,0,1
27261,1,1
27262,1,1
27263,1,1
27264,1,1
27265,1,1
27266,1,1
27267,1,1
27268,0,2
27269,1,1
27270,0,2
27271,0,2
27272,1,1
27273,0,2
27274,0,1
27275,1,1
27276,0,2
27277,0,2
27278,1,1
27279,2,3
27280,1,1
27281,1,1
27282,1,1
27283,1,1
27284,0,1
27285,1,1
27286,0,1
27287,0,1
27288,1,1
27289,0,1
27290,1,1
27291,1,1
27292,1,1
27293,0,1
27294,1,1
27295,1,1
27296,1,1
27297,2,3
27298,0,2
27299,1,1
27300,1,1
27301,0,2
27302,0,2
27303,1,1
27304,0,2
27305,0,2
27306,1,1
27307,1,1
27308,0,2
27309,1,1
27310,1,1
27311,1,1
27312,1,1
27313,1,1
27314,0,1
27315,1,1
27316,0,1
27317,1,1
27318,0,1
27319,1,1
27320,0,2
27321,0,1
27322,1,1
27323,1,1
27324,0,1
27325,0,2
27326,2,3
27327,0,2
27328,0,2
27329,1,1
27330,0,1
27331,1,1
27332,1,1
27333,1,1
27334,1,1
27335,1,1
27336,1,1
27337,0,1
27338,0,2
27339,1,1
27340,0,2
27341,0,2
27342,0,2
27343,1,1
27344,1,1
27345,1,1
27346,2,3
27347,1,1
27348,1,1
27349,1,1
27350,1,1
27351,1,1
27352,1,1
27353,1,1
27354,1,1
27355,0,1
27356,0,1
27357,1,1
27358,1,1
27359,0,2
27360,1,1
27361,1,1
27362,1,1
27363,1,1
27364,1,1
27365,0,1
27366,2,3
27367,1,1
27368,0,2
27369,0,1
27370,0,1
27371,0,2
27372,1,1
27373,1,1
27374,1,1
27375,0,2
27376,1,1
27377,1,1
27378,0,2
27379,1,1
27380,1,1
27381,0,2
27382,1,1
27383,0,1
27384,1,1
27385,1,1
27386,1,1
27387,0,2
27388,0,1
27389,0,2
27390,1,1
27391,1,1
27392,0,2
27393,1,1
27394,0,2
27395,1,1
27396,1,1
27397,0,2
27398,0,1
27399,1,1
27400,1,1
27401,0,2
27402,1,1
27403,1,1
27404,1,1
27405,1,1
27406,1,1
27407,1,1
27408,1,1
27409,0,1
27410,0,2
27411,1,1
27412,2,0
27413,1,1
27414,1,1
27415,1,1
27416,1,1
27417,1,1
27418,0,2
27419,2,3
27420,1,1
27421,1,1
27422,1,1
27423,0,2
27424,0,2
27425,1,1
27426,1,1
27427,0,2
27428,0,1
27429,1,1
27430,1,1
27431,1,1
27432,1,1
27433,1,1
27434,0,1
27435,0,1
27436,1,1
27437,1,1
27438,2,0
27439,0,1
27440,1,1
27441,1,1
27442,1,1
27443,0,2
27444,0,2
27445,0,2
27446,1,1
27447,1,1
27448,0,1
27449,1,1
27450,1,1
27451,1,1
27452,0,2
27453,0,2
27454,1,1
27455,0,2
27456,0,1
27457,1,1
27458,0,2
27459,1,1
27460,0,2
27461,0,1
27462,0,1
27463,1,1
27464,3,2
27465,0,2
27466,0,2
27467,0,2
27468,1,1
27469,1,1
27470,0,1
27471,0,2
27472,1,1
27473,1,1
27474,1,1
27475,1,1
27476,1,1
27477,1,1
27478,0,1
27479,1,1
27480,1,1
27481,1,1
27482,1,1
27483,1,1
27484,0,2
27485,1,1
27486,0,1
27487,1,1
27488,1,1
27489,2,3
27490,1,1
27491,0,1
27492,0,2
27493,1,1
27494,1,1
27495,1,1
27496,1,1
27497,1,1
27498,1,1
27499,0,2
27500,0,1
27501,1,1
27502,0,2
27503,1,1
27504,2,3
27505,1,1
27506,0,2
27507,0,1
27508,0,2
27509,0,1
27510,1,1
27511,1,1
27512,0,2
27513,1,1
27514,0,1
27515,2,3
27516,0,2
27517,2,3
27518,1,1
27519,0,2
27520,0,2
27521,0,2
27522,1,1
27523,0,2
27524,0,1
27525,0,2
27526,1,1
27527,1,1
27528,1,1
27529,1,1
27530,1,1
27531,1,1
27532,0,2
27533,1,1
27534,0,2
27535,1,1
27536,1,1
27537,1,1
27538,1,1
27539,1,1
27540,0,2
27541,2,3
27542,0,2
27543,1,1
27544,1,1
27545,0,1
27546,0,2
27547,1,1
27548,1,1
27549,0,1
27550,0,2
27551,1,1
27552,1,1
27553,2,3
27554,1,1
27555,2,3
27556,1,1
27557,1,1
27558,1,1
27559,0,2
27560,0,1
27561,0,2
27562,0,1
27563,0,1
27564,0,2
27565,1,1
27566,2,3
27567,0,1
27568,2,3
27569,1,1
27570,0,2
27571,0,1
27572,0,1
27573,0,1
27574,1,1
27575,1,1
27576,1,1
27577,0,1
27578,1,1
27579,1,1
27580,1,1
27581,1,1
27582,0,2
27583,1,1
27584,1,1
27585,0,1
27586,0,1
27587,0,2
27588,0,2
27589,1,1
27590,0,1
27591,2,3
27592,1,1
27593,0,2
27594,0,1
27595,0,2
27596,1,1
27597,0,1
27598,0,2
27599,0,1
27600,1,1
27601,0,1
27602,1,1
27603,1,1
27604,2,0
27605,0,2
27606,0,2
27607,2,3
27608,1,1
27609,1,1
27610,1,1
27611,1,1
27612,1,1
27613,1,1
27614,1,1
27615,0,2
27616,1,1
27617,0,2
27618,0,2
27619,1,1
27620,0,2
27621,3,2
27622,0,2
27623,0,2
27624,1,1
27625,1,1
27626,0,2
27627,1,1
27628,1,1
27629,1,1
27630,1,1
27631,1,1
27632,0,2
27633,1,1
27634,1,1
27635,0,2
27636,1,1
27637,1,1
27638,0,1
27639,1,1
27640,1,1
27641,0,1
27642,1,1
27643,1,1
27644,0,1
27645,0,1
27646,0,1
27647,0,2
27648,1,1
27649,1,1
27650,2,3
27651,0,2
27652,1,1
27653,1,1
27654,1,1
27655,1,1
27656,1,1
27657,1,1
27658,1,1
27659,1,1
27660,1,1
27661,1,1
27662,2,3
27663,1,1
27664,1,1
27665,1,1
27666,1,1
27667,0,2
27668,1,1
27669,0,2
27670,1,1
27671,0,2
27672,0,2
27673,0,2
27674,1,1
27675,0,2
27676,1,1
27677,1,1
27678,1,1
27679,1,1
27680,1,1
27681,0,1
27682,1,1
27683,0,2
27684,0,2
27685,1,1
27686,1,1
27687,1,1
27688,0,2
27689,0,2
27690,1,1
27691,1,1
27692,0,2
27693,1,1
27694,1,1
27695,0,1
27696,0,1
27697,1,1
27698,0,1
27699,0,2
27700,0,2
27701,1,1
27702,1,1
27703,0,1
27704,0,1
27705,1,1
27706,1,1
27707,1,1
27708,0,2
27709,0,1
27710,1,1
27711,1,1
27712,1,1
27713,0,1
27714,0,2
27715,1,1
27716,2,3
27717,1,1
27718,1,1
27719,1,1
27720,1,1
27721,0,2
27722,1,1
27723,1,1
27724,1,1
27725,0,2
27726,1,1
27727,0,1
27728,1,1
27729,1,1
27730,2,3
27731,1,1
27732,1,1
27733,1,1
27734,1,1
27735,2,0
27736,0,2
27737,1,1
27738,1,1
27739,1,1
27740,0,2
27741,0,2
27742,1,1
27743,1,1
27744,1,1
27745,1,1
27746,1,1
27747,1,1
27748,1,1
27749,1,2
27750,0,2
27751,1,1
27752,1,1
27753,1,1
27754,1,1
27755,0,2
27756,1,1
27757,1,1
27758,1,1
27759,0,2
27760,1,1
27761,2,0
27762,1,1
27763,0,2
27764,0,2
27765,1,1
27766,0,2
27767,1,1
27768,0,1
27769,2,3
27770,1,1
27771,1,1
27772,0,1
27773,1,1
27774,1,1
27775,1,1
27776,2,3
27777,1,1
27778,1,1
27779,0,2
27780,0,2
27781,1,1
27782,0,2
27783,0,2
27784,0,1
27785,0,1
27786,2,3
27787,1,1
27788,0,2
27789,1,1
27790,0,2
27791,1,1
27792,0,2
27793,0,2
27794,0,1
27795,0,1
27796,1,1
27797,1,1
27798,1,1
27799,0,2
27800,0,1
27801,1,1
27802,1,1
27803,1,1
27804,1,1
27805,1,1
27806,1,1
27807,1,1
27808,1,1
27809,1,1
27810,2,3
27811,1,1
27812,1,1
27813,0,2
27814,0,2
27815,0,2
27816,0,2
27817,1,1
27818,1,1
27819,1,1
27820,1,1
27821,1,1
27822,1,1
27823,0,1
27824,0,2
27825,1,1
27826,1,1
27827,0,1
27828,1,1
27829,1,1
27830,0,1
27831,1,1
27832,1,1
27833,1,1
27834,0,2
27835,0,1
27836,0,1
27837,0,1
27838,1,1
27839,0,2
27840,1,1
27841,1,1
27842,1,1
27843,1,1
27844,1,1
27845,0,2
27846,0,1
27847,1,1
27848,0,2
27849,2,3
27850,1,1
27851,0,2
27852,1,1
27853,2,3
27854,1,1
27855,1,1
27856,1,1
27857,1,1
27858,1,1
27859,1,1
27860,0,1
27861,1,1
27862,0,1
27863,1,1
27864,1,1
27865,0,1
27866,0,2
27867,0,2
27868,0,2
27869,1,1
27870,0,1
27871,2,0
27872,2,3
27873,1,1
27874,1,1
27875,0,2
27876,0,2
27877,1,1
27878,2,3
27879,1,1
27880,1,1
27881,1,1
27882,1,1
27883,0,1
27884,1,1
27885,0,2
27886,1,1
27887,0,2
27888,1,1
27889,1,1
27890,1,1
27891,1,1
27892,1,1
27893,1,1
27894,0,2
27895,1,1
27896,1,1
27897,1,1
27898,0,2
27899,1,1
27900,1,1
27901,0,2
27902,2,3
27903,0,2
27904,0,1
27905,1,1
27906,0,1
27907,0,2
27908,1,1
27909,1,1
27910,1,1
27911,1,1
27912,1,1
27913,1,1
27914,0,2
27915,1,1
27916,0,1
27917,1,1
27918,1,1
27919,1,1
27920,1,1
27921,1,1
27922,1,1
27923,0,2
27924,0,2
27925,0,1
27926,1,1
27927,1,1
27928,1,1
27929,1,1
27930,0,1
27931,1,1
27932,1,1
27933,1,1
27934,0,1
27935,1,1
27936,1,1
27937,1,1
27938,1,1
27939,0,2
27940,1,1
27941,0,1
27942,1,1
27943,1,1
27944,1,1
27945,0,2
27946,0,1
27947,0,1
27948,0,2
27949,1,1
27950,1,1
27951,1,1
27952,0,2
27953,0,1
27954,1,1
27955,1,1
27956,1,1
27957,0,1
27958,1,1
27959,1,1
27960,1,1
27961,0,1
27962,1,1
27963,1,1
27964,1,1
27965,0,2
27966,0,2
27967,1,1
27968,1,1
27969,1,1
27970,2,3
27971,1,1
27972,1,1
27973,1,1
27974,2,3
27975,1,1
27976,1,1
27977,1,1
27978,1,1
27979,1,1
27980,0,2
27981,0,2
27982,0,1
27983,1,1
27984,0,2
27985,1,1
27986,1,1
27987,1,1
27988,1,1
27989,0,2
27990,0,1
27991,1,1
27992,1,1
27993,1,1
27994,1,1
27995,0,1
27996,1,1
27997,2,0
27998,1,1
27999,0,1
28000,1,1
28001,0,2
28002,1,1
28003,1,1
28004,1,1
28005,0,2
28006,0,2
28007,1,1
28008,1,1
28009,1,1
28010,0,2
28011,2,3
28012,1,1
28013,2,3
28014,1,1
28015,1,1
28016,1,1
28017,1,1
28018,0,2
28019,2,3
28020,1,1
28021,1,1
28022,0,2
28023,1,1
28024,1,1
28025,1,1
28026,0,2
28027,1,1
28028,1,1
28029,0,1
28030,1,1
28031,3,2
28032,1,1
28033,2,0
28034,0,1
28035,0,2
28036,1,1
28037,1,1
28038,0,1
28039,1,1
28040,0,2
28041,1,1
28042,1,1
28043,0,2
28044,0,2
28045,2,3
28046,0,1
28047,0,2
28048,1,1
28049,0,1
28050,1,1
28051,1,1
28052,1,1
28053,0,2
28054,1,1
28055,1,1
28056,0,1
28057,0,2
28058,1,1
28059,2,3
28060,1,1
28061,1,1
28062,0,2
28063,1,1
28064,0,2
28065,1,1
28066,2,3
28067,2,3
28068,1,1
28069,1,1
28070,1,1
28071,1,1
28072,0,2
28073,1,1
28074,1,1
28075,1,1
28076,1,1
28077,1,1
28078,1,1
28079,0,2
28080,1,1
28081,1,1
28082,1,1
28083,1,1
28084,0,2
28085,1,1
28086,0,1
28087,1,1
28088,2,3
28089,0,1
28090,0,1
28091,1,1
28092,1,1
28093,1,1
28094,0,1
28095,1,1
28096,1,1
28097,0,2
28098,1,1
28099,0,1
28100,0,1
28101,0,2
28102,1,1
28103,1,1
28104,1,1
28105,1,1
28106,1,1
28107,1,1
28108,1,1
28109,1,1
28110,1,1
28111,1,1
28112,1,1
28113,1,1
28114,1,1
28115,1,1
28116,0,2
28117,0,2
28118,0,1
28119,1,1
28120,0,2
28121,1,1
28122,1,1
28123,0,2
28124,1,1
28125,0,2
28126,2,3
28127,1,1
28128,1,1
28129,1,1
28130,0,1
28131,0,1
28132,1,1
28133,1,1
28134,1,1
28135,0,1
28136,1,1
28137,1,1
28138,1,1
28139,1,1
28140,0,1
28141,0,1
28142,0,1
28143,1,1
28144,1,1
28145,1,1
28146,1,1
28147,0,1
28148,1,1
28149,1,1
28150,2,3
28151,0,2
28152,0,2
28153,0,1
28154,1,1
28155,1,1
28156,1,1
28157,1,1
28158,1,1
28159,1,1
28160,0,2
28161,1,1
28162,1,1
28163,1,1
28164,0,1
28165,1,1
28166,1,1
28167,0,2
28168,1,1
28169,1,1
28170,1,1
28171,1,1
28172,1,1
28173,1,1
28174,1,1
28175,0,1
28176,0,2
28177,1,1
28178,0,2
28179,0,2
28180,1,1
28181,0,1
28182,1,1
28183,1,1
28184,0,1
28185,1,1
28186,1,1
28187,0,2
28188,1,1
28189,1,1
28190,1,1
28191,2,3
28192,1,1
28193,0,2
28194,1,1
28195,0,2
28196,2,3
28197,1,1
28198,1,1
28199,0,2
28200,1,1
28201,0,2
28202,0,2
28203,0,1
28204,2,3
28205,1,1
28206,1,1
28207,0,2
28208,1,1
28209,0,1
28210,1,1
28211,1,1
28212,1,1
28213,1,1
28214,1,1
28215,1,1
28216,0,1
28217,0,1
28218,1,1
28219,1,1
28220,0,1
28221,1,1
28222,1,1
28223,0,1
28224,1,1
28225,1,1
28226,1,1
28227,0,2
28228,1,1
28229,1,1
28230,1,1
28231,1,1
28232,0,1
28233,0,2
28234,1,1
28235,1,1
28236,1,1
28237,1,1
28238,0,1
28239,0,1
28240,0,2
28241,1,1
28242,1,1
28243,1,1
28244,1,1
28245,2,0
28246,0,2
28247,0,2
28248,1,1
28249,1,1
28250,2,0
28251,0,1
28252,1,1
28253,0,1
28254,0,2
28255,0,1
28256,1,1
28257,1,1
28258,1,1
28259,1,1
28260,1,1
28261,1,1
28262,1,1
28263,1,1
28264,1,1
28265,3,1
28266,2,3
28267,1,1
28268,1,1
28269,1,1
28270,1,1
28271,1,1
28272,1,1
28273,1,1
28274,0,1
28275,1,1
28276,1,1
28277,1,1
28278,1,1
28279,1,1
28280,1,1
28281,1,1
28282,1,1
28283,0,2
28284,1,1
28285,1,1
28286,0,1
28287,0,2
28288,1,1
28289,1,1
28290,0,1
28291,1,1
28292,1,1
28293,0,1
28294,1,1
28295,0,2
28296,2,3
28297,1,1
28298,0,2
28299,1,1
28300,0,2
28301,0,1
28302,1,1
28303,0,1
28304,0,2
28305,1,1
28306,1,1
28307,2,3
28308,0,1
28309,0,1
28310,0,1
28311,1,1
28312,1,1
28313,0,2
28314,1,1
28315,1,1
28316,1,1
28317,1,1
28318,0,2
28319,1,1
28320,1,1
28321,0,2
28322,1,1
28323,0,1
28324,0,2
28325,1,1
28326,2,3
28327,0,1
28328,1,1
28329,0,2
28330,0,1
28331,0,2
28332,1,1
28333,0,2
28334,0,2
28335,1,1
28336,1,1
28337,0,1
28338,0,1
28339,1,1
28340,0,2
28341,0,1
28342,0,1
28343,1,1
28344,0,2
28345,1,1
28346,1,1
28347,1,1
28348,1,1
28349,1,1
28350,0,1
28351,1,1
28352,0,1
28353,0,1
28354,0,1
28355,1,1
28356,1,1
28357,1,1
28358,1,1
28359,0,2
28360,0,2
28361,0,2
28362,1,1
28363,1,1
28364,1,1
28365,2,3
28366,1,1
28367,1,1
28368,0,1
28369,0,2
28370,1,1
28371,1,1
28372,1,1
28373,0,2
28374,0,2
28375,1,1
28376,1,1
28377,1,1
28378,1,1
28379,1,1
28380,0,2
28381,1,1
28382,0,2
28383,1,1
28384,0,2
28385,1,1
28386,0,2
28387,0,2
28388,1,1
28389,1,1
28390,1,1
28391,1,1
28392,2,3
28393,1,1
28394,1,1
28395,1,1
28396,0,2
28397,1,1
28398,0,2
28399,0,1
28400,0,2
28401,2,3
28402,1,1
28403,1,1
28404,0,1
28405,0,2
28406,1,1
28407,1,1
28408,0,2
28409,0,2
28410,0,2
28411,0,2
28412,1,1
28413,1,1
28414,0,2
28415,1,1
28416,1,1
28417,0,2
28418,0,2
28419,1,1
28420,1,1
28421,0,1
28422,1,1
28423,0,2
28424,0,2
28425,0,2
28426,1,1
28427,0,2
28428,1,1
28429,0,2
28430,0,1
28431,1,1
28432,1,1
28433,0,2
28434,0,1
28435,1,1
28436,2,0
28437,1,1
28438,1,1
28439,2,3
28440,1,1
28441,0,2
28442,2,3
28443,1,1
28444,1,1
28445,2,3
28446,1,1
28447,1,1
28448,1,1
28449,0,1
28450,1,1
28451,1,1
28452,1,1
28453,1,1
28454,1,1
28455,1,1
28456,1,1
28457,1,1
28458,1,1
28459,0,2
28460,0,1
28461,0,2
28462,1,1
28463,0,1
28464,1,1
28465,1,1
28466,1,1
28467,1,1
28468,1,1
28469,1,1
28470,1,1
28471,1,1
28472,0,2
28473,1,1
28474,1,1
28475,1,1
28476,0,2
28477,1,1
28478,1,1
28479,2,3
28480,0,2
28481,1,1
28482,1,1
28483,0,2
28484,1,1
28485,1,1
28486,1,1
28487,1,1
28488,1,1
28489,1,1
28490,1,1
28491,0,1
28492,2,3
28493,1,1
28494,1,1
28495,0,1
28496,1,1
28497,0,2
28498,1,1
28499,1,1
28500,0,2
28501,1,1
28502,1,1
28503,2,3
28504,2,3
28505,1,1
28506,1,1
28507,1,1
28508,0,1
28509,1,1
28510,2,0
28511,2,3
28512,1,1
28513,1,1
28514,1,1
28515,0,1
28516,1,1
28517,1,1
28518,0,1
28519,1,1
28520,1,1
28521,1,1
28522,1,1
28523,0,1
28524,0,1
28525,0,2
28526,0,2
28527,1,1
28528,1,1
28529,1,1
28530,0,2
28531,1,1
28532,1,1
28533,1,1
28534,0,2
28535,1,1
28536,1,1
28537,2,0
28538,1,1
28539,1,1
28540,0,1
28541,1,1
28542,1,1
28543,1,1
28544,0,2
28545,0,1
28546,1,1
28547,1,1
28548,0,1
28549,1,1
28550,1,1
28551,0,1
28552,0,2
28553,0,2
28554,1,1
28555,0,2
28556,1,1
28557,1,1
28558,0,1
28559,2,3
28560,0,2
28561,1,1
28562,1,1
28563,0,2
28564,1,1
28565,0,2
28566,0,2
28567,0,1
28568,1,1
28569,1,1
28570,2,0
28571,0,2
28572,0,2
28573,0,2
28574,1,1
28575,1,1
28576,1,1
28577,1,1
28578,1,1
28579,1,1
28580,0,2
28581,1,1
28582,1,1
28583,0,2
28584,1,1
28585,1,1
28586,0,2
28587,1,1
28588,1,1
28589,1,1
28590,1,1
28591,1,1
28592,0,2
28593,2,3
28594,1,1
28595,1,1
28596,0,2
28597,1,1
28598,0,2
28599,0,1
28600,1,1
28601,1,1
28602,0,2
28603,0,2
28604,1,1
28605,0,2
28606,0,1
28607,1,1
28608,1,1
28609,1,1
28610,1,1
28611,1,1
28612,0,2
28613,1,1
28614,1,1
28615,1,1
28616,1,1
28617,0,1
28618,0,2
28619,1,1
28620,1,1
28621,1,1
28622,0,1
28623,1,1
28624,0,2
28625,1,1
28626,1,1
28627,1,1
28628,1,1
28629,1,1
28630,1,1
28631,1,1
28632,0,1
28633,0,2
28634,0,1
28635,0,2
28636,1,1
28637,1,1
28638,1,1
28639,1,1
28640,1,1
28641,1,1
28642,0,1
28643,1,1
28644,0,2
28645,3,2
28646,1,1
28647,1,1
28648,1,1
28649,1,1
28650,2,3
28651,1,1
28652,0,1
28653,1,1
28654,0,1
28655,1,1
28656,1,1
28657,1,1
28658,1,1
28659,1,1
28660,1,1
28661,0,1
28662,0,2
28663,0,2
28664,1,1
28665,1,1
28666,1,1
28667,0,2
28668,1,1
28669,1,1
28670,1,1
28671,0,1
28672,1,1
28673,1,1
28674,0,1
28675,0,2
28676,1,1
28677,0,1
28678,1,1
28679,1,1
28680,0,2
28681,1,1
28682,1,1
28683,0,2
28684,0,2
28685,1,1
28686,0,2
28687,1,1
28688,1,1
28689,1,1
28690,2,0
28691,1,1
28692,1,1
28693,0,1
28694,1,1
28695,1,1
28696,0,1
28697,0,1
28698,1,1
28699,0,1
28700,1,1
28701,1,1
28702,0,2
28703,1,1
28704,2,0
28705,0,1
28706,1,1
28707,0,2
28708,0,1
28709,0,2
28710,0,1
28711,1,1
28712,0,2
28713,1,1
28714,1,1
28715,1,1
28716,2,3
28717,1,1
28718,1,1
28719,1,1
28720,0,2
28721,1,1
28722,0,2
28723,0,2
28724,0,2
28725,1,1
28726,0,2
28727,0,2
28728,0,1
28729,1,1
28730,1,1
28731,2,3
28732,1,1
28733,1,1
28734,2,0
28735,1,1
28736,0,2
28737,1,1
28738,1,1
28739,0,2
28740,1,1
28741,0,2
28742,1,1
28743,0,2
28744,0,2
28745,1,1
28746,1,1
28747,0,1
28748,1,1
28749,1,1
28750,1,1
28751,1,1
28752,1,1
28753,0,1
28754,1,1
28755,2,0
28756,1,1
28757,1,1
28758,0,1
28759,1,1
28760,0,2
28761,0,1
28762,1,1
28763,0,2
28764,1,1
28765,1,1
28766,0,1
28767,0,2
28768,1,1
28769,0,1
28770,0,2
28771,0,2
28772,0,1
28773,0,1
28774,0,2
28775,1,1
28776,0,2
28777,0,2
28778,0,1
28779,1,1
28780,2,0
28781,1,1
28782,1,1
28783,1,1
28784,0,2
28785,1,1
28786,1,1
28787,0,1
28788,0,2
28789,0,2
28790,1,1
28791,1,1
28792,0,1
28793,0,2
28794,0,1
28795,1,1
28796,0,2
28797,0,2
28798,0,2
28799,1,1
28800,0,2
28801,2,3
28802,1,1
28803,1,1
28804,1,1
28805,1,1
28806,1,1
28807,1,1
28808,1,1
28809,1,1
28810,0,1
28811,1,1
28812,0,1
28813,0,2
28814,0,2
28815,0,2
28816,0,1
28817,1,1
28818,1,1
28819,1,1
28820,1,1
28821,1,1
28822,1,1
28823,0,1
28824,0,2
28825,1,1
28826,1,1
28827,1,1
28828,3,1
28829,0,1
28830,1,1
28831,1,1
28832,0,1
28833,1,1
28834,1,1
28835,1,1
28836,0,2
28837,1,1
28838,1,1
28839,1,1
28840,0,1
28841,1,1
28842,1,1
28843,1,1
28844,0,2
28845,1,1
28846,1,1
28847,1,1
28848,1,1
28849,1,1
28850,0,2
28851,0,2
28852,1,1
28853,2,0
28854,1,1
28855,1,1
28856,0,1
28857,1,1
28858,0,2
28859,0,1
28860,0,2
28861,0,1
28862,0,2
28863,2,0
28864,2,3
28865,0,1
28866,0,2
28867,0,1
28868,1,1
28869,1,1
28870,1,1
28871,0,2
28872,1,1
28873,1,1
28874,1,1
28875,0,2
28876,0,2
28877,0,2
28878,2,3
28879,1,1
28880,1,1
28881,0,1
28882,1,1
28883,0,2
28884,1,1
28885,0,1
28886,0,2
28887,1,1
28888,0,2
28889,1,1
28890,1,1
28891,1,1
28892,1,1
28893,1,1
28894,1,1
28895,1,1
28896,1,1
28897,1,1
28898,0,2
28899,0,1
28900,1,1
28901,0,2
28902,1,1
28903,1,1
28904,1,1
28905,1,1
28906,1,1
28907,1,1
28908,1,1
28909,1,1
28910,0,2
28911,0,2
28912,0,1
28913,1,1
28914,1,1
28915,2,3
28916,1,1
28917,0,2
28918,0,2
28919,0,1
28920,1,1
28921,1,1
28922,1,1
28923,2,0
28924,1,1
28925,1,1
28926,0,1
28927,0,2
28928,1,1
28929,1,1
28930,1,1
28931,1,1
28932,1,1
28933,0,2
28934,0,2
28935,1,1
28936,2,3
28937,0,1
28938,1,1
28939,0,1
28940,2,3
28941,1,1
28942,0,2
28943,1,1
28944,1,1
28945,1,1
28946,1,1
28947,1,1
28948,1,1
28949,1,1
28950,1,1
28951,1,1
28952,0,2
28953,1,1
28954,1,1
28955,1,1
28956,1,1
28957,1,1
28958,0,2
28959,1,1
28960,0,1
28961,0,2
28962,0,1
28963,2,0
28964,1,1
28965,1,1
28966,0,1
28967,0,2
28968,0,1
28969,1,1
28970,0,2
28971,1,1
28972,1,1
28973,0,2
28974,1,1
28975,0,2
28976,1,1
28977,1,1
28978,1,1
28979,0,2
28980,1,1
28981,1,1
28982,2,3
28983,1,1
28984,0,2
28985,1,1
28986,1,1
28987,1,1
28988,1,1
28989,1,1
28990,0,2
28991,2,3
28992,0,2
28993,0,2
28994,1,1
28995,0,1
28996,1,1
28997,1,1
28998,1,1
28999,2,3
29000,1,1
29001,1,1
29002,1,1
29003,1,1
29004,0,1
29005,1,1
29006,0,2
29007,1,1
29008,1,1
29009,1,1
29010,0,2
29011,1,1
29012,0,2
29013,1,1
29014,0,2
29015,0,1
29016,1,1
29017,1,1
29018,1,1
29019,1,1
29020,1,1
29021,1,1
29022,0,2
29023,1,1
29024,0,1
29025,0,2
29026,2,3
29027,0,1
29028,2,3
29029,0,2
29030,1,1
29031,0,2
29032,1,1
29033,2,3
29034,1,1
29035,0,2
29036,1,1
29037,2,3
29038,1,1
29039,0,2
29040,0,2
29041,1,1
29042,1,1
29043,0,1
29044,1,1
29045,1,1
29046,1,1
29047,1,1
29048,0,2
29049,1,1
29050,1,1
29051,0,2
29052,1,1
29053,0,2
29054,1,1
29055,0,2
29056,0,1
29057,0,2
29058,2,0
29059,1,1
29060,1,1
29061,1,1
29062,1,1
29063,1,1
29064,0,2
29065,0,2
29066,1,1
29067,0,1
29068,1,1
29069,0,2
29070,1,1
29071,1,1
29072,1,1
29073,0,1
29074,1,1
29075,0,2
29076,1,1
29077,1,1
29078,0,2
29079,1,1
29080,1,1
29081,1,1
29082,1,1
29083,1,1
29084,1,1
29085,0,2
29086,1,1
29087,1,1
29088,1,1
29089,1,1
29090,1,1
29091,1,1
29092,1,1
29093,0,2
29094,1,1
29095,0,2
29096,0,2
29097,2,3
29098,1,1
29099,1,1
29100,0,2
29101,0,2
29102,0,2
29103,1,1
29104,1,1
29105,1,1
29106,0,1
29107,0,1
29108,1,1
29109,1,1
29110,1,1
29111,0,1
29112,2,0
29113,0,2
29114,1,1
29115,0,2
29116,1,1
29117,1,1
29118,1,1
29119,0,2
29120,2,0
29121,1,1
29122,1,1
29123,1,1
29124,1,1
29125,1,1
29126,0,1
29127,0,2
29128,0,2
29129,1,1
29130,1,1
29131,1,1
29132,1,1
29133,1,1
29134,1,1
29135,1,1
29136,1,1
29137,0,1
29138,1,1
29139,1,1
29140,1,1
29141,0,2
29142,1,1
29143,0,2
29144,0,2
29145,0,2
29146,0,1
29147,1,1
29148,1,1
29149,0,2
29150,1,1
29151,1,1
29152,1,1
29153,1,1
29154,1,1
29155,1,1
29156,1,1
29157,0,1
29158,0,1
29159,1,1
29160,1,1
29161,0,1
29162,1,1
29163,1,1
29164,1,1
29165,0,2
29166,1,1
29167,1,1
29168,1,1
29169,1,1
29170,1,1
29171,0,2
29172,1,1
29173,0,1
29174,1,1
29175,0,1
29176,1,1
29177,0,1
29178,0,2
29179,0,2
29180,1,1
29181,0,1
29182,0,1
29183,0,2
29184,1,1
29185,1,1
29186,1,1
29187,0,2
29188,0,1
29189,1,1
29190,1,1
29191,1,1
29192,0,1
29193,1,1
29194,0,2
29195,0,1
29196,0,1
29197,1,1
29198,0,2
29199,0,2
29200,0,2
29201,1,1
29202,0,2
29203,0,2
29204,1,1
29205,0,2
29206,0,1
29207,0,1
29208,1,1
29209,0,2
29210,1,1
29211,0,2
29212,0,1
29213,1,1
29214,1,1
29215,0,1
29216,0,1
29217,1,1
29218,1,1
29219,0,1
29220,1,1
29221,1,1
29222,0,2
29223,1,1
29224,0,1
29225,0,1
29226,1,1
29227,1,1
29228,0,1
29229,1,1
29230,0,1
29231,1,1
29232,0,2
29233,1,1
29234,0,2
29235,1,1
29236,1,1
29237,1,1
29238,1,1
29239,1,1
29240,0,2
29241,1,1
29242,1,1
29243,0,2
29244,1,1
29245,0,1
29246,0,2
29247,1,1
29248,1,1
29249,2,3
29250,1,1
29251,1,1
29252,0,2
29253,0,2
29254,1,1
29255,1,1
29256,0,2
29257,1,1
29258,1,1
29259,1,1
29260,1,1
29261,2,3
29262,1,1
29263,0,2
29264,0,2
29265,1,1
29266,0,2
29267,1,1
29268,0,1
29269,1,1
29270,1,1
29271,1,1
29272,1,1
29273,0,2
29274,0,2
29275,1,1
29276,1,1
29277,0,2
29278,1,1
29279,1,1
29280,0,2
29281,0,2
29282,1,1
29283,1,1
29284,0,2
29285,1,1
29286,1,1
29287,1,1
29288,1,1
29289,1,1
29290,0,2
29291,2,3
29292,0,1
29293,1,1
29294,0,2
29295,0,1
29296,2,3
29297,0,2
29298,0,2
29299,1,1
29300,1,1
29301,1,1
29302,1,1
29303,1,1
29304,0,1
29305,0,2
29306,0,1
29307,1,1
29308,1,1
29309,1,1
29310,0,2
29311,1,1
29312,1,1
29313,0,2
29314,1,1
29315,1,1
29316,0,2
29317,1,1
29318,0,1
29319,0,1
29320,1,1
29321,2,3
29322,1,1
29323,0,2
29324,1,1
29325,0,1
29326,1,1
29327,1,1
29328,0,2
29329,0,2
29330,0,1
29331,0,2
29332,0,2
29333,0,2
29334,1,1
29335,1,1
29336,1,1
29337,1,1
29338,1,1
29339,1,1
29340,1,1
29341,1,1
29342,1,1
29343,1,1
29344,1,1
29345,0,2
29346,0,2
29347,1,1
29348,0,1
29349,0,2
29350,1,1
29351,0,1
29352,1,1
29353,1,1
29354,1,1
29355,0,1
29356,2,0
29357,1,1
29358,1,1
29359,1,1
29360,1,1
29361,1,1
29362,1,1
29363,0,2
29364,2,3
29365,0,1
29366,0,1
29367,1,1
29368,1,1
29369,0,1
29370,1,1
29371,1,1
29372,0,2
29373,1,1
29374,1,1
29375,0,1
29376,1,1
29377,1,1
29378,0,1
29379,0,1
29380,1,1
29381,1,1
29382,1,1
29383,0,1
29384,0,1
29385,1,1
29386,0,1
29387,1,1
29388,0,1
29389,0,1
29390,1,1
29391,1,1
29392,1,1
29393,1,1
29394,1,1
29395,1,1
29396,0,2
29397,1,1
29398,0,2
29399,1,1
29400,0,2
29401,0,2
29402,1,1
29403,2,3
29404,0,1
29405,0,2
29406,0,1
29407,1,1
29408,0,1
29409,0,2
29410,0,2
29411,0,2
29412,0,2
29413,1,1
29414,0,2
29415,0,1
29416,1,1
29417,0,2
29418,1,1
29419,0,2
29420,1,1
29421,1,1
29422,1,1
29423,1,1
29424,1,1
29425,0,2
29426,1,1
29427,0,1
29428,2,3
29429,1,1
29430,1,1
29431,0,2
29432,1,1
29433,1,1
29434,1,1
29435,0,2
29436,1,1
29437,1,1
29438,1,1
29439,0,1
29440,0,1
29441,1,1
29442,0,2
29443,0,1
29444,1,1
29445,0,2
29446,1,1
29447,2,3
29448,1,1
29449,0,2
29450,1,1
29451,1,1
29452,1,1
29453,0,2
29454,0,1
29455,1,1
29456,0,2
29457,0,1
29458,0,2
29459,0,2
29460,1,1
29461,1,1
29462,1,1
29463,1,1
29464,0,2
29465,0,1
29466,1,1
29467,1,1
29468,0,1
29469,0,2
29470,1,1
29471,0,2
29472,0,2
29473,0,1
29474,0,2
29475,0,1
29476,1,1
29477,1,1
29478,0,1
29479,1,1
29480,1,1
29481,0,1
29482,0,1
29483,3,2
29484,1,1
29485,0,2
29486,2,3
29487,0,1
29488,1,1
29489,1,1
29490,0,2
29491,1,1
29492,1,1
29493,0,2
29494,1,1
29495,1,1
29496,1,1
29497,1,1
29498,0,1
29499,2,3
29500,0,2
29501,1,1
29502,0,1
29503,0,2
29504,1,1
29505,0,2
29506,0,1
29507,1,1
29508,1,1
29509,1,1
29510,1,1
29511,1,1
29512,1,1
29513,1,1
29514,1,1
29515,1,1
29516,0,2
29517,1,1
29518,1,1
29519,1,1
29520,1,1
29521,0,2
29522,0,1
29523,1,1
29524,0,2
29525,1,1
29526,1,1
29527,1,1
29528,1,1
29529,0,2
29530,0,1
29531,1,1
29532,0,1
29533,1,1
29534,0,2
29535,1,1
29536,0,2
29537,0,1
29538,1,1
29539,1,1
29540,0,1
29541,1,1
29542,0,1
29543,1,1
29544,0,2
29545,0,1
29546,0,1
29547,1,1
29548,1,1
29549,2,0
29550,0,1
29551,1,1
29552,0,2
29553,1,1
29554,2,3
29555,1,1
29556,1,1
29557,1,1
29558,0,2
29559,1,1
29560,0,2
29561,1,1
29562,0,2
29563,1,1
29564,1,1
29565,1,1
29566,1,1
29567,1,1
29568,0,1
29569,0,2
29570,1,1
29571,1,1
29572,1,1
29573,0,2
29574,0,1
29575,1,1
29576,1,1
29577,1,1
29578,0,1
29579,0,2
29580,0,1
29581,1,1
29582,1,1
29583,1,1
29584,2,3
29585,1,1
29586,0,2
29587,2,3
29588,1,1
29589,1,1
29590,0,2
29591,1,1
29592,1,1
29593,0,2
29594,1,1
29595,0,1
29596,0,2
29597,0,2
29598,1,1
29599,1,1
29600,2,3
29601,1,1
29602,1,1
29603,1,1
29604,1,1
29605,2,3
29606,1,1
29607,0,2
29608,1,1
29609,1,1
29610,1,1
29611,1,1
29612,1,1
29613,0,2
29614,1,1
29615,1,1
29616,1,1
29617,0,2
29618,0,2
29619,3,2
29620,1,1
29621,0,1
29622,1,1
29623,0,1
29624,0,1
29625,1,1
29626,1,1
29627,1,1
29628,1,1
29629,0,2
29630,1,1
29631,1,1
29632,0,1
29633,0,1
29634,1,1
29635,1,1
29636,1,1
29637,0,2
29638,1,1
29639,1,1
29640,1,1
29641,1,1
29642,0,1
29643,0,1
29644,1,1
29645,1,1
29646,0,2
29647,0,2
29648,0,1
29649,0,1
29650,2,3
29651,1,1
29652,2,3
29653,0,2
29654,1,1
29655,1,1
29656,0,2
29657,2,3
29658,0,2
29659,0,2
29660,0,2
29661,1,1
29662,0,2
29663,2,3
29664,0,1
29665,1,1
29666,1,1
29667,1,1
29668,1,1
29669,1,1
29670,0,2
29671,0,2
29672,0,2
29673,1,1
29674,1,1
29675,1,1
29676,1,1
29677,1,1
29678,2,3
29679,1,1
29680,0,2
29681,0,2
29682,0,2
29683,1,1
29684,0,1
29685,0,2
29686,1,1
29687,1,1
29688,0,2
29689,1,1
29690,1,1
29691,0,2
29692,1,1
29693,0,1
29694,0,1
29695,1,1
29696,0,2
29697,1,1
29698,1,1
29699,0,2
29700,1,1
29701,1,1
29702,1,1
29703,0,2
29704,1,1
29705,0,2
29706,1,1
29707,0,2
29708,0,1
29709,1,1
29710,1,1
29711,0,2
29712,1,1
29713,1,1
29714,1,1
29715,0,1
29716,0,2
29717,0,2
29718,0,2
29719,1,1
29720,1,1
29721,1,1
29722,1,1
29723,1,1
29724,1,1
29725,0,2
29726,2,3
29727,1,1
29728,0,2
29729,1,1
29730,1,1
29731,0,1
29732,1,1
29733,1,1
29734,0,2
29735,0,2
29736,0,1
29737,0,2
29738,1,1
29739,1,1
29740,1,1
29741,0,1
29742,0,1
29743,1,1
29744,0,2
29745,1,1
29746,0,2
29747,1,1
29748,1,1
29749,1,1
29750,1,1
29751,1,1
29752,1,1
29753,1,1
29754,1,1
29755,0,1
29756,1,1
29757,1,1
29758,0,2
29759,1,1
29760,1,1
29761,1,1
29762,0,2
29763,2,3
29764,0,1
29765,1,1
29766,1,1
29767,2,3
29768,0,2
29769,0,2
29770,2,3
29771,0,2
29772,1,1
29773,1,1
29774,1,1
29775,1,1
29776,1,1
29777,1,1
29778,0,1
29779,2,3
29780,0,2
29781,1,1
29782,0,2
29783,1,1
29784,1,1
29785,1,1
29786,1,1
29787,1,1
29788,0,2
29789,0,1
29790,1,1
29791,2,3
29792,1,1
29793,0,1
29794,0,2
29795,0,2
29796,0,2
29797,1,1
29798,0,1
29799,0,2
29800,1,1
29801,1,1
29802,1,1
29803,0,1
29804,0,2
29805,0,2
29806,0,2
29807,1,1
29808,1,1
29809,0,2
29810,1,1
29811,1,1
29812,0,2
29813,1,1
29814,0,1
29815,1,1
29816,0,2
29817,1,1
29818,1,1
29819,0,2
29820,0,2
29821,1,1
29822,0,1
29823,1,1
29824,1,1
29825,0,1
29826,1,1
29827,1,1
29828,1,1
29829,1,1
29830,0,2
29831,0,1
29832,0,2
29833,0,2
29834,1,1
29835,1,1
29836,1,1
29837,0,1
29838,0,2
29839,1,1
29840,1,1
29841,1,1
29842,1,1
29843,2,3
29844,1,1
29845,2,0
29846,1,1
29847,1,1
29848,2,3
29849,0,2
29850,1,1
29851,1,1
29852,1,1
29853,1,1
29854,1,1
29855,0,1
29856,1,1
29857,2,0
29858,1,1
29859,1,1
29860,1,1
29861,0,1
29862,1,1
29863,0,1
29864,3,2
29865,1,1
29866,0,1
29867,0,2
29868,1,1
29869,0,1
29870,1,1
29871,0,1
29872,0,1
29873,0,2
29874,0,2
29875,1,1
29876,2,0
29877,1,1
29878,0,2
29879,0,1
29880,1,1
29881,0,2
29882,1,1
29883,0,2
29884,1,1
29885,1,1
29886,1,1
29887,1,1
29888,1,1
29889,2,3
29890,0,2
29891,2,0
29892,2,3
29893,1,1
29894,1,1
29895,2,3
29896,0,1
29897,1,1
29898,1,1
29899,1,1
29900,0,1
29901,1,1
29902,1,1
29903,1,1
29904,0,1
29905,0,2
29906,1,1
29907,0,1
29908,1,1
29909,0,1
29910,0,2
29911,0,2
29912,1,1
29913,1,1
29914,0,1
29915,0,1
29916,1,1
29917,0,2
29918,0,1
29919,1,1
29920,1,1
29921,1,1
29922,0,2
29923,0,2
29924,2,3
29925,1,1
29926,1,1
29927,1,1
29928,1,1
29929,1,1
29930,1,1
29931,2,3
29932,1,1
29933,1,1
29934,1,1
29935,1,1
29936,0,2
29937,1,1
29938,0,1
29939,1,1
29940,1,1
29941,1,1
29942,1,1
29943,1,1
29944,0,2
29945,0,2
29946,1,1
29947,0,2
29948,1,1
29949,1,1
29950,0,1
29951,0,1
29952,1,1
29953,1,1
29954,0,2
29955,1,1
29956,1,1
29957,0,2
29958,1,1
29959,1,1
29960,0,2
29961,1,1
29962,1,1
29963,1,1
29964,0,2
29965,1,1
29966,1,1
29967,1,1
29968,1,1
29969,1,1
29970,0,1
29971,1,1
29972,1,1
29973,0,1
29974,1,1
29975,1,1
29976,1,1
29977,0,2
29978,1,1
29979,1,1
29980,0,2
29981,0,2
29982,1,1
29983,1,1
29984,1,1
29985,1,1
29986,0,2
29987,0,2
29988,0,1
29989,0,2
29990,1,1
29991,1,1
29992,1,1
29993,0,1
29994,1,1
29995,1,1
29996,1,1
29997,1,1
29998,1,1
29999,0,2
30000,1,1
30001,1,1
30002,1,1
30003,1,1
30004,1,1
30005,1,1
30006,1,1
30007,0,1
30008,1,1
30009,2,3
30010,1,1
30011,1,1
30012,1,1
30013,1,1
30014,1,1
30015,0,2
30016,2,3
30017,1,1
30018,0,2
30019,1,1
30020,1,1
30021,1,1
30022,1,1
30023,1,1
30024,0,2
30025,1,1
30026,1,1
30027,1,1
30028,1,1
30029,1,1
30030,1,1
30031,2,3
30032,0,1
30033,0,2
30034,0,2
30035,0,2
30036,1,1
30037,1,1
30038,1,1
30039,0,2
30040,1,1
30041,1,1
30042,0,2
30043,0,2
30044,1,1
30045,1,1
30046,1,1
30047,0,2
30048,1,1
30049,1,1
30050,0,2
30051,1,1
30052,0,2
30053,0,2
30054,0,1
30055,2,3
30056,1,1
30057,2,3
30058,1,1
30059,2,3
30060,1,1
30061,1,1
30062,1,1
30063,1,1
30064,1,1
30065,1,1
30066,1,1
30067,1,1
30068,0,2
30069,1,1
30070,0,2
30071,2,3
30072,1,1
30073,1,1
30074,0,1
30075,1,1
30076,1,1
30077,0,2
30078,1,1
30079,0,2
30080,1,1
30081,0,1
30082,0,2
30083,0,1
30084,0,2
30085,0,2
30086,0,1
30087,1,1
30088,0,1
30089,0,1
30090,1,1
30091,0,2
30092,0,1
30093,1,1
30094,1,1
30095,1,1
30096,1,1
30097,1,1
30098,0,1
30099,1,1
30100,1,1
30101,1,1
30102,1,1
30103,0,1
30104,1,1
30105,1,1
30106,1,1
30107,1,1
30108,1,1
30109,1,1
30110,0,2
30111,1,1
30112,0,2
30113,1,1
30114,0,1
30115,0,2
30116,1,1
30117,1,1
30118,0,2
30119,1,1
30120,0,2
30121,0,1
30122,1,1
30123,1,1
30124,1,1
30125,3,1
30126,0,1
30127,0,1
30128,1,1
30129,1,1
30130,0,1
30131,1,1
30132,1,1
30133,1,1
30134,1,1
30135,1,1
30136,0,2
30137,0,2
30138,1,1
30139,1,1
30140,0,2
30141,1,1
30142,0,2
30143,1,1
30144,0,2
30145,0,2
30146,1,1
30147,0,1
30148,1,1
30149,0,2
30150,1,1
30151,0,1
30152,1,1
30153,0,1
30154,1,1
30155,0,2
30156,1,1
30157,0,1
30158,1,1
30159,1,1
30160,1,1
30161,1,1
30162,1,1
30163,1,1
30164,0,1
30165,1,1
30166,1,1
30167,0,2
30168,1,1
30169,1,1
30170,1,1
30171,0,2
30172,1,1
30173,1,1
30174,0,2
30175,1,1
30176,1,1
30177,1,1
30178,0,2
30179,1,1
30180,0,2
30181,0,2
30182,0,1
30183,1,1
30184,1,1
30185,1,1
30186,0,1
30187,1,1
30188,1,1
30189,0,2
30190,1,1
30191,1,1
30192,0,2
30193,1,1
30194,1,1
30195,1,1
30196,0,2
30197,0,1
30198,1,1
30199,1,1
30200,1,1
30201,1,1
30202,1,1
30203,0,1
30204,1,1
30205,1,1
30206,1,1
30207,1,1
30208,2,3
30209,0,1
30210,1,1
30211,1,1
30212,1,1
30213,0,2
30214,1,1
30215,1,1
30216,0,2
30217,1,1
30218,0,2
30219,1,1
30220,1,1
30221,0,2
30222,1,1
30223,1,1
30224,1,1
30225,0,1
30226,0,1
30227,1,1
30228,1,1
30229,1,1
30230,1,1
30231,1,1
30232,1,1
30233,1,1
30234,0,1
30235,0,2
30236,2,3
30237,0,1
30238,1,1
30239,1,1
30240,0,1
30241,1,1
30242,1,1
30243,1,1
30244,1,1
30245,0,2
30246,0,2
30247,1,1
30248,0,2
30249,1,1
30250,1,1
30251,1,1
30252,1,1
30253,1,1
30254,1,1
30255,1,1
30256,1,1
30257,1,1
30258,1,1
30259,1,1
30260,1,1
30261,1,1
30262,1,1
30263,0,1
30264,1,1
30265,1,1
30266,1,1
30267,1,1
30268,1,1
30269,0,2
30270,0,2
30271,1,1
30272,1,1
30273,1,1
30274,1,1
30275,1,1
30276,0,2
30277,1,1
30278,0,1
30279,2,0
30280,1,1
30281,1,1
30282,0,2
30283,1,1
30284,0,1
30285,0,1
30286,1,1
30287,1,1
30288,1,1
30289,0,2
30290,1,1
30291,0,1
30292,2,3
30293,0,2
30294,1,1
30295,1,1
30296,1,1
30297,0,2
30298,1,1
30299,1,1
30300,1,1
30301,1,1
30302,1,1
30303,2,3
30304,1,1
30305,1,1
30306,1,1
30307,1,1
30308,0,2
30309,1,1
30310,1,1
30311,1,1
30312,0,2
30313,0,2
30314,1,1
30315,0,2
30316,1,1
30317,1,1
30318,1,1
30319,2,3
30320,0,2
30321,0,2
30322,0,1
30323,0,2
30324,1,1
30325,0,1
30326,1,1
30327,1,1
30328,2,3
30329,0,2
30330,1,1
30331,0,2
30332,1,1
30333,1,1
30334,1,1
30335,1,1
30336,2,3
30337,0,2
30338,1,1
30339,0,1
30340,1,1
30341,1,1
30342,0,2
30343,1,1
30344,1,1
30345,1,1
30346,0,2
30347,0,2
30348,0,2
30349,0,1
30350,0,2
30351,1,1
30352,1,1
30353,0,2
30354,0,1
30355,1,1
30356,0,1
30357,0,1
30358,0,2
30359,0,1
30360,1,1
30361,1,1
30362,1,1
30363,1,1
30364,0,2
30365,0,2
30366,1,1
30367,1,1
30368,1,1
30369,1,1
30370,1,1
30371,0,2
30372,1,1
30373,1,1
30374,0,2
30375,0,2
30376,1,1
30377,1,1
30378,0,1
30379,1,1
30380,1,1
30381,1,1
30382,1,1
30383,1,1
30384,2,0
30385,1,1
30386,1,1
30387,1,1
30388,1,1
30389,1,1
30390,0,1
30391,1,1
30392,1,1
30393,0,1
30394,0,2
30395,0,2
30396,1,1
30397,1,1
30398,1,1
30399,1,1
30400,2,3
30401,0,1
30402,0,2
30403,1,1
30404,0,2
30405,0,2
30406,1,1
30407,1,1
30408,1,1
30409,0,1
30410,1,1
30411,1,1
30412,0,2
30413,1,1
30414,1,1
30415,1,1
30416,0,2
30417,0,1
30418,1,1
30419,1,1
30420,1,1
30421,1,1
30422,0,2
30423,0,1
30424,1,1
30425,1,1
30426,1,1
30427,1,1
30428,0,1
30429,1,1
30430,1,1
30431,1,1
30432,1,1
30433,2,3
30434,1,1
30435,1,1
30436,0,1
30437,2,3
30438,1,1
30439,2,3
30440,1,1
30441,1,1
30442,1,1
30443,1,1
30444,0,2
30445,0,2
30446,0,1
30447,0,1
30448,1,1
30449,0,1
30450,0,2
30451,1,1
30452,1,1
30453,1,1
30454,0,2
30455,1,1
30456,1,1
30457,0,2
30458,1,1
30459,1,1
30460,1,1
30461,0,2
30462,0,2
30463,1,1
30464,0,1
30465,1,1
30466,1,1
30467,1,1
30468,2,0
30469,1,1
30470,1,1
30471,1,1
30472,0,1
30473,0,2
30474,1,1
30475,0,2
30476,1,1
30477,0,2
30478,1,1
30479,0,2
30480,3,1
30481,1,1
30482,1,1
30483,1,1
30484,1,1
30485,1,1
30486,1,1
30487,0,1
30488,0,2
30489,0,2
30490,3,2
30491,0,1
30492,0,2
30493,1,1
30494,0,1
30495,1,1
30496,1,1
30497,1,1
30498,0,2
30499,0,1
30500,0,1
30501,1,1
30502,1,1
30503,0,1
30504,1,1
30505,1,1
30506,0,2
30507,1,1
30508,1,1
30509,2,3
30510,1,1
30511,1,1
30512,1,1
30513,0,2
30514,2,3
30515,1,1
30516,0,1
30517,1,1
30518,1,1
30519,1,1
30520,1,1
30521,2,3
30522,0,2
30523,1,1
30524,0,2
30525,1,1
30526,0,1
30527,0,2
30528,0,2
30529,0,2
30530,0,2
30531,1,1
30532,1,1
30533,0,1
30534,0,1
30535,0,2
30536,1,1
30537,1,1
30538,1,1
30539,1,1
30540,1,1
30541,0,1
30542,1,1
30543,1,1
30544,1,1
30545,1,1
30546,3,2
30547,0,2
30548,1,1
30549,1,1
30550,0,2
30551,1,1
30552,1,1
30553,1,1
30554,1,1
30555,1,1
30556,1,1
30557,1,1
30558,1,1
30559,1,1
30560,0,2
30561,0,2
30562,0,1
30563,2,0
30564,1,1
30565,0,2
30566,0,2
30567,0,1
30568,1,1
30569,0,2
30570,0,1
30571,0,2
30572,0,2
30573,1,1
30574,1,1
30575,1,1
30576,0,2
30577,1,1
30578,0,2
30579,1,1
30580,2,3
30581,0,2
30582,1,1
30583,1,1
30584,1,1
30585,1,1
30586,0,2
30587,1,1
30588,1,1
30589,1,1
30590,0,2
30591,1,1
30592,1,1
30593,1,1
30594,1,1
30595,0,2
30596,1,1
30597,0,1
30598,1,1
30599,1,1
30600,1,1
30601,1,1
30602,0,1
30603,0,2
30604,1,1
30605,0,2
30606,1,1
30607,1,1
30608,1,1
30609,1,1
30610,0,2
30611,1,1
30612,1,1
30613,0,1
30614,1,1
30615,1,1
30616,1,1
30617,1,1
30618,1,1
30619,0,1
30620,1,1
30621,0,2
30622,1,1
30623,1,1
30624,1,1
30625,0,1
30626,0,1
30627,1,1
30628,0,1
30629,1,1
30630,0,1
30631,1,1
30632,1,1
30633,1,1
30634,1,1
30635,1,1
30636,1,1
30637,2,0
30638,1,1
30639,0,2
30640,1,1
30641,0,2
30642,1,1
30643,0,1
30644,1,1
30645,0,2
30646,1,1
30647,0,1
30648,0,2
30649,0,2
30650,0,2
30651,1,1
30652,1,1
30653,0,1
30654,0,2
30655,1,1
30656,1,1
30657,0,1
30658,1,1
30659,1,1
30660,0,2
30661,0,2
30662,1,1
30663,0,2
30664,0,2
30665,0,2
30666,1,1
30667,0,1
30668,0,1
30669,1,1
30670,1,1
30671,0,2
30672,1,1
30673,1,1
30674,0,2
30675,0,2
30676,0,2
30677,0,2
30678,1,1
30679,1,1
30680,1,1
30681,0,2
30682,0,1
30683,1,1
30684,1,1
30685,0,2
30686,2,0
30687,1,1
30688,0,2
30689,0,2
30690,1,1
30691,1,1
30692,0,2
30693,0,1
30694,0,2
30695,1,1
30696,0,2
30697,0,1
30698,1,1
30699,0,2
30700,0,2
30701,1,1
30702,1,1
30703,1,1
30704,1,1
30705,0,2
30706,1,1
30707,1,1
30708,1,1
30709,1,1
30710,1,1
30711,1,1
30712,0,2
30713,1,1
30714,1,1
30715,0,1
30716,2,0
30717,1,1
30718,1,1
30719,1,1
30720,0,2
30721,0,2
30722,1,1
30723,1,1
30724,0,1
30725,1,1
30726,0,2
30727,0,1
30728,0,2
30729,1,1
30730,1,1
30731,1,1
30732,1,1
30733,2,3
30734,1,1
30735,0,2
30736,1,1
30737,0,1
30738,1,1
30739,1,1
30740,1,1
30741,2,0
30742,0,2
30743,0,1
30744,1,1
30745,1,1
30746,1,1
30747,0,2
30748,1,1
30749,1,1
30750,0,2
30751,1,1
30752,0,2
30753,1,1
30754,0,2
30755,0,2
30756,1,1
30757,1,1
30758,1,1
30759,1,1
30760,1,1
30761,1,1
30762,1,1
30763,1,1
30764,0,2
30765,1,1
30766,0,2
30767,0,1
30768,1,1
30769,2,3
30770,1,1
30771,1,1
30772,1,1
30773,1,1
30774,1,1
30775,1,1
30776,0,1
30777,1,1
30778,1,1
30779,2,3
30780,0,2
30781,1,1
30782,1,1
30783,0,1
30784,1,1
30785,1,1
30786,0,2
30787,0,2
30788,1,1
30789,1,1
30790,0,1
30791,1,1
30792,0,1
30793,0,1
30794,0,1
30795,1,1
30796,0,1
30797,1,1
30798,3,2
30799,1,1
30800,1,1
30801,1,1
30802,1,1
30803,0,1
30804,0,2
30805,1,1
30806,0,2
30807,3,2
30808,1,1
30809,1,1
30810,1,1
30811,1,1
30812,0,2
30813,0,1
30814,1,1
30815,0,2
30816,1,1
30817,1,1
30818,0,1
30819,1,1
30820,1,1
30821,0,2
30822,2,0
30823,2,3
30824,0,2
30825,0,1
30826,0,1
30827,1,1
30828,0,2
30829,0,2
30830,1,1
30831,0,2
30832,1,1
30833,1,1
30834,2,3
30835,1,1
30836,1,1
30837,1,1
30838,1,1
30839,0,1
30840,1,1
30841,0,1
30842,1,1
30843,1,1
30844,1,1
30845,1,1
30846,0,2
30847,1,1
30848,0,1
30849,0,2
30850,0,2
30851,1,1
30852,0,2
30853,1,1
30854,0,1
30855,1,1
30856,2,3
30857,1,1
30858,1,1
30859,0,2
30860,1,1
30861,2,0
30862,0,2
30863,1,1
30864,0,2
30865,1,1
30866,1,1
30867,1,1
30868,1,1
30869,1,1
30870,1,1
30871,1,1
30872,1,1
30873,1,1
30874,1,1
30875,0,2
30876,0,2
30877,0,1
30878,0,2
30879,1,1
30880,1,1
30881,1,1
30882,1,1
30883,1,1
30884,2,3
30885,1,1
30886,1,1
30887,0,2
30888,1,1
30889,1,1
30890,1,1
30891,1,1
30892,1,1
30893,1,1
30894,1,1
30895,0,2
30896,0,1
30897,0,1
30898,0,2
30899,1,1
30900,0,2
30901,1,1
30902,1,1
30903,1,1
30904,2,3
30905,1,1
30906,2,3
30907,1,1
30908,1,1
30909,0,2
30910,0,1
30911,1,1
30912,1,1
30913,1,1
30914,0,2
30915,1,1
30916,1,1
30917,0,2
30918,0,1
30919,2,3
30920,1,1
30921,0,1
30922,1,1
30923,1,1
30924,1,1
30925,1,1
30926,0,1
30927,0,2
30928,1,1
30929,1,1
30930,1,1
30931,0,2
30932,1,1
30933,1,1
30934,1,1
30935,1,1
30936,1,1
30937,1,1
30938,1,1
30939,1,1
30940,1,1
30941,1,1
30942,1,1
30943,0,2
30944,1,1
30945,0,2
30946,2,3
30947,0,2
30948,2,0
30949,1,1
30950,2,3
30951,1,1
30952,0,1
30953,1,1
30954,0,2
30955,0,2
30956,1,1
30957,0,1
30958,1,1
30959,1,1
30960,1,1
30961,0,2
30962,0,1
30963,0,2
30964,1,1
30965,0,2
30966,1,1
30967,1,1
30968,0,1
30969,0,2
30970,1,1
30971,1,1
30972,0,2
30973,1,1
30974,0,2
30975,0,2
30976,0,2
30977,3,2
30978,1,1
30979,1,1
30980,2,3
30981,1,1
30982,1,1
30983,2,3
30984,0,2
30985,1,1
30986,0,2
30987,1,1
30988,1,1
30989,0,1
30990,1,1
30991,0,2
30992,0,1
30993,1,1
30994,2,3
30995,2,3
30996,0,1
30997,1,1
30998,1,1
30999,1,1
31000,0,2
31001,0,1
31002,0,1
31003,0,1
31004,1,1
31005,1,1
31006,1,1
31007,1,1
31008,0,2
31009,1,1
31010,1,1
31011,1,1
31012,1,1
31013,0,2
31014,0,2
31015,0,1
31016,0,1
31017,1,1
31018,1,1
31019,0,2
31020,1,1
31021,1,1
31022,1,1
31023,0,2
31024,1,1
31025,1,1
31026,0,2
31027,1,1
31028,0,1
31029,1,1
31030,1,1
31031,1,1
31032,0,1
31033,1,1
31034,1,1
31035,1,1
31036,0,2
31037,1,1
31038,1,1
31039,1,1
31040,0,2
31041,1,1
31042,1,1
31043,1,1
31044,1,1
31045,0,1
31046,1,1
31047,1,1
31048,1,1
31049,0,1
31050,0,1
31051,1,1
31052,1,1
31053,1,1
31054,0,2
31055,1,1
31056,1,1
31057,0,2
31058,1,1
31059,1,1
31060,1,1
31061,0,2
31062,1,1
31063,1,1
31064,1,1
31065,1,1
31066,0,2
31067,2,0
31068,0,1
31069,0,2
31070,1,1
31071,0,1
31072,1,1
31073,0,2
31074,1,1
31075,1,1
31076,0,2
31077,1,1
31078,1,1
31079,0,2
31080,0,2
31081,3,2
31082,1,1
31083,0,1
31084,1,1
31085,1,1
31086,1,1
31087,0,2
31088,0,2
31089,2,3
31090,1,1
31091,1,1
31092,0,1
31093,0,1
31094,1,1
31095,1,1
31096,2,3
31097,1,1
31098,1,1
31099,0,2
31100,0,2
31101,1,1
31102,1,1
31103,0,2
31104,1,1
31105,0,1
31106,0,2
31107,1,1
31108,0,2
31109,1,1
31110,0,1
31111,0,2
31112,1,1
31113,0,1
31114,1,1
31115,1,1
31116,1,1
31117,1,1
31118,1,1
31119,1,1
31120,0,2
31121,2,0
31122,0,2
31123,1,1
31124,1,1
31125,2,0
31126,1,1
31127,0,2
31128,1,1
31129,0,2
31130,0,1
31131,0,2
31132,1,1
31133,1,1
31134,0,2
31135,1,1
31136,0,2
31137,1,1
31138,1,1
31139,0,1
31140,1,1
31141,1,1
31142,0,1
31143,0,1
31144,0,1
31145,1,1
31146,0,2
31147,0,2
31148,1,1
31149,1,1
31150,1,1
31151,1,1
31152,0,2
31153,0,2
31154,1,1
31155,1,1
31156,0,2
31157,1,1
31158,1,1
31159,1,1
31160,0,2
31161,1,1
31162,0,1
31163,1,1
31164,0,2
31165,1,1
31166,1,1
31167,0,2
31168,2,0
31169,1,1
31170,1,1
31171,1,1
31172,1,1
31173,1,1
31174,1,1
31175,2,3
31176,0,2
31177,1,1
31178,1,1
31179,0,2
31180,0,2
31181,1,1
31182,1,1
31183,1,1
31184,1,1
31185,1,1
31186,0,2
31187,1,1
31188,0,2
31189,1,1
31190,2,3
31191,1,1
31192,1,1
31193,1,1
31194,1,1
31195,0,2
31196,1,1
31197,1,1
31198,0,2
31199,0,2
31200,1,1
31201,1,1
31202,1,1
31203,1,1
31204,1,1
31205,0,2
31206,3,2
31207,1,1
31208,1,1
31209,1,1
31210,0,1
31211,1,1
31212,0,2
31213,2,3
31214,1,1
31215,0,2
31216,1,1
31217,0,2
31218,1,1
31219,0,1
31220,1,1
31221,1,1
31222,1,1
31223,1,1
31224,1,1
31225,0,1
31226,0,1
31227,0,2
31228,3,2
31229,0,2
31230,3,2
31231,0,2
31232,1,1
31233,0,1
31234,0,2
31235,1,1
31236,1,1
31237,0,1
31238,1,1
31239,1,1
31240,0,2
31241,0,1
31242,0,1
31243,1,1
31244,1,1
31245,1,1
31246,1,1
31247,1,1
31248,1,1
31249,1,1
31250,0,2
31251,2,3
31252,1,1
31253,0,2
31254,1,1
31255,1,1
31256,1,1
31257,1,1
31258,1,1
31259,0,2
31260,1,1
31261,1,1
31262,1,1
31263,1,1
31264,1,1
31265,1,1
31266,0,2
31267,0,2
31268,1,1
31269,1,1
31270,0,2
31271,1,1
31272,0,1
31273,0,1
31274,1,1
31275,0,1
31276,1,1
31277,1,1
31278,0,1
31279,2,3
31280,1,1
31281,0,1
31282,0,2
31283,1,1
31284,1,1
31285,0,1
31286,1,1
31287,1,1
31288,1,1
31289,0,1
31290,1,1
31291,1,1
31292,1,1
31293,3,2
31294,2,0
31295,0,1
31296,1,1
31297,1,1
31298,1,1
31299,1,1
31300,0,1
31301,1,1
31302,1,1
31303,0,2
31304,1,1
31305,1,1
31306,0,2
31307,0,2
31308,1,1
31309,0,2
31310,1,1
31311,0,1
31312,1,1
31313,1,1
31314,1,1
31315,0,2
31316,0,2
31317,1,1
31318,1,1
31319,0,2
31320,1,1
31321,0,2
31322,1,1
31323,1,1
31324,1,1
31325,0,2
31326,1,1
31327,1,1
31328,1,1
31329,1,1
31330,1,1
31331,2,3
31332,0,1
31333,1,1
31334,1,1
31335,1,1
31336,0,2
31337,1,1
31338,1,1
31339,0,1
31340,1,1
31341,1,1
31342,1,1
31343,0,2
31344,1,1
31345,1,1
31346,0,1
31347,1,1
31348,1,1
31349,1,1
31350,0,1
31351,0,2
31352,0,1
31353,1,1
31354,1,1
31355,0,2
31356,0,2
31357,1,1
31358,0,2
31359,1,1
31360,1,1
31361,1,1
31362,1,1
31363,0,2
31364,1,1
31365,1,1
31366,0,2
31367,1,1
31368,1,1
31369,1,1
31370,1,1
31371,0,2
31372,0,1
31373,1,1
31374,1,1
31375,0,2
31376,0,1
31377,1,1
31378,0,2
31379,1,1
31380,0,2
31381,1,1
31382,1,1
31383,1,1
31384,2,0
31385,1,1
31386,0,1
31387,0,1
31388,1,1
31389,0,2
31390,0,1
31391,0,2
31392,1,1
31393,1,1
31394,1,1
31395,0,1
31396,0,2
31397,1,1
31398,1,1
31399,1,1
31400,1,1
31401,1,1
31402,3,2
31403,2,3
31404,0,2
31405,1,1
31406,0,2
31407,0,2
31408,0,1
31409,1,1
31410,0,1
31411,1,1
31412,1,1
31413,0,2
31414,0,1
31415,1,1
31416,1,1
31417,0,2
31418,2,3
31419,0,2
31420,1,1
31421,0,2
31422,1,1
31423,1,1
31424,1,1
31425,1,1
31426,1,1
31427,0,1
31428,1,1
31429,1,1
31430,1,1
31431,1,1
31432,0,1
31433,0,2
31434,0,2
31435,0,2
31436,1,1
31437,0,1
31438,1,1
31439,1,1
31440,1,1
31441,1,1
31442,0,2
31443,1,1
31444,0,1
31445,1,1
31446,1,1
31447,1,1
31448,1,1
31449,1,1
31450,0,1
31451,0,2
31452,1,1
31453,1,1
31454,0,2
31455,1,1
31456,1,1
31457,0,1
31458,1,1
31459,1,1
31460,0,2
31461,0,2
31462,2,0
31463,1,1
31464,1,1
31465,1,1
31466,0,1
31467,1,1
31468,0,1
31469,1,1
31470,2,0
31471,1,1
31472,0,2
31473,0,1
31474,1,1
31475,1,1
31476,0,2
31477,1,1
31478,0,2
31479,0,2
31480,0,2
31481,0,2
31482,0,1
31483,0,1
31484,0,1
31485,1,1
31486,1,1
31487,1,1
31488,2,3
31489,0,2
31490,1,1
31491,1,1
31492,0,1
31493,0,2
31494,1,1
31495,1,1
31496,0,1
31497,0,2
31498,1,1
31499,0,2
31500,0,1
31501,1,1
31502,1,1
31503,1,1
31504,0,2
31505,1,1
31506,0,2
31507,0,1
31508,2,3
31509,0,2
31510,1,1
31511,1,1
31512,2,3
31513,0,1
31514,0,1
31515,1,1
31516,1,1
31517,1,1
31518,0,2
31519,1,1
31520,1,1
31521,0,2
31522,1,1
31523,1,1
31524,1,1
31525,1,1
31526,0,2
31527,0,2
31528,1,1
31529,1,1
31530,1,1
31531,0,1
31532,0,1
31533,0,2
31534,0,2
31535,0,2
31536,1,1
31537,1,1
31538,0,1
31539,2,3
31540,1,1
31541,1,1
31542,1,1
31543,1,1
31544,0,2
31545,0,2
31546,1,1
31547,0,2
31548,1,1
31549,1,1
31550,0,1
31551,1,1
31552,1,1
31553,0,1
31554,0,1
31555,1,1
31556,1,1
31557,1,1
31558,1,1
31559,1,1
31560,1,1
31561,0,2
31562,1,1
31563,0,1
31564,0,1
31565,2,3
31566,1,1
31567,1,1
31568,0,1
31569,1,1
31570,1,1
31571,1,1
31572,0,2
31573,1,1
31574,1,1
31575,1,1
31576,1,1
31577,0,2
31578,1,1
31579,1,1
31580,1,1
31581,1,1
31582,1,1
31583,0,2
31584,1,1
31585,0,2
31586,0,1
31587,0,1
31588,1,1
31589,1,1
31590,0,2
31591,1,1
31592,1,1
31593,1,1
31594,1,1
31595,1,1
31596,0,2
31597,1,1
31598,1,1
31599,1,1
31600,1,1
31601,0,2
31602,0,2
31603,0,2
31604,0,1
31605,1,1
31606,1,1
31607,0,2
31608,1,1
31609,0,2
31610,1,1
31611,0,2
31612,1,1
31613,1,1
31614,1,1
31615,0,2
31616,0,2
31617,1,1
31618,1,1
31619,1,1
31620,1,1
31621,1,1
31622,1,1
31623,1,1
31624,0,1
31625,0,1
31626,0,1
31627,0,1
31628,1,1
31629,1,1
31630,0,2
31631,0,1
31632,0,2
31633,1,1
31634,0,2
31635,1,1
31636,0,2
31637,1,1
31638,0,1
31639,0,1
31640,1,1
31641,0,2
31642,0,2
31643,1,1
31644,1,1
31645,1,1
31646,1,1
31647,1,1
31648,0,2
31649,0,2
31650,1,1
31651,1,1
31652,1,1
31653,1,1
31654,0,2
31655,1,1
31656,1,1
31657,1,1
31658,2,3
31659,1,1
31660,0,2
31661,1,1
31662,2,3
31663,1,1
31664,0,1
31665,0,2
31666,1,1
31667,1,1
31668,1,1
31669,1,1
31670,1,1
31671,1,1
31672,1,1
31673,1,1
31674,1,1
31675,1,1
31676,1,1
31677,0,2
31678,1,1
31679,1,1
31680,1,1
31681,1,1
31682,1,1
31683,0,1
31684,1,1
31685,1,1
31686,1,1
31687,0,1
31688,0,1
31689,1,1
31690,0,1
31691,1,1
31692,1,1
31693,1,1
31694,1,1
31695,1,1
31696,1,1
31697,1,1
31698,1,1
31699,0,2
31700,0,2
31701,1,1
31702,0,2
31703,1,1
31704,0,2
31705,1,1
31706,2,3
31707,1,1
31708,0,1
31709,0,2
31710,1,1
31711,1,1
31712,1,1
31713,0,1
31714,1,1
31715,1,1
31716,2,3
31717,1,1
31718,2,3
31719,1,1
31720,0,2
31721,0,1
31722,1,1
31723,2,0
31724,0,1
31725,1,1
31726,1,1
31727,1,1
31728,1,1
31729,1,1
31730,2,3
31731,0,2
31732,0,2
31733,1,1
31734,2,3
31735,0,2
31736,0,2
31737,0,2
31738,0,2
31739,0,1
31740,1,1
31741,0,2
31742,0,2
31743,0,2
31744,2,0
31745,1,1
31746,1,1
31747,0,2
31748,0,2
31749,1,1
31750,1,1
31751,0,2
31752,1,1
31753,1,1
31754,1,1
31755,1,1
31756,1,1
31757,0,2
31758,0,1
31759,0,1
31760,1,1
31761,1,1
31762,0,2
31763,0,2
31764,1,1
31765,1,1
31766,1,1
31767,1,1
31768,1,1
31769,1,1
31770,1,1
31771,1,1
31772,0,2
31773,0,2
31774,0,1
31775,1,1
31776,0,2
31777,1,1
31778,1,1
31779,0,1
31780,1,1
31781,1,1
31782,1,1
31783,0,1
31784,1,1
31785,0,2
31786,0,2
31787,0,2
31788,1,1
31789,0,2
31790,1,1
31791,0,1
31792,2,3
31793,0,2
31794,0,1
31795,0,2
31796,1,1
31797,0,2
31798,1,1
31799,1,1
31800,1,1
31801,1,1
31802,1,1
31803,1,1
31804,1,1
31805,1,1
31806,1,1
31807,0,1
31808,0,1
31809,1,1
31810,0,2
31811,1,1
31812,1,1
31813,0,1
31814,1,1
31815,1,1
31816,1,1
31817,1,1
31818,1,1
31819,1,1
31820,1,1
31821,0,1
31822,1,1
31823,0,1
31824,1,1
31825,2,3
31826,1,1
31827,1,1
31828,0,2
31829,0,2
31830,1,1
31831,0,1
31832,1,1
31833,0,2
31834,0,1
31835,1,1
31836,1,1
31837,1,1
31838,0,2
31839,1,1
31840,1,1
31841,1,1
31842,3,2
31843,1,1
31844,1,1
31845,1,1
31846,1,1
31847,1,1
31848,0,1
31849,0,1
31850,0,2
31851,0,2
31852,1,1
31853,0,2
31854,1,1
31855,1,1
31856,1,1
31857,0,2
31858,1,1
31859,0,2
31860,0,1
31861,0,2
31862,1,1
31863,0,2
31864,1,1
31865,0,2
31866,0,1
31867,1,1
31868,1,1
31869,0,2
31870,1,1
31871,1,1
31872,1,1
31873,1,1
31874,1,1
31875,1,1
31876,0,2
31877,0,2
31878,0,2
31879,0,1
31880,1,1
31881,0,1
31882,1,1
31883,1,1
31884,1,1
31885,0,2
31886,0,2
31887,1,1
31888,1,1
31889,1,1
31890,1,1
31891,2,3
31892,1,1
31893,1,1
31894,1,1
31895,0,2
31896,1,1
31897,1,1
31898,1,1
31899,1,1
31900,1,1
31901,0,2
31902,1,1
31903,2,3
31904,1,1
31905,0,2
31906,2,0
31907,1,1
31908,1,1
31909,1,1
31910,3,1
31911,1,1
31912,2,3
31913,1,1
31914,0,2
31915,1,1
31916,1,1
31917,1,1
31918,1,1
31919,1,1
31920,0,1
31921,1,1
31922,1,1
31923,1,1
31924,1,1
31925,0,2
31926,0,2
31927,0,2
31928,1,1
31929,1,1
31930,1,1
31931,0,2
31932,1,1
31933,0,1
31934,2,0
31935,1,1
31936,1,1
31937,1,1
31938,1,1
31939,1,1
31940,1,1
31941,2,3
31942,0,2
31943,2,3
31944,0,1
31945,1,1
31946,0,2
31947,1,1
31948,1,1
31949,0,2
31950,0,1
31951,1,1
31952,0,1
31953,0,2
31954,1,1
31955,1,1
31956,1,1
31957,0,1
31958,1,1
31959,1,1
31960,1,1
31961,0,1
31962,1,1
31963,1,1
31964,1,1
31965,1,1
31966,0,1
31967,0,2
31968,0,1
31969,1,1
31970,0,1
31971,1,1
31972,1,1
31973,0,2
31974,1,1
31975,1,1
31976,0,2
31977,0,1
31978,2,3
31979,0,1
31980,0,1
31981,0,1
31982,1,1
31983,1,1
31984,0,1
31985,0,2
31986,2,3
31987,0,1
31988,0,2
31989,1,1
31990,0,2
31991,1,1
31992,0,2
31993,0,1
31994,1,1
31995,1,1
31996,0,2
31997,1,1
31998,1,1
31999,0,2
32000,0,2
32001,1,1
32002,0,2
32003,0,1
32004,1,1
32005,1,1
32006,1,1
32007,2,3
32008,0,1
32009,1,1
32010,1,1
32011,0,2
32012,0,2
32013,0,2
32014,0,2
32015,1,1
32016,1,1
32017,0,1
32018,0,2
32019,1,1
32020,0,1
32021,0,2
32022,1,1
32023,0,2
32024,1,1
32025,1,1
32026,1,1
32027,0,2
32028,1,1
32029,1,1
32030,1,1
32031,1,1
32032,1,1
32033,1,1
32034,1,1
32035,1,1
32036,0,2
32037,1,1
32038,1,1
32039,0,1
32040,0,1
32041,1,1
32042,1,1
32043,0,1
32044,0,2
32045,0,2
32046,2,3
32047,0,2
32048,2,0
32049,1,1
32050,0,2
32051,1,1
32052,0,2
32053,1,1
32054,0,1
32055,1,1
32056,1,1
32057,1,1
32058,0,2
32059,1,1
32060,0,2
32061,1,1
32062,0,1
32063,1,1
32064,0,2
32065,0,2
32066,1,1
32067,1,1
32068,1,1
32069,1,1
32070,1,1
32071,1,1
32072,0,2
32073,0,2
32074,1,1
32075,1,1
32076,1,1
32077,1,1
32078,0,2
32079,0,2
32080,0,2
32081,1,1
32082,1,1
32083,0,2
32084,1,1
32085,0,2
32086,0,1
32087,1,1
32088,0,1
32089,0,2
32090,1,1
32091,1,1
32092,1,1
32093,1,1
32094,1,1
32095,1,1
32096,1,1
32097,1,1
32098,1,1
32099,0,2
32100,1,1
32101,1,1
32102,0,2
32103,1,1
32104,1,1
32105,1,1
32106,0,1
32107,1,1
32108,1,1
32109,1,1
32110,2,3
32111,0,2
32112,1,1
32113,1,1
32114,1,1
32115,1,1
32116,1,1
32117,0,2
32118,0,1
32119,0,2
32120,1,1
32121,1,1
32122,1,1
32123,2,3
32124,1,1
32125,0,2
32126,1,1
32127,1,1
32128,1,1
32129,0,1
32130,1,1
32131,1,1
32132,1,1
32133,1,1
32134,2,3
32135,1,1
32136,0,1
32137,1,1
32138,1,1
32139,2,3
32140,1,1
32141,1,1
32142,1,1
32143,1,1
32144,0,1
32145,0,2
32146,1,1
32147,1,1
32148,0,2
32149,1,1
32150,1,1
32151,1,1
32152,0,2
32153,1,1
32154,0,2
32155,1,1
32156,1,1
32157,0,1
32158,1,1
32159,0,1
32160,0,2
32161,3,2
32162,0,2
32163,0,2
32164,1,1
32165,0,2
32166,1,1
32167,1,1
32168,1,1
32169,1,1
32170,1,1
32171,1,1
32172,1,1
32173,1,1
32174,1,1
32175,1,1
32176,0,2
32177,1,1
32178,1,1
32179,0,1
32180,1,1
32181,1,1
32182,2,0
32183,0,1
32184,1,1
32185,0,1
32186,0,1
32187,1,1
32188,0,2
32189,1,1
32190,1,1
32191,1,1
32192,2,3
32193,1,1
32194,2,0
32195,1,1
32196,1,1
32197,1,1
32198,1,1
32199,1,1
32200,0,1
32201,1,1
32202,0,2
32203,1,1
32204,1,1
32205,1,1
32206,0,1
32207,0,2
32208,0,2
32209,0,1
32210,0,1
32211,2,0
32212,2,3
32213,0,1
32214,3,2
32215,1,1
32216,1,1
32217,1,1
32218,1,1
32219,1,1
32220,1,1
32221,1,1
32222,1,1
32223,0,2
32224,1,1
32225,0,1
32226,1,1
32227,1,1
32228,0,2
32229,0,2
32230,0,2
32231,1,1
32232,1,1
32233,1,1
32234,0,2
32235,2,3
32236,2,3
32237,0,2
32238,1,1
32239,1,1
32240,1,1
32241,1,1
32242,1,1
32243,0,1
32244,1,1
32245,1,1
32246,1,1
32247,0,2
32248,0,2
32249,0,2
32250,1,1
32251,0,1
32252,1,1
32253,1,1
32254,1,1
32255,2,3
32256,2,3
32257,0,1
32258,0,1
32259,1,1
32260,0,1
32261,0,1
32262,0,2
32263,0,2
32264,0,1
32265,1,1
32266,0,2
32267,1,1
32268,0,1
32269,1,1
32270,1,1
32271,1,1
32272,0,2
32273,1,1
32274,0,2
32275,1,1
32276,0,1
32277,0,2
32278,0,1
32279,1,1
32280,0,2
32281,1,1
32282,1,1
32283,1,1
32284,0,2
32285,0,1
32286,0,2
32287,1,1
32288,1,1
32289,2,0
32290,0,2
32291,0,2
32292,1,1
32293,1,1
32294,1,1
32295,1,1
32296,0,1
32297,1,1
32298,1,1
32299,0,2
32300,2,3
32301,0,2
32302,0,2
32303,1,1
32304,1,1
32305,2,0
32306,1,1
32307,0,2
32308,0,1
32309,1,1
32310,1,1
32311,1,1
32312,1,1
32313,0,2
32314,0,1
32315,1,1
32316,1,1
32317,2,3
32318,1,1
32319,0,1
32320,1,1
32321,1,1
32322,1,1
32323,0,2
32324,0,2
32325,1,1
32326,0,2
32327,1,1
32328,0,2
32329,0,1
32330,1,1
32331,0,2
32332,1,1
32333,0,2
32334,0,2
32335,0,1
32336,1,1
32337,1,1
32338,1,1
32339,0,2
32340,1,1
32341,0,2
32342,1,1
32343,1,1
32344,0,2
32345,1,1
32346,1,1
32347,1,1
32348,1,1
32349,1,1
32350,1,1
32351,0,2
32352,1,1
32353,1,1
32354,0,2
32355,1,1
32356,0,2
32357,0,1
32358,0,1
32359,1,1
32360,1,1
32361,0,1
32362,1,1
32363,1,1
32364,1,1
32365,0,1
32366,0,2
32367,1,1
32368,1,2
32369,1,1
32370,1,1
32371,1,1
32372,0,2
32373,0,1
32374,1,1
32375,0,2
32376,0,2
32377,1,1
32378,2,3
32379,1,1
32380,1,1
32381,1,1
32382,1,1
32383,1,1
32384,1,1
32385,1,1
32386,1,1
32387,1,1
32388,1,1
32389,1,1
32390,0,2
32391,1,1
32392,1,1
32393,1,1
32394,0,2
32395,0,2
32396,1,1
32397,0,2
32398,1,1
32399,0,2
32400,0,2
32401,2,0
32402,0,2
32403,0,1
32404,1,1
32405,0,2
32406,0,2
32407,0,2
32408,1,1
32409,1,1
32410,1,1
32411,1,1
32412,1,1
32413,1,1
32414,1,1
32415,3,1
32416,0,2
32417,1,1
32418,0,2
32419,0,1
32420,1,1
32421,1,1
32422,0,1
32423,0,1
32424,1,1
32425,1,1
32426,1,1
32427,1,1
32428,1,1
32429,1,1
32430,0,2
32431,1,1
32432,1,1
32433,1,1
32434,1,1
32435,1,1
32436,0,2
32437,2,3
32438,1,1
32439,1,1
32440,0,1
32441,1,1
32442,0,2
32443,1,1
32444,1,1
32445,1,1
32446,1,1
32447,1,1
32448,0,1
32449,1,1
32450,0,1
32451,0,1
32452,0,2
32453,0,1
32454,0,2
32455,0,2
32456,1,1
32457,1,1
32458,2,3
32459,1,1
32460,1,1
32461,1,1
32462,0,2
32463,0,2
32464,1,1
32465,0,2
32466,1,1
32467,0,1
32468,0,2
32469,1,1
32470,0,2
32471,0,2
32472,0,2
32473,1,1
32474,1,1
32475,1,1
32476,0,1
32477,0,2
32478,0,2
32479,0,2
32480,1,1
32481,1,1
32482,1,1
32483,1,1
32484,1,1
32485,0,2
32486,1,1
32487,1,1
32488,0,2
32489,1,1
32490,0,2
32491,2,3
32492,1,1
32493,0,2
32494,0,2
32495,1,1
32496,1,1
32497,2,3
32498,0,2
32499,0,1
32500,1,1
32501,1,1
32502,1,1
32503,1,1
32504,1,1
32505,1,1
32506,0,1
32507,1,1
32508,1,1
32509,0,1
32510,1,1
32511,0,2
32512,1,1
32513,0,2
32514,1,1
32515,1,1
32516,0,2
32517,1,1
32518,0,2
32519,1,1
32520,1,1
32521,1,1
32522,1,1
32523,0,2
32524,1,1
32525,1,1
32526,2,3
32527,1,1
32528,0,2
32529,1,1
32530,1,1
32531,1,1
32532,0,2
32533,0,1
32534,0,2
32535,0,2
32536,1,1
32537,2,3
32538,1,1
32539,1,1
32540,1,1
32541,2,3
32542,1,1
32543,0,2
32544,0,2
32545,0,1
32546,1,1
32547,0,1
32548,1,1
32549,1,1
32550,1,1
32551,0,1
32552,0,1
32553,0,2
32554,0,1
32555,1,1
32556,1,1
32557,1,1
32558,1,1
32559,2,3
32560,0,1
32561,0,1
32562,1,1
32563,0,2
32564,0,1
32565,1,1
32566,0,2
32567,1,1
32568,1,1
32569,1,1
32570,1,1
32571,1,1
32572,1,1
32573,1,1
32574,0,2
32575,1,1
32576,1,1
32577,0,1
32578,1,1
32579,0,2
32580,1,1
32581,1,1
32582,1,1
32583,0,1
32584,0,2
32585,0,1
32586,0,1
32587,0,2
32588,1,1
32589,1,1
32590,1,1
32591,0,1
32592,1,1
32593,1,1
32594,1,1
32595,0,2
32596,0,2
32597,1,1
32598,0,2
32599,1,1
32600,0,1
32601,1,1
32602,1,1
32603,0,2
32604,1,1
32605,0,2
32606,0,2
32607,0,2
32608,1,1
32609,1,1
32610,0,1
32611,0,2
32612,2,3
32613,1,1
32614,1,1
32615,0,2
32616,1,1
32617,0,2
32618,0,2
32619,0,2
32620,1,1
32621,1,1
32622,0,2
32623,1,1
32624,1,1
32625,0,2
32626,1,1
32627,1,1
32628,0,1
32629,1,1
32630,1,1
32631,1,1
32632,1,1
32633,0,1
32634,0,1
32635,1,1
32636,1,1
32637,1,1
32638,1,1
32639,1,1
32640,0,2
32641,0,2
32642,0,2
32643,1,1
32644,1,1
32645,1,1
32646,2,0
32647,0,2
32648,1,1
32649,1,1
32650,0,2
32651,1,1
32652,0,1
32653,1,1
32654,1,1
32655,1,1
32656,0,1
32657,1,1
32658,2,3
32659,1,1
32660,1,1
32661,1,1
32662,1,1
32663,0,1
32664,1,1
32665,0,2
32666,1,1
32667,1,1
32668,1,1
32669,1,1
32670,0,2
32671,0,1
32672,1,1
32673,0,2
32674,1,1
32675,1,1
32676,1,1
32677,0,1
32678,0,1
32679,0,2
32680,1,1
32681,1,1
32682,1,1
32683,1,1
32684,1,1
32685,2,3
32686,1,1
32687,0,1
32688,1,1
32689,1,1
32690,0,2
32691,0,2
32692,1,1
32693,0,2
32694,1,1
32695,1,1
32696,0,2
32697,1,1
32698,0,1
32699,1,1
32700,1,1
32701,0,1
32702,0,1
32703,1,1
32704,1,1
32705,1,1
32706,1,1
32707,1,1
32708,1,1
32709,1,1
32710,0,1
32711,1,1
32712,1,1
32713,1,1
32714,2,3
32715,1,1
32716,0,1
32717,1,1
32718,1,1
32719,1,1
32720,1,1
32721,1,1
32722,0,2
32723,1,1
32724,0,2
32725,1,1
32726,0,2
32727,0,2
32728,0,2
32729,0,2
32730,1,1
32731,1,1
32732,0,1
32733,1,1
32734,1,1
32735,1,1
32736,1,1
32737,1,1
32738,0,1
32739,1,1
32740,0,1
32741,1,1
32742,1,1
32743,1,1
32744,1,1
32745,0,2
32746,1,1
32747,1,1
32748,0,2
32749,1,1
32750,1,1
32751,1,1
32752,1,1
32753,1,1
32754,3,1
32755,1,1
32756,1,1
32757,1,1
32758,1,1
32759,2,3
32760,0,2
32761,0,1
32762,1,1
32763,1,1
32764,1,1
32765,1,1
32766,1,1
32767,0,2
32768,1,1
32769,0,1
32770,0,2
32771,0,2
32772,0,1
32773,0,2
32774,1,1
32775,0,1
32776,1,1
32777,1,1
32778,1,1
32779,0,2
32780,1,1
32781,1,1
32782,1,1
32783,1,1
32784,1,1
32785,1,1
32786,1,1
32787,1,1
32788,1,1
32789,1,1
32790,1,1
32791,0,2
32792,0,2
32793,0,1
32794,2,3
32795,1,1
32796,0,1
32797,0,1
32798,1,1
32799,1,1
32800,0,1
32801,1,1
32802,1,1
32803,2,3
32804,0,1
32805,1,1
32806,1,1
32807,1,1
32808,1,1
32809,1,1
32810,1,1
32811,1,1
32812,0,2
32813,1,1
32814,0,2
32815,1,1
32816,1,1
32817,1,1
32818,1,1
32819,1,1
32820,1,1
32821,0,2
32822,1,1
32823,1,1
32824,1,1
32825,1,1
32826,1,1
32827,1,1
32828,1,1
32829,1,1
32830,1,1
32831,1,1
32832,1,1
32833,1,1
32834,2,3
32835,1,1
32836,0,1
32837,1,1
32838,1,1
32839,1,1
32840,1,1
32841,0,2
32842,0,2
32843,0,1
32844,0,2
32845,0,2
32846,0,2
32847,1,1
32848,1,1
32849,1,1
32850,2,3
32851,0,1
32852,2,3
32853,1,1
32854,1,1
32855,0,2
32856,0,1
32857,0,2
32858,1,1
32859,1,1
32860,0,2
32861,0,1
32862,1,1
32863,1,1
32864,0,2
32865,1,1
32866,1,1
32867,0,2
32868,1,1
32869,1,1
32870,1,1
32871,1,1
32872,1,1
32873,0,1
32874,1,1
32875,1,1
32876,1,1
32877,1,1
32878,0,2
32879,1,1
32880,0,1
32881,0,2
32882,2,3
32883,0,2
32884,0,2
32885,1,1
32886,1,1
32887,1,1
32888,0,2
32889,2,3
32890,1,1
32891,2,0
32892,1,1
32893,1,1
32894,1,1
32895,1,1
32896,1,1
32897,0,2
32898,1,1
32899,0,2
32900,0,1
32901,1,1
32902,1,1
32903,1,1
32904,1,1
32905,0,1
32906,1,1
32907,1,1
32908,3,2
32909,1,1
32910,1,1
32911,1,1
32912,1,1
32913,1,1
32914,0,2
32915,1,1
32916,0,2
32917,1,1
32918,1,1
32919,1,1
32920,1,1
32921,1,1
32922,1,1
32923,0,1
32924,0,2
32925,1,1
32926,1,1
32927,1,1
32928,1,1
32929,2,3
32930,2,3
32931,0,1
32932,0,2
32933,0,1
32934,1,1
32935,1,1
32936,0,2
32937,1,1
32938,1,1
32939,1,1
32940,0,1
32941,2,3
32942,1,1
32943,1,1
32944,1,1
32945,1,1
32946,1,1
32947,1,1
32948,1,1
32949,1,1
32950,1,1
32951,1,1
32952,2,0
32953,1,1
32954,2,3
32955,1,1
32956,1,1
32957,0,2
32958,1,1
32959,0,2
32960,0,2
32961,0,1
32962,0,1
32963,1,1
32964,1,1
32965,1,1
32966,1,1
32967,1,1
32968,1,1
32969,1,1
32970,0,1
32971,0,2
32972,1,1
32973,1,1
32974,1,1
32975,1,1
32976,0,2
32977,1,1
32978,0,2
32979,0,2
32980,0,1
32981,1,1
32982,1,1
32983,1,1
32984,1,1
32985,1,1
32986,0,2
32987,0,2
32988,0,2
32989,1,1
32990,1,1
32991,2,3
32992,1,1
32993,0,2
32994,1,1
32995,1,1
32996,1,1
32997,1,1
32998,0,1
32999,0,2
33000,0,2
33001,1,1
33002,1,1
33003,1,1
33004,0,2
33005,0,1
33006,0,1
33007,1,1
33008,1,1
33009,1,1
33010,0,2
33011,1,1
33012,2,3
33013,1,1
33014,1,1
33015,1,1
33016,0,1
33017,1,1
33018,1,1
33019,0,2
33020,1,1
33021,0,1
33022,1,1
33023,0,2
33024,1,1
33025,0,2
33026,1,1
33027,0,1
33028,1,1
33029,1,1
33030,1,1
33031,1,1
33032,2,3
33033,1,1
33034,1,1
33035,0,2
33036,0,2
33037,1,1
33038,1,1
33039,1,1
33040,0,1
33041,0,2
33042,1,1
33043,2,3
33044,1,1
33045,1,1
33046,1,1
33047,1,1
33048,0,1
33049,1,1
33050,1,1
33051,1,1
33052,1,1
33053,1,1
33054,0,1
33055,1,1
33056,1,1
33057,2,3
33058,1,1
33059,0,1
33060,1,1
33061,0,1
33062,0,1
33063,1,1
33064,0,1
33065,0,1
33066,1,1
33067,1,1
33068,1,1
33069,0,2
33070,1,1
33071,1,1
33072,1,1
33073,0,1
33074,1,1
33075,1,1
33076,0,2
33077,1,1
33078,1,1
33079,1,1
33080,0,1
33081,2,0
33082,2,3
33083,0,2
33084,0,1
33085,0,1
33086,0,1
33087,1,1
33088,1,1
33089,1,1
33090,1,1
33091,2,0
33092,0,2
33093,1,1
33094,0,2
33095,1,1
33096,1,1
33097,2,3
33098,1,1
33099,1,1
33100,1,1
33101,0,2
33102,1,1
33103,1,1
33104,0,1
33105,1,1
33106,1,1
33107,0,2
33108,1,1
33109,1,1
33110,0,2
33111,1,1
33112,3,2
33113,1,1
33114,1,1
33115,0,2
33116,1,1
33117,1,1
33118,1,1
33119,1,1
33120,1,1
33121,0,2
33122,1,1
33123,0,2
33124,1,1
33125,1,1
33126,1,1
33127,1,1
33128,1,1
33129,1,1
33130,1,1
33131,0,1
33132,0,2
33133,1,1
33134,1,1
33135,1,1
33136,1,1
33137,1,1
33138,0,2
33139,2,3
33140,0,1
33141,0,2
33142,0,2
33143,0,2
33144,1,1
33145,0,1
33146,1,1
33147,1,1
33148,1,1
33149,1,1
33150,1,1
33151,1,1
33152,1,1
33153,0,2
33154,0,2
33155,0,1
33156,1,1
33157,1,1
33158,1,1
33159,0,2
33160,1,1
33161,1,1
33162,1,1
33163,0,2
33164,1,1
33165,0,1
33166,0,2
33167,1,1
33168,1,1
33169,1,1
33170,1,1
33171,1,1
33172,1,1
33173,0,2
33174,0,1
33175,0,1
33176,0,2
33177,1,1
33178,1,1
33179,0,2
33180,0,2
33181,3,2
33182,1,1
33183,0,2
33184,1,1
33185,0,2
33186,1,1
33187,1,1
33188,0,1
33189,1,1
33190,0,2
33191,1,1
33192,1,1
33193,0,2
33194,1,1
33195,0,2
33196,1,1
33197,0,1
33198,1,1
33199,0,1
33200,1,1
33201,1,1
33202,0,2
33203,1,1
33204,0,2
33205,0,2
33206,1,1
33207,1,1
33208,1,1
33209,0,2
33210,1,1
33211,1,1
33212,1,1
33213,0,1
33214,1,1
33215,1,1
33216,0,2
33217,1,1
33218,1,1
33219,1,1
33220,2,3
33221,1,1
33222,2,3
33223,0,1
33224,1,1
33225,1,1
33226,0,2
33227,1,1
33228,0,2
33229,1,1
33230,1,1
33231,2,3
33232,0,1
33233,2,0
33234,0,1
33235,1,1
33236,1,1
33237,2,3
33238,0,2
33239,0,1
33240,0,2
33241,1,1
33242,0,1
33243,0,2
33244,1,1
33245,1,1
33246,1,1
33247,1,1
33248,0,1
33249,1,1
33250,1,1
33251,1,1
33252,0,1
33253,2,3
33254,1,1
33255,0,1
33256,1,1
33257,1,1
33258,1,1
33259,0,1
33260,1,1
33261,0,2
33262,0,2
33263,0,1
33264,1,1
33265,1,1
33266,2,3
33267,0,1
33268,2,3
33269,0,1
33270,1,1
33271,1,1
33272,0,2
33273,0,1
33274,0,2
33275,0,2
33276,0,2
33277,1,1
33278,0,2
33279,1,1
33280,1,1
33281,1,1
33282,1,1
33283,0,1
33284,1,1
33285,0,1
33286,0,2
33287,0,1
33288,1,1
33289,0,1
33290,1,1
33291,1,1
33292,1,1
33293,1,1
33294,1,1
33295,1,1
33296,1,1
33297,1,1
33298,0,2
33299,1,1
33300,1,1
33301,0,2
33302,2,3
33303,0,1
33304,1,1
33305,2,3
33306,2,3
33307,1,1
33308,1,1
33309,1,1
33310,0,2
33311,1,1
33312,1,1
33313,0,2
33314,0,1
33315,1,1
33316,1,1
33317,1,1
33318,0,2
33319,1,1
33320,1,1
33321,1,1
33322,0,2
33323,1,1
33324,1,1
33325,1,1
33326,1,1
33327,1,1
33328,0,1
33329,1,1
33330,0,2
33331,1,1
33332,0,1
33333,0,2
33334,1,1
33335,0,1
33336,1,1
33337,1,1
33338,0,2
33339,1,1
33340,0,2
33341,1,1
33342,0,1
33343,1,1
33344,0,2
33345,0,1
33346,0,1
33347,0,1
33348,1,1
33349,0,1
33350,1,1
33351,0,2
33352,1,1
33353,1,1
33354,1,1
33355,0,2
33356,1,1
33357,1,1
33358,1,1
33359,1,1
33360,0,2
33361,1,1
33362,2,0
33363,0,1
33364,0,2
33365,2,3
33366,1,1
33367,1,1
33368,0,2
33369,1,1
33370,0,1
33371,0,2
33372,2,3
33373,1,1
33374,0,1
33375,1,1
33376,0,1
33377,1,1
33378,1,1
33379,1,1
33380,1,1
33381,1,1
33382,1,1
33383,1,1
33384,1,1
33385,1,1
33386,0,1
33387,1,1
33388,1,1
33389,0,2
33390,0,2
33391,0,1
33392,0,2
33393,1,1
33394,0,1
33395,1,1
33396,0,2
33397,1,1
33398,1,1
33399,0,2
33400,0,1
33401,1,1
33402,1,1
33403,1,1
33404,1,1
33405,1,1
33406,1,1
33407,1,1
33408,1,1
33409,0,2
33410,1,1
33411,1,1
33412,1,1
33413,1,1
33414,1,1
33415,1,1
33416,0,2
33417,0,2
33418,0,2
33419,1,1
33420,0,1
33421,1,1
33422,1,1
33423,0,1
33424,1,1
33425,1,1
33426,0,2
33427,1,1
33428,1,1
33429,1,1
33430,0,1
33431,1,1
33432,0,2
33433,1,1
33434,0,2
33435,0,1
33436,1,1
33437,1,1
33438,0,2
33439,1,1
33440,1,1
33441,1,1
33442,0,1
33443,0,2
33444,1,1
33445,0,1
33446,1,1
33447,0,2
33448,1,1
33449,1,1
33450,1,1
33451,1,1
33452,0,2
33453,1,1
33454,1,1
33455,1,1
33456,1,1
33457,1,1
33458,1,1
33459,1,1
33460,0,2
33461,0,1
33462,0,2
33463,1,1
33464,0,1
33465,1,1
33466,1,1
33467,0,1
33468,1,1
33469,2,3
33470,0,2
33471,2,3
33472,0,2
33473,1,1
33474,1,1
33475,0,1
33476,1,1
33477,1,1
33478,1,1
33479,1,1
33480,0,1
33481,1,1
33482,1,1
33483,1,1
33484,1,1
33485,1,1
33486,1,1
33487,1,1
33488,1,1
33489,1,1
33490,1,1
33491,1,1
33492,1,1
33493,0,1
33494,2,3
33495,2,3
33496,1,1
33497,1,1
33498,1,1
33499,0,1
33500,1,1
33501,1,1
33502,0,1
33503,1,1
33504,1,1
33505,1,1
33506,1,1
33507,1,1
33508,1,1
33509,1,1
33510,1,1
33511,1,1
33512,2,3
33513,0,2
33514,1,1
33515,1,1
33516,1,1
33517,1,1
33518,2,0
33519,1,1
33520,1,1
33521,1,1
33522,0,2
33523,1,1
33524,1,1
33525,1,1
33526,1,1
33527,1,1
33528,0,1
33529,0,2
33530,1,1
33531,1,1
33532,1,1
33533,0,2
33534,1,1
33535,1,1
33536,1,1
33537,0,1
33538,0,1
33539,1,1
33540,1,1
33541,2,0
33542,1,1
33543,1,1
33544,1,1
33545,2,3
33546,1,1
33547,0,1
33548,1,1
33549,0,2
33550,1,1
33551,1,1
33552,1,1
33553,0,1
33554,1,1
33555,1,1
33556,1,1
33557,1,1
33558,1,1
33559,0,2
33560,1,1
33561,1,1
33562,1,1
33563,1,1
33564,1,1
33565,1,1
33566,1,1
33567,1,1
33568,0,1
33569,1,1
33570,1,1
33571,1,1
33572,1,1
33573,0,2
33574,0,1
33575,1,1
33576,1,1
33577,1,1
33578,0,2
33579,0,1
33580,1,1
33581,1,1
33582,1,1
33583,1,1
33584,0,2
33585,0,2
33586,1,1
33587,1,1
33588,1,1
33589,1,1
33590,1,1
33591,0,1
33592,1,1
33593,1,1
33594,1,1
33595,0,2
33596,1,1
33597,1,1
33598,0,2
33599,0,1
33600,1,1
33601,2,3
33602,1,1
33603,2,0
33604,2,0
33605,2,3
33606,1,1
33607,1,1
33608,1,1
33609,0,1
33610,1,1
33611,1,1
33612,1,1
33613,1,1
33614,1,1
33615,2,3
33616,1,1
33617,0,2
33618,1,1
33619,1,1
33620,1,1
33621,1,1
33622,0,2
33623,0,2
33624,1,1
33625,0,2
33626,1,1
33627,1,1
33628,1,1
33629,0,1
33630,1,1
33631,1,1
33632,1,1
33633,0,2
33634,1,1
33635,1,1
33636,1,1
33637,1,1
33638,1,1
33639,1,1
33640,1,1
33641,0,2
33642,0,1
33643,0,2
33644,0,2
33645,0,2
33646,1,1
33647,2,3
33648,0,2
33649,0,2
33650,0,2
33651,0,2
33652,0,2
33653,1,1
33654,0,2
33655,1,1
33656,1,1
33657,1,1
33658,1,1
33659,1,1
33660,1,1
33661,1,1
33662,1,1
33663,0,2
33664,0,2
33665,0,1
33666,0,2
33667,1,1
33668,0,2
33669,0,1
33670,1,1
33671,1,1
33672,1,1
33673,1,1
33674,1,1
33675,1,1
33676,1,1
33677,1,1
33678,1,1
33679,1,1
33680,0,1
33681,1,1
33682,1,1
33683,1,1
33684,1,1
33685,1,1
33686,1,1
33687,2,3
33688,1,1
33689,0,1
33690,0,2
33691,0,2
33692,1,1
33693,1,1
33694,0,2
33695,1,1
33696,0,2
33697,1,1
33698,0,1
33699,0,1
33700,1,1
33701,0,2
33702,2,3
33703,1,1
33704,1,1
33705,0,2
33706,1,1
33707,0,2
33708,1,1
33709,1,1
33710,0,2
33711,1,1
33712,1,1
33713,1,1
33714,1,1
33715,0,2
33716,1,1
33717,0,2
33718,1,1
33719,0,1
33720,1,1
33721,1,1
33722,1,1
33723,1,1
33724,1,1
33725,1,1
33726,1,1
33727,1,1
33728,1,1
33729,1,1
33730,1,1
33731,2,3
33732,1,1
33733,1,1
33734,0,1
33735,1,1
33736,1,1
33737,1,1
33738,1,1
33739,1,1
33740,0,2
33741,1,1
33742,2,3
33743,1,1
33744,1,1
33745,0,1
33746,0,2
33747,1,1
33748,1,1
33749,1,1
33750,1,1
33751,1,1
33752,1,1
33753,0,1
33754,0,1
33755,1,1
33756,0,2
33757,2,0
33758,1,1
33759,1,1
33760,1,1
33761,1,1
33762,1,1
33763,1,1
33764,3,2
33765,1,1
33766,1,1
33767,1,1
33768,1,1
33769,1,1
33770,1,1
33771,0,1
33772,1,1
33773,0,1
33774,0,2
33775,1,1
33776,1,1
33777,1,1
33778,1,1
33779,1,1
33780,1,1
33781,0,2
33782,1,1
33783,1,1
33784,0,2
33785,1,1
33786,1,1
33787,1,1
33788,1,1
33789,1,1
33790,2,3
33791,1,1
33792,1,1
33793,0,1
33794,0,2
33795,1,1
33796,1,1
33797,0,2
33798,0,2
33799,0,2
33800,1,1
33801,1,1
33802,0,2
33803,1,1
33804,1,1
33805,0,1
33806,1,1
33807,1,1
33808,1,1
33809,1,1
33810,1,1
33811,0,2
33812,1,1
33813,1,1
33814,1,1
33815,0,2
33816,0,1
33817,0,2
33818,0,1
33819,0,1
33820,0,2
33821,3,2
33822,0,1
33823,1,1
33824,1,1
33825,1,1
33826,0,1
33827,1,1
33828,1,1
33829,1,1
33830,1,1
33831,1,1
33832,1,1
33833,1,1
33834,1,1
33835,1,1
33836,1,1
33837,0,2
33838,0,1
33839,1,1
33840,1,1
33841,0,2
33842,0,2
33843,0,2
33844,1,1
33845,0,1
33846,0,2
33847,1,1
33848,1,1
33849,0,2
33850,2,3
33851,1,1
33852,1,1
33853,0,2
33854,1,1
33855,1,1
33856,0,2
33857,0,2
33858,0,2
33859,1,1
33860,0,2
33861,0,2
33862,0,2
33863,1,1
33864,0,1
33865,1,1
33866,1,2
33867,0,2
33868,0,2
33869,0,2
33870,0,1
33871,1,1
33872,2,3
33873,0,1
33874,0,2
33875,1,1
33876,1,1
33877,0,2
33878,0,2
33879,2,3
33880,0,1
33881,0,1
33882,1,1
33883,0,1
33884,0,1
33885,0,2
33886,0,2
33887,0,1
33888,1,1
33889,0,1
33890,0,2
33891,1,1
33892,1,1
33893,1,1
33894,1,1
33895,1,1
33896,0,2
33897,0,2
33898,1,1
33899,1,1
33900,1,1
33901,1,1
33902,1,1
33903,1,1
33904,1,1
33905,1,1
33906,0,2
33907,1,1
33908,0,2
33909,1,1
33910,1,1
33911,1,1
33912,1,1
33913,1,1
33914,1,1
33915,1,1
33916,1,1
33917,0,1
33918,1,1
33919,1,1
33920,1,1
33921,1,1
33922,1,1
33923,1,1
33924,1,1
33925,0,2
33926,1,1
33927,1,1
33928,1,1
33929,0,2
33930,0,2
33931,1,1
33932,0,2
33933,1,1
33934,1,1
33935,0,1
33936,1,1
33937,1,1
33938,0,1
33939,1,1
33940,1,1
33941,1,1
33942,1,1
33943,1,1
33944,0,1
33945,1,1
33946,1,1
33947,1,1
33948,0,1
33949,0,1
33950,1,1
33951,1,1
33952,0,2
33953,0,2
33954,1,1
33955,1,1
33956,1,1
33957,1,1
33958,1,1
33959,0,2
33960,1,1
33961,0,2
33962,0,2
33963,1,1
33964,1,1
33965,1,1
33966,0,1
33967,0,1
33968,1,1
33969,1,1
33970,1,1
33971,1,1
33972,1,1
33973,1,1
33974,1,1
33975,1,1
33976,0,2
33977,1,1
33978,1,1
33979,1,1
33980,1,1
33981,1,1
33982,1,1
33983,1,1
33984,1,1
33985,0,2
33986,1,1
33987,1,1
33988,0,1
33989,1,1
33990,1,1
33991,0,2
33992,1,1
33993,1,1
33994,1,1
33995,0,1
33996,1,1
33997,0,1
33998,0,2
33999,1,1
34000,1,1
34001,0,1
34002,0,1
34003,1,1
34004,1,1
34005,1,1
34006,1,1
34007,0,2
34008,1,1
34009,0,2
34010,1,1
34011,1,1
34012,0,1
34013,1,1
34014,0,1
34015,0,1
34016,1,1
34017,0,2
34018,0,2
34019,0,2
34020,1,1
34021,0,2
34022,0,2
34023,0,2
34024,0,2
34025,1,1
34026,1,1
34027,0,2
34028,1,1
34029,0,1
34030,1,1
34031,0,2
34032,0,1
34033,1,1
34034,0,2
34035,1,1
34036,1,1
34037,0,1
34038,1,1
34039,1,1
34040,1,1
34041,1,1
34042,1,1
34043,1,1
34044,1,1
34045,0,1
34046,1,1
34047,1,1
34048,0,2
34049,0,2
34050,1,1
34051,1,1
34052,0,1
34053,1,1
34054,1,1
34055,0,1
34056,0,2
34057,2,0
34058,0,2
34059,1,1
34060,1,1
34061,0,2
34062,1,1
34063,1,1
34064,0,2
34065,1,1
34066,0,1
34067,0,2
34068,1,1
34069,2,3
34070,0,1
34071,1,1
34072,1,1
34073,1,1
34074,0,1
34075,1,1
34076,0,1
34077,1,1
34078,0,2
34079,1,1
34080,0,1
34081,2,3
34082,0,1
34083,0,2
34084,1,1
34085,1,1
34086,0,2
34087,1,1
34088,1,1
34089,1,1
34090,1,1
34091,0,1
34092,1,1
34093,1,1
34094,1,1
34095,0,1
34096,1,1
34097,0,2
34098,0,1
34099,1,1
34100,1,1
34101,1,1
34102,1,1
34103,1,1
34104,1,1
34105,2,3
34106,0,1
34107,1,1
34108,1,1
34109,1,1
34110,1,1
34111,1,1
34112,1,1
34113,0,1
34114,1,1
34115,1,1
34116,0,1
34117,0,2
34118,0,2
34119,1,1
34120,2,3
34121,1,1
34122,1,1
34123,1,1
34124,0,2
34125,0,1
34126,0,2
34127,1,1
34128,1,1
34129,0,2
34130,0,2
34131,1,1
34132,1,1
34133,1,1
34134,1,1
34135,1,1
34136,0,1
34137,0,1
34138,1,1
34139,1,1
34140,0,2
34141,1,1
34142,0,1
34143,0,1
34144,0,2
34145,0,1
34146,1,1
34147,0,2
34148,0,2
34149,1,1
34150,1,1
34151,1,1
34152,0,2
34153,1,1
34154,1,1
34155,0,2
34156,0,2
34157,0,1
34158,0,2
34159,0,2
34160,0,1
34161,1,1
34162,0,2
34163,1,1
34164,1,1
34165,1,1
34166,1,1
34167,1,1
34168,1,1
34169,1,1
34170,1,1
34171,1,1
34172,1,1
34173,1,1
34174,1,1
34175,0,2
34176,1,1
34177,1,1
34178,1,1
34179,1,1
34180,2,3
34181,1,1
34182,0,2
34183,0,1
34184,1,1
34185,1,1
34186,1,1
34187,2,0
34188,0,2
34189,1,1
34190,1,1
34191,1,1
34192,1,1
34193,1,1
34194,0,1
34195,1,1
34196,0,1
34197,1,1
34198,2,3
34199,0,2
34200,1,1
34201,1,1
34202,1,1
34203,1,1
34204,1,1
34205,1,1
34206,1,1
34207,1,1
34208,0,2
34209,1,1
34210,0,1
34211,1,1
34212,1,1
34213,1,1
34214,1,1
34215,0,2
34216,1,1
34217,2,3
34218,0,2
34219,1,1
34220,0,2
34221,1,1
34222,1,1
34223,0,2
34224,1,1
34225,1,1
34226,2,3
34227,1,1
34228,1,1
34229,1,1
34230,1,1
34231,2,3
34232,0,2
34233,0,1
34234,1,1
34235,0,2
34236,1,1
34237,1,1
34238,1,1
34239,1,1
34240,0,2
34241,0,2
34242,1,1
34243,0,2
34244,0,2
34245,1,1
34246,1,1
34247,0,2
34248,1,1
34249,0,1
34250,0,2
34251,0,2
34252,1,1
34253,1,1
34254,0,2
34255,0,1
34256,1,1
34257,1,1
34258,0,2
34259,1,1
34260,0,1
34261,1,1
34262,1,1
34263,1,1
34264,1,1
34265,1,1
34266,1,1
34267,0,2
34268,1,1
34269,1,1
34270,1,1
34271,1,1
34272,1,1
34273,1,1
34274,0,2
34275,1,1
34276,0,2
34277,0,2
34278,1,1
34279,2,3
34280,1,1
34281,1,1
34282,2,3
34283,1,1
34284,0,2
34285,0,2
34286,1,1
34287,0,2
34288,0,2
34289,1,1
34290,1,1
34291,0,1
34292,0,1
34293,0,1
34294,0,2
34295,1,1
34296,1,1
34297,0,2
34298,1,1
34299,1,1
34300,0,2
34301,0,2
34302,2,3
34303,1,1
34304,1,1
34305,0,1
34306,1,1
34307,1,1
34308,1,1
34309,1,1
34310,1,1
34311,1,1
34312,0,2
34313,1,1
34314,0,2
34315,1,1
34316,0,2
34317,1,1
34318,1,1
34319,0,2
34320,1,1
34321,1,1
34322,1,1
34323,1,1
34324,0,2
34325,1,1
34326,1,1
34327,0,1
34328,1,1
34329,0,2
34330,1,1
34331,0,2
34332,1,1
34333,1,1
34334,1,1
34335,1,1
34336,0,2
34337,0,1
34338,1,1
34339,1,1
34340,1,1
34341,1,1
34342,1,1
34343,1,1
34344,1,1
34345,0,2
34346,1,1
34347,1,1
34348,1,1
34349,0,2
34350,1,1
34351,0,2
34352,1,1
34353,1,1
34354,1,1
34355,1,1
34356,0,2
34357,2,3
34358,1,1
34359,1,1
34360,1,1
34361,0,1
34362,2,0
34363,0,1
34364,1,1
34365,1,1
34366,0,2
34367,1,1
34368,1,1
34369,1,1
34370,0,1
34371,1,1
34372,0,2
34373,0,2
34374,1,1
34375,1,1
34376,0,2
34377,1,1
34378,1,1
34379,1,1
34380,2,3
34381,0,2
34382,0,2
34383,0,2
34384,0,1
34385,1,1
34386,1,1
34387,1,1
34388,0,2
34389,0,2
34390,1,1
34391,1,1
34392,1,1
34393,1,1
34394,0,2
34395,1,1
34396,1,1
34397,0,2
34398,1,1
34399,1,1
34400,2,3
34401,0,2
34402,1,1
34403,0,2
34404,0,2
34405,0,2
34406,1,1
34407,0,1
34408,0,1
34409,1,1
34410,0,1
34411,0,1
34412,1,1
34413,0,2
34414,1,1
34415,1,1
34416,1,1
34417,1,1
34418,0,1
34419,1,1
34420,1,1
34421,1,1
34422,1,1
34423,1,1
34424,1,1
34425,1,1
34426,2,3
34427,1,1
34428,0,2
34429,1,1
34430,1,1
34431,0,1
34432,1,1
34433,1,1
34434,1,1
34435,1,1
34436,1,1
34437,0,2
34438,1,1
34439,3,2
34440,0,2
34441,0,2
34442,1,1
34443,0,2
34444,0,1
34445,1,1
34446,1,1
34447,1,1
34448,1,1
34449,0,1
34450,1,1
34451,1,1
34452,1,1
34453,0,2
34454,0,2
34455,1,1
34456,1,1
34457,0,2
34458,1,1
34459,0,1
34460,0,2
34461,0,1
34462,1,1
34463,1,1
34464,0,1
34465,1,1
34466,0,1
34467,0,2
34468,1,1
34469,0,1
34470,0,2
34471,1,1
34472,1,1
34473,1,1
34474,0,2
34475,1,1
34476,0,2
34477,0,2
34478,1,1
34479,1,1
34480,1,1
34481,1,1
34482,0,2
34483,1,1
34484,1,1
34485,2,3
34486,0,1
34487,1,1
34488,1,1
34489,0,2
34490,2,3
34491,1,1
34492,1,1
34493,1,1
34494,0,2
34495,0,2
34496,1,1
34497,0,1
34498,1,1
34499,0,1
34500,1,1
34501,1,1
34502,1,1
34503,1,1
34504,1,1
34505,1,1
34506,1,1
34507,0,1
34508,0,1
34509,0,2
34510,1,1
34511,0,2
34512,0,2
34513,1,1
34514,1,1
34515,3,2
34516,1,1
34517,1,1
34518,1,1
34519,1,1
34520,0,1
34521,1,1
34522,0,2
34523,1,1
34524,1,1
34525,1,1
34526,0,2
34527,0,2
34528,0,2
34529,1,1
34530,1,1
34531,0,2
34532,1,1
34533,1,1
34534,1,1
34535,1,1
34536,1,1
34537,0,2
34538,1,1
34539,1,1
34540,1,1
34541,0,2
34542,1,1
34543,0,1
34544,1,1
34545,1,1
34546,1,1
34547,0,2
34548,0,2
34549,1,1
34550,0,2
34551,0,2
34552,1,1
34553,1,1
34554,1,1
34555,1,1
34556,1,1
34557,1,1
34558,1,1
34559,1,1
34560,2,3
34561,0,1
34562,0,2
34563,1,1
34564,2,3
34565,0,1
34566,1,1
34567,1,1
34568,0,1
34569,1,1
34570,0,1
34571,1,1
34572,1,1
34573,0,1
34574,0,1
34575,0,2
34576,0,2
34577,0,2
34578,1,1
34579,1,1
34580,2,3
34581,1,1
34582,0,1
34583,0,2
34584,3,2
34585,1,1
34586,0,2
34587,0,2
34588,1,1
34589,1,1
34590,0,2
34591,1,1
34592,0,1
34593,0,1
34594,1,1
34595,1,1
34596,1,1
34597,0,1
34598,0,2
34599,1,1
34600,1,1
34601,1,1
34602,1,1
34603,1,1
34604,0,2
34605,1,1
34606,1,1
34607,1,1
34608,1,1
34609,0,1
34610,1,1
34611,1,1
34612,1,1
34613,0,2
34614,0,1
34615,1,1
34616,1,1
34617,1,1
34618,0,2
34619,1,1
34620,1,1
34621,1,1
34622,1,1
34623,1,1
34624,1,1
34625,1,1
34626,1,1
34627,1,1
34628,0,1
34629,1,1
34630,1,1
34631,0,1
34632,1,1
34633,0,2
34634,1,1
34635,1,1
34636,1,1
34637,0,1
34638,1,1
34639,2,3
34640,2,0
34641,0,1
34642,1,1
34643,1,1
34644,0,1
34645,0,2
34646,1,1
34647,0,2
34648,0,2
34649,2,3
34650,1,1
34651,2,3
34652,2,3
34653,1,1
34654,1,1
34655,0,2
34656,1,1
34657,1,1
34658,0,1
34659,1,1
34660,0,2
34661,1,1
34662,1,1
34663,1,1
34664,0,2
34665,1,1
34666,1,1
34667,1,1
34668,1,1
34669,1,1
34670,1,1
34671,0,1
34672,0,1
34673,0,2
34674,0,2
34675,1,1
34676,0,2
34677,0,1
34678,0,2
34679,1,1
34680,1,1
34681,0,1
34682,1,1
34683,2,3
34684,1,1
34685,1,1
34686,1,1
34687,1,1
34688,2,0
34689,1,1
34690,0,2
34691,1,1
34692,0,1
34693,0,2
34694,1,1
34695,1,1
34696,1,1
34697,0,2
34698,1,1
34699,1,1
34700,1,1
34701,1,1
34702,2,3
34703,1,1
34704,0,2
34705,1,1
34706,0,2
34707,0,2
34708,1,1
34709,0,1
34710,2,3
34711,1,1
34712,1,1
34713,0,2
34714,0,2
34715,1,1
34716,1,1
34717,1,1
34718,2,3
34719,1,1
34720,0,2
34721,1,1
34722,0,1
34723,1,1
34724,1,1
34725,1,1
34726,0,2
34727,0,2
34728,1,1
34729,1,1
34730,1,1
34731,0,2
34732,1,1
34733,0,2
34734,1,1
34735,0,1
34736,1,1
34737,0,1
34738,2,3
34739,1,1
34740,1,1
34741,2,0
34742,1,1
34743,1,1
34744,1,1
34745,1,1
34746,1,1
34747,1,1
34748,0,1
34749,1,1
34750,0,1
34751,1,1
34752,1,1
34753,1,1
34754,1,1
34755,1,1
34756,1,1
34757,1,1
34758,0,1
34759,1,1
34760,1,1
34761,0,2
34762,0,2
34763,1,1
34764,1,1
34765,1,1
34766,1,1
34767,0,2
34768,1,1
34769,0,2
34770,2,3
34771,0,1
34772,1,1
34773,1,1
34774,2,0
34775,0,2
34776,0,1
34777,0,2
34778,0,2
34779,1,1
34780,2,3
34781,0,2
34782,1,1
34783,1,1
34784,1,1
34785,0,2
34786,0,1
34787,0,2
34788,1,1
34789,1,1
34790,0,1
34791,3,2
34792,1,1
34793,1,1
34794,0,2
34795,0,2
34796,1,1
34797,0,2
34798,0,1
34799,0,1
34800,0,1
34801,0,2
34802,0,2
34803,0,1
34804,0,1
34805,1,1
34806,0,1
34807,0,2
34808,1,1
34809,0,1
34810,1,1
34811,1,1
34812,1,1
34813,1,1
34814,1,1
34815,1,1
34816,0,2
34817,1,1
34818,3,2
34819,1,1
34820,1,1
34821,1,1
34822,1,1
34823,1,1
34824,1,1
34825,0,1
34826,1,1
34827,1,1
34828,0,2
34829,0,2
34830,0,2
34831,0,1
34832,0,1
34833,1,1
34834,0,2
34835,2,3
34836,1,1
34837,2,3
34838,2,3
34839,0,1
34840,1,1
34841,1,1
34842,2,0
34843,1,1
34844,0,2
34845,1,1
34846,1,1
34847,0,1
34848,1,1
34849,1,1
34850,1,1
34851,1,1
34852,1,1
34853,1,1
34854,0,2
34855,0,2
34856,1,1
34857,1,1
34858,0,2
34859,1,1
34860,1,1
34861,0,2
34862,0,2
34863,0,1
34864,1,1
34865,0,2
34866,0,2
34867,0,1
34868,0,1
34869,1,1
34870,1,1
34871,0,1
34872,1,1
34873,0,2
34874,0,2
34875,1,1
34876,1,1
34877,1,1
34878,1,1
34879,1,1
34880,1,1
34881,1,1
34882,1,1
34883,1,1
34884,0,1
34885,1,1
34886,0,2
34887,1,1
34888,0,1
34889,1,1
34890,0,1
34891,1,1
34892,1,1
34893,0,2
34894,0,2
34895,1,1
34896,0,2
34897,0,2
34898,0,2
34899,0,2
34900,1,1
34901,0,2
34902,0,2
34903,0,2
34904,1,1
34905,2,0
34906,0,1
34907,0,2
34908,0,1
34909,2,3
34910,0,1
34911,1,1
34912,1,1
34913,1,1
34914,1,1
34915,1,1
34916,1,1
34917,0,2
34918,0,2
34919,1,1
34920,1,1
34921,1,1
34922,1,1
34923,1,1
34924,1,1
34925,0,2
34926,1,1
34927,0,1
34928,1,1
34929,1,1
34930,0,2
34931,1,1
34932,1,1
34933,0,2
34934,1,1
34935,1,1
34936,0,2
34937,2,3
34938,1,1
34939,0,2
34940,1,1
34941,1,1
34942,1,1
34943,1,1
34944,1,1
34945,1,1
34946,2,3
34947,0,2
34948,1,1
34949,0,2
34950,0,1
34951,1,1
34952,2,3
34953,1,1
34954,1,1
34955,0,1
34956,1,1
34957,1,1
34958,0,2
34959,0,2
34960,1,1
34961,1,1
34962,1,1
34963,0,2
34964,0,2
34965,1,1
34966,0,2
34967,1,1
34968,1,1
34969,1,1
34970,2,3
34971,0,1
34972,0,2
34973,0,1
34974,1,1
34975,1,1
34976,0,2
34977,1,1
34978,1,1
34979,0,2
34980,1,1
34981,1,1
34982,3,2
34983,0,2
34984,0,2
34985,2,3
34986,2,0
34987,2,3
34988,0,1
34989,0,1
34990,0,1
34991,0,2
34992,1,1
34993,0,1
34994,1,1
34995,0,2
34996,1,1
34997,0,2
34998,1,1
34999,1,1
35000,0,2
35001,1,1
35002,1,1
35003,0,2
35004,0,2
35005,0,2
35006,1,1
35007,0,2
35008,0,2
35009,0,1
35010,1,1
35011,1,1
35012,1,1
35013,1,1
35014,0,1
35015,1,1
35016,1,1
35017,1,1
35018,0,2
35019,1,1
35020,2,3
35021,0,2
35022,0,2
35023,1,1
35024,0,2
35025,1,1
35026,0,2
35027,0,2
35028,1,1
35029,1,1
35030,0,2
35031,1,1
35032,0,2
35033,0,1
35034,1,1
35035,0,2
35036,0,2
35037,1,1
35038,0,2
35039,0,1
35040,1,1
35041,1,1
35042,1,1
35043,1,1
35044,1,1
35045,1,1
35046,1,1
35047,1,1
35048,1,1
35049,1,1
35050,0,2
35051,1,1
35052,0,1
35053,0,1
35054,0,2
35055,0,2
35056,1,1
35057,1,1
35058,1,1
35059,1,1
35060,1,1
35061,0,1
35062,1,1
35063,0,1
35064,1,1
35065,1,1
35066,0,2
35067,1,1
35068,1,1
35069,0,1
35070,1,1
35071,0,2
35072,1,1
35073,0,1
35074,1,1
35075,1,1
35076,0,2
35077,1,1
35078,1,1
35079,1,1
35080,2,0
35081,0,1
35082,1,1
35083,0,2
35084,0,1
35085,1,1
35086,1,1
35087,1,1
35088,1,1
35089,1,1
35090,0,1
35091,0,1
35092,1,1
35093,1,1
35094,1,1
35095,1,1
35096,1,1
35097,0,2
35098,1,1
35099,1,1
35100,1,1
35101,1,1
35102,1,1
35103,1,1
35104,1,1
35105,1,1
35106,1,1
35107,1,1
35108,1,1
35109,2,3
35110,0,1
35111,0,2
35112,2,3
35113,1,1
35114,1,1
35115,1,1
35116,1,1
35117,1,1
35118,0,2
35119,0,2
35120,1,1
35121,1,1
35122,1,1
35123,1,1
35124,1,1
35125,2,3
35126,1,1
35127,0,1
35128,1,1
35129,1,1
35130,1,1
35131,1,1
35132,1,1
35133,0,2
35134,0,2
35135,1,1
35136,1,1
35137,1,1
35138,1,1
35139,1,1
35140,0,2
35141,1,1
35142,1,1
35143,0,2
35144,0,2
35145,1,1
35146,0,2
35147,1,1
35148,1,1
35149,0,2
35150,1,1
35151,1,1
35152,1,1
35153,0,2
35154,0,1
35155,1,1
35156,1,1
35157,1,1
35158,0,1
35159,1,1
35160,1,1
35161,1,1
35162,1,1
35163,1,1
35164,0,2
35165,0,1
35166,0,2
35167,0,2
35168,2,3
35169,0,2
35170,1,1
35171,1,1
35172,1,1
35173,0,1
35174,1,1
35175,0,2
35176,1,1
35177,1,1
35178,1,1
35179,2,3
35180,0,2
35181,2,3
35182,1,1
35183,1,1
35184,1,1
35185,1,1
35186,1,1
35187,0,2
35188,1,1
35189,1,1
35190,1,1
35191,1,1
35192,1,1
35193,0,2
35194,1,1
35195,1,1
35196,1,1
35197,1,1
35198,1,1
35199,1,1
35200,0,2
35201,0,2
35202,0,1
35203,1,1
35204,0,1
35205,1,1
35206,0,1
35207,3,1
35208,1,1
35209,1,1
35210,1,1
35211,0,2
35212,0,1
35213,3,2
35214,1,1
35215,1,1
35216,1,1
35217,0,2
35218,1,1
35219,1,1
35220,0,2
35221,1,1
35222,1,1
35223,1,1
35224,1,1
35225,0,2
35226,1,1
35227,0,2
35228,1,1
35229,1,1
35230,0,1
35231,1,1
35232,2,0
35233,0,2
35234,0,1
35235,1,1
35236,0,1
35237,1,1
35238,0,2
35239,2,3
35240,0,1
35241,0,1
35242,1,1
35243,1,1
35244,2,0
35245,1,1
35246,1,1
35247,1,1
35248,0,2
35249,2,3
35250,0,1
35251,1,1
35252,1,1
35253,1,1
35254,0,2
35255,1,1
35256,1,1
35257,0,2
35258,1,2
35259,0,2
35260,2,3
35261,1,1
35262,1,1
35263,1,1
35264,0,1
35265,1,1
35266,0,1
35267,1,1
35268,0,2
35269,2,3
35270,1,1
35271,1,1
35272,0,2
35273,0,1
35274,1,1
35275,1,1
35276,1,1
35277,1,1
35278,0,1
35279,1,1
35280,0,1
35281,0,2
35282,1,1
35283,0,2
35284,1,1
35285,1,1
35286,2,3
35287,1,1
35288,1,1
35289,1,1
35290,1,1
35291,1,1
35292,1,1
35293,0,1
35294,1,1
35295,0,1
35296,1,1
35297,1,1
35298,1,1
35299,0,1
35300,0,1
35301,0,2
35302,0,1
35303,1,1
35304,0,1
35305,1,1
35306,0,2
35307,1,1
35308,0,2
35309,1,1
35310,1,1
35311,1,1
35312,1,1
35313,1,1
35314,2,3
35315,1,1
35316,0,2
35317,1,1
35318,0,2
35319,1,1
35320,1,1
35321,1,1
35322,0,1
35323,1,1
35324,0,2
35325,0,2
35326,1,1
35327,1,1
35328,1,1
35329,0,2
35330,1,1
35331,0,1
35332,0,1
35333,0,2
35334,0,2
35335,1,1
35336,1,1
35337,1,1
35338,1,1
35339,1,1
35340,2,3
35341,0,2
35342,0,2
35343,0,1
35344,1,1
35345,1,1
35346,1,1
35347,0,1
35348,0,2
35349,1,1
35350,1,1
35351,1,1
35352,1,1
35353,1,1
35354,1,1
35355,0,1
35356,1,1
35357,1,1
35358,1,1
35359,1,1
35360,1,1
35361,1,1
35362,1,1
35363,0,1
35364,0,2
35365,0,1
35366,1,1
35367,1,1
35368,1,1
35369,2,3
35370,1,1
35371,1,1
35372,1,1
35373,1,1
35374,1,1
35375,1,1
35376,1,1
35377,1,1
35378,1,1
35379,0,1
35380,1,1
35381,1,1
35382,0,1
35383,1,1
35384,0,1
35385,1,1
35386,0,1
35387,0,1
35388,0,2
35389,1,1
35390,0,1
35391,1,1
35392,1,1
35393,0,2
35394,1,1
35395,0,2
35396,1,1
35397,1,1
35398,0,2
35399,1,1
35400,1,1
35401,1,1
35402,1,1
35403,1,1
35404,3,2
35405,1,1
35406,1,1
35407,1,1
35408,0,1
35409,1,1
35410,1,1
35411,1,1
35412,1,1
35413,0,2
35414,0,1
35415,0,2
35416,1,1
35417,1,1
35418,1,1
35419,1,1
35420,1,1
35421,0,2
35422,1,1
35423,1,1
35424,0,2
35425,1,1
35426,2,3
35427,1,1
35428,1,1
35429,0,1
35430,1,1
35431,0,1
35432,0,1
35433,2,3
35434,0,1
35435,2,3
35436,0,2
35437,1,1
35438,1,1
35439,1,1
35440,0,2
35441,0,2
35442,0,2
35443,1,1
35444,2,3
35445,0,2
35446,0,2
35447,1,1
35448,0,1
35449,1,1
35450,1,1
35451,1,1
35452,0,2
35453,1,1
35454,1,1
35455,1,1
35456,1,1
35457,2,0
35458,1,1
35459,1,1
35460,0,1
35461,0,2
35462,1,1
35463,1,1
35464,1,1
35465,1,1
35466,1,1
35467,0,1
35468,1,1
35469,1,1
35470,1,1
35471,0,1
35472,0,2
35473,1,1
35474,1,1
35475,1,1
35476,0,1
35477,1,1
35478,0,1
35479,0,2
35480,1,1
35481,1,1
35482,1,1
35483,1,1
35484,1,1
35485,1,1
35486,1,1
35487,3,2
35488,1,1
35489,1,1
35490,0,2
35491,1,1
35492,1,1
35493,0,2
35494,1,1
35495,1,1
35496,1,1
35497,0,2
35498,1,1
35499,1,1
35500,1,1
35501,0,2
35502,1,1
35503,0,2
35504,0,2
35505,1,1
35506,1,1
35507,2,3
35508,1,1
35509,0,2
35510,1,1
35511,0,2
35512,0,1
35513,1,1
35514,1,1
35515,1,1
35516,0,1
35517,1,1
35518,2,0
35519,1,1
35520,0,1
35521,1,1
35522,0,1
35523,0,2
35524,1,1
35525,0,2
35526,0,2
35527,2,3
35528,1,1
35529,1,1
35530,1,1
35531,1,1
35532,0,2
35533,1,1
35534,1,1
35535,1,1
35536,0,2
35537,0,2
35538,1,1
35539,2,3
35540,0,2
35541,1,1
35542,0,1
35543,1,1
35544,1,1
35545,1,1
35546,1,1
35547,0,2
35548,0,1
35549,0,2
35550,1,1
35551,1,1
35552,1,1
35553,1,1
35554,1,1
35555,0,1
35556,0,2
35557,1,1
35558,1,1
35559,1,1
35560,1,1
35561,0,2
35562,1,1
35563,1,1
35564,1,1
35565,0,1
35566,1,1
35567,0,1
35568,1,1
35569,1,1
35570,1,1
35571,1,1
35572,1,1
35573,1,1
35574,0,2
35575,1,1
35576,1,1
35577,0,2
35578,0,2
35579,1,1
35580,1,1
35581,1,1
35582,0,1
35583,0,2
35584,1,1
35585,1,1
35586,1,1
35587,1,1
35588,0,2
35589,0,1
35590,0,2
35591,0,2
35592,1,1
35593,0,1
35594,1,1
35595,0,2
35596,0,2
35597,1,1
35598,0,2
35599,0,1
35600,0,1
35601,0,2
35602,0,1
35603,1,1
35604,1,1
35605,0,1
35606,0,2
35607,0,2
35608,1,1
35609,0,2
35610,1,1
35611,0,2
35612,1,1
35613,1,1
35614,1,1
35615,1,1
35616,1,1
35617,1,1
35618,1,1
35619,0,2
35620,0,1
35621,0,1
35622,0,1
35623,0,2
35624,2,3
35625,0,1
35626,1,1
35627,0,2
35628,1,1
35629,1,1
35630,1,1
35631,1,1
35632,1,1
35633,0,2
35634,1,1
35635,1,1
35636,0,2
35637,0,2
35638,0,2
35639,0,1
35640,0,2
35641,2,3
35642,0,1
35643,1,1
35644,1,1
35645,1,1
35646,0,1
35647,0,2
35648,0,1
35649,1,1
35650,1,1
35651,0,2
35652,1,1
35653,0,2
35654,1,1
35655,1,1
35656,1,1
35657,1,1
35658,0,1
35659,1,1
35660,2,3
35661,0,2
35662,1,1
35663,1,1
35664,1,1
35665,1,1
35666,1,1
35667,0,1
35668,0,2
35669,1,1
35670,1,1
35671,1,1
35672,0,2
35673,1,1
35674,0,2
35675,1,1
35676,1,1
35677,0,2
35678,1,1
35679,1,1
35680,1,1
35681,1,1
35682,0,1
35683,1,1
35684,1,1
35685,1,1
35686,1,1
35687,1,1
35688,1,1
35689,1,1
35690,1,1
35691,1,1
35692,1,1
35693,1,1
35694,1,1
35695,0,1
35696,1,1
35697,0,1
35698,0,2
35699,0,1
35700,1,1
35701,1,1
35702,1,1
35703,0,2
35704,1,1
35705,0,1
35706,1,1
35707,1,1
35708,0,1
35709,0,2
35710,0,1
35711,1,1
35712,0,1
35713,1,1
35714,1,1
35715,1,1
35716,0,1
35717,1,1
35718,1,1
35719,1,1
35720,0,2
35721,1,1
35722,0,2
35723,1,1
35724,1,1
35725,2,3
35726,1,1
35727,1,1
35728,1,1
35729,1,1
35730,1,1
35731,1,1
35732,0,1
35733,0,1
35734,1,1
35735,1,1
35736,1,1
35737,0,1
35738,0,1
35739,1,1
35740,1,1
35741,1,1
35742,0,2
35743,1,1
35744,0,1
35745,0,2
35746,0,2
35747,1,1
35748,1,1
35749,1,1
35750,0,2
35751,0,2
35752,0,2
35753,0,2
35754,0,1
35755,1,1
35756,0,1
35757,0,2
35758,1,1
35759,0,2
35760,1,1
35761,1,1
35762,0,1
35763,2,3
35764,1,1
35765,1,1
35766,1,1
35767,1,1
35768,0,2
35769,1,1
35770,1,1
35771,1,1
35772,1,1
35773,1,1
35774,0,1
35775,1,1
35776,1,1
35777,1,1
35778,0,2
35779,1,1
35780,0,2
35781,0,1
35782,0,1
35783,1,1
35784,1,1
35785,0,1
35786,0,2
35787,1,1
35788,1,1
35789,1,1
35790,1,1
35791,1,1
35792,0,2
35793,1,1
35794,0,1
35795,0,2
35796,1,1
35797,1,1
35798,0,1
35799,0,2
35800,1,1
35801,1,1
35802,0,2
35803,0,2
35804,0,2
35805,0,1
35806,1,1
35807,0,2
35808,2,3
35809,0,2
35810,0,2
35811,0,1
35812,1,1
35813,1,1
35814,1,1
35815,0,2
35816,0,1
35817,0,2
35818,0,1
35819,1,1
35820,0,2
35821,0,1
35822,1,1
35823,1,1
35824,2,3
35825,1,1
35826,2,3
35827,2,3
35828,0,2
35829,1,1
35830,1,1
35831,1,1
35832,0,1
35833,1,1
35834,1,1
35835,0,2
35836,3,2
35837,1,1
35838,1,1
35839,1,1
35840,1,1
35841,0,1
35842,0,1
35843,1,1
35844,1,1
35845,1,1
35846,2,3
35847,1,1
35848,1,1
35849,1,1
35850,1,1
35851,0,2
35852,0,2
35853,0,2
35854,1,1
35855,0,2
35856,1,1
35857,1,1
35858,0,2
35859,0,2
35860,2,3
35861,1,1
35862,1,1
35863,1,1
35864,0,2
35865,1,1
35866,0,1
35867,1,1
35868,0,2
35869,0,2
35870,0,1
35871,1,1
35872,1,1
35873,1,1
35874,0,1
35875,1,1
35876,1,1
35877,1,1
35878,1,1
35879,0,2
35880,1,1
35881,1,1
35882,0,1
35883,1,1
35884,1,1
35885,1,1
35886,0,2
35887,1,1
35888,1,1
35889,1,1
35890,1,1
35891,0,2
35892,1,1
35893,1,1
35894,0,2
35895,0,2
35896,1,1
35897,0,1
35898,0,1
35899,1,1
35900,1,1
35901,1,1
35902,1,1
35903,1,1
35904,0,1
35905,1,1
35906,0,1
35907,1,1
35908,1,1
35909,1,1
35910,0,2
35911,0,1
35912,1,1
35913,0,1
35914,1,1
35915,0,1
35916,1,1
35917,1,1
35918,1,1
35919,0,2
35920,1,1
35921,1,1
35922,0,1
35923,0,1
35924,1,1
35925,0,2
35926,0,1
35927,1,1
35928,0,2
35929,1,1
35930,0,1
35931,1,1
35932,1,1
35933,1,1
35934,1,1
35935,1,1
35936,1,1
35937,0,1
35938,0,1
35939,0,1
35940,1,1
35941,1,1
35942,1,1
35943,1,1
35944,1,1
35945,1,1
35946,1,1
35947,0,2
35948,1,1
35949,1,1
35950,1,1
35951,1,1
35952,1,1
35953,1,1
35954,1,1
35955,0,2
35956,1,1
35957,1,1
35958,0,2
35959,1,1
35960,0,1
35961,0,2
35962,1,1
35963,0,2
35964,1,1
35965,1,1
35966,0,2
35967,0,2
35968,0,1
35969,1,1
35970,1,1
35971,3,2
35972,0,1
35973,0,2
35974,0,2
35975,1,1
35976,0,1
35977,0,2
35978,0,1
35979,1,1
35980,0,1
35981,1,1
35982,1,1
35983,1,1
35984,1,1
35985,1,1
35986,1,1
35987,0,2
35988,3,1
35989,1,1
35990,1,1
35991,1,1
35992,1,1
35993,0,2
35994,0,1
35995,1,1
35996,0,2
35997,0,2
35998,1,1
35999,0,2
36000,1,1
36001,0,2
36002,0,2
36003,0,2
36004,1,1
36005,1,1
36006,0,1
36007,2,3
36008,0,2
36009,1,1
36010,2,3
36011,0,2
36012,0,2
36013,0,2
36014,0,2
36015,0,2
36016,1,1
36017,0,2
36018,1,1
36019,0,2
36020,1,1
36021,0,2
36022,1,1
36023,1,1
36024,1,1
36025,1,1
36026,1,1
36027,1,1
36028,1,1
36029,1,1
36030,0,1
36031,0,2
36032,0,1
36033,1,1
36034,0,1
36035,0,2
36036,1,1
36037,1,1
36038,1,1
36039,1,1
36040,1,1
36041,1,1
36042,0,1
36043,0,2
36044,1,1
36045,1,1
36046,1,1
36047,1,1
36048,0,2
36049,1,1
36050,1,1
36051,0,1
36052,1,1
36053,1,1
36054,1,1
36055,2,3
36056,1,1
36057,1,1
36058,1,1
36059,1,1
36060,0,1
36061,1,1
36062,0,1
36063,1,1
36064,0,2
36065,0,1
36066,0,2
36067,1,1
36068,1,1
36069,1,1
36070,1,1
36071,1,1
36072,1,1
36073,1,1
36074,0,2
36075,0,2
36076,0,1
36077,2,3
36078,1,1
36079,1,1
36080,1,1
36081,1,1
36082,1,1
36083,0,1
36084,0,2
36085,1,1
36086,1,1
36087,1,1
36088,0,2
36089,1,1
36090,0,2
36091,2,3
36092,1,1
36093,1,1
36094,1,1
36095,1,1
36096,0,2
36097,1,1
36098,0,2
36099,1,1
36100,2,3
36101,1,1
36102,1,1
36103,1,1
36104,1,1
36105,1,1
36106,0,1
36107,1,1
36108,1,1
36109,1,1
36110,0,2
36111,0,2
36112,1,1
36113,1,1
36114,0,2
36115,1,1
36116,0,1
36117,1,1
36118,1,1
36119,0,2
36120,0,2
36121,1,1
36122,0,2
36123,1,1
36124,1,1
36125,0,2
36126,1,1
36127,1,1
36128,1,1
36129,2,3
36130,1,1
36131,0,1
36132,0,2
36133,0,2
36134,0,1
36135,1,1
36136,0,2
36137,1,1
36138,1,1
36139,0,2
36140,1,1
36141,1,1
36142,3,2
36143,0,1
36144,0,1
36145,1,1
36146,0,2
36147,0,2
36148,1,1
36149,0,2
36150,0,1
36151,1,1
36152,1,1
36153,1,1
36154,1,1
36155,1,1
36156,0,1
36157,1,1
36158,1,1
36159,0,2
36160,1,1
36161,1,1
36162,1,1
36163,1,1
36164,1,1
36165,1,1
36166,1,1
36167,1,1
36168,1,1
36169,1,1
36170,1,1
36171,0,2
36172,1,1
36173,1,1
36174,1,1
36175,1,1
36176,0,1
36177,0,2
36178,0,1
36179,1,1
36180,0,2
36181,1,1
36182,1,1
36183,1,1
36184,3,2
36185,1,1
36186,0,1
36187,1,1
36188,2,0
36189,1,1
36190,0,2
36191,1,1
36192,0,2
36193,1,1
36194,1,1
36195,0,2
36196,1,1
36197,1,1
36198,0,2
36199,1,1
36200,0,2
36201,0,2
36202,0,2
36203,1,1
36204,1,1
36205,1,1
36206,0,2
36207,1,1
36208,1,1
36209,1,1
36210,1,1
36211,0,1
36212,0,1
36213,1,1
36214,2,3
36215,1,1
36216,1,1
36217,1,1
36218,1,1
36219,0,2
36220,1,1
36221,1,1
36222,1,1
36223,1,1
36224,0,1
36225,1,1
36226,0,2
36227,1,1
36228,0,2
36229,1,1
36230,1,1
36231,1,1
36232,1,1
36233,0,2
36234,1,1
36235,1,1
36236,1,1
36237,1,1
36238,1,1
36239,0,2
36240,1,1
36241,0,1
36242,0,2
36243,1,1
36244,0,2
36245,0,2
36246,0,1
36247,0,2
36248,1,1
36249,1,1
36250,1,1
36251,1,1
36252,1,1
36253,1,1
36254,1,1
36255,1,1
36256,1,1
36257,1,1
36258,1,1
36259,1,1
36260,0,2
36261,0,2
36262,1,1
36263,1,1
36264,1,1
36265,0,2
36266,1,1
36267,1,1
36268,1,1
36269,0,1
36270,0,2
36271,1,1
36272,0,1
36273,1,1
36274,1,1
36275,2,0
36276,1,1
36277,0,1
36278,1,1
36279,0,2
36280,1,1
36281,0,2
36282,1,1
36283,1,1
36284,1,1
36285,0,2
36286,0,2
36287,1,1
36288,1,1
36289,2,3
36290,1,1
36291,1,1
36292,0,1
36293,0,2
36294,0,2
36295,1,1
36296,1,1
36297,1,1
36298,1,1
36299,1,1
36300,0,1
36301,0,1
36302,1,1
36303,0,1
36304,1,1
36305,0,2
36306,0,2
36307,1,1
36308,0,2
36309,1,1
36310,1,1
36311,1,1
36312,0,1
36313,1,1
36314,1,1
36315,1,1
36316,0,2
36317,1,1
36318,1,1
36319,2,3
36320,1,1
36321,1,1
36322,0,1
36323,1,1
36324,1,1
36325,0,2
36326,0,2
36327,1,1
36328,1,1
36329,1,1
36330,0,2
36331,1,1
36332,0,1
36333,1,1
36334,2,0
36335,1,1
36336,1,1
36337,1,1
36338,1,1
36339,1,1
36340,1,1
36341,1,1
36342,0,2
36343,1,1
36344,1,1
36345,0,2
36346,1,1
36347,1,1
36348,0,1
36349,1,1
36350,0,2
36351,2,3
36352,1,1
36353,1,1
36354,0,1
36355,0,2
36356,2,3
36357,0,1
36358,1,1
36359,1,1
36360,1,1
36361,1,1
36362,0,2
36363,0,2
36364,0,2
36365,0,2
36366,1,1
36367,1,1
36368,0,1
36369,1,1
36370,1,1
36371,0,2
36372,0,2
36373,0,2
36374,1,1
36375,2,3
36376,1,1
36377,0,1
36378,0,2
36379,0,2
36380,1,1
36381,1,1
36382,0,2
36383,0,2
36384,2,3
36385,1,1
36386,0,2
36387,1,1
36388,1,1
36389,1,1
36390,1,1
36391,0,2
36392,0,1
36393,0,2
36394,1,1
36395,1,1
36396,2,3
36397,0,1
36398,0,1
36399,2,3
36400,0,2
36401,0,1
36402,1,1
36403,0,1
36404,1,1
36405,1,1
36406,1,1
36407,2,3
36408,1,1
36409,0,2
36410,1,1
36411,1,1
36412,1,1
36413,0,1
36414,0,2
36415,1,1
36416,1,1
36417,1,1
36418,0,2
36419,1,1
36420,1,1
36421,0,1
36422,1,1
36423,1,1
36424,0,1
36425,0,1
36426,1,1
36427,0,1
36428,1,1
36429,1,1
36430,1,1
36431,1,1
36432,1,1
36433,2,3
36434,1,1
36435,0,2
36436,1,1
36437,0,1
36438,1,1
36439,0,2
36440,1,1
36441,1,1
36442,0,1
36443,1,1
36444,1,1
36445,0,1
36446,1,1
36447,1,1
36448,0,1
36449,1,1
36450,2,3
36451,1,1
36452,1,1
36453,0,1
36454,0,2
36455,0,2
36456,2,3
36457,0,2
36458,0,1
36459,1,1
36460,1,1
36461,1,1
36462,1,1
36463,0,2
36464,1,1
36465,1,1
36466,2,3
36467,1,1
36468,1,1
36469,1,1
36470,1,1
36471,1,1
36472,1,1
36473,0,1
36474,1,1
36475,0,2
36476,1,1
36477,0,2
36478,0,2
36479,1,1
36480,2,3
36481,1,1
36482,1,1
36483,0,1
36484,1,1
36485,1,1
36486,0,1
36487,0,2
36488,1,1
36489,1,1
36490,1,1
36491,0,2
36492,1,1
36493,0,1
36494,1,1
36495,1,1
36496,1,1
36497,3,2
36498,0,2
36499,1,1
36500,0,2
36501,0,2
36502,0,2
36503,1,1
36504,1,1
36505,1,1
36506,0,1
36507,1,1
36508,1,1
36509,0,2
36510,1,1
36511,0,2
36512,1,1
36513,0,1
36514,1,1
36515,0,1
36516,1,1
36517,0,1
36518,1,1
36519,1,1
36520,0,1
36521,0,2
36522,0,2
36523,1,1
36524,1,1
36525,1,1
36526,0,2
36527,0,1
36528,1,1
36529,0,2
36530,1,1
36531,0,1
36532,1,1
36533,0,1
36534,1,1
36535,1,1
36536,0,2
36537,1,1
36538,1,1
36539,1,1
36540,0,1
36541,1,1
36542,2,3
36543,1,1
36544,1,1
36545,1,1
36546,1,1
36547,1,1
36548,1,1
36549,1,1
36550,0,1
36551,1,1
36552,1,1
36553,1,1
36554,1,1
36555,1,1
36556,1,1
36557,0,1
36558,1,1
36559,1,1
36560,1,1
36561,0,2
36562,0,1
36563,1,1
36564,1,1
36565,0,2
36566,1,1
36567,0,2
36568,1,1
36569,1,1
36570,1,1
36571,1,1
36572,0,2
36573,1,1
36574,1,1
36575,1,1
36576,1,1
36577,1,1
36578,1,1
36579,1,1
36580,1,1
36581,1,1
36582,0,1
36583,1,1
36584,0,1
36585,1,1
36586,2,3
36587,1,1
36588,1,1
36589,1,1
36590,0,2
36591,1,1
36592,1,1
36593,1,1
36594,1,1
36595,0,2
36596,0,1
36597,0,2
36598,1,1
36599,1,1
36600,0,2
36601,1,1
36602,1,1
36603,0,1
36604,0,2
36605,0,2
36606,1,1
36607,0,1
36608,1,1
36609,1,1
36610,1,1
36611,0,2
36612,1,1
36613,1,1
36614,0,1
36615,1,1
36616,1,1
36617,1,1
36618,1,1
36619,1,1
36620,0,2
36621,1,1
36622,1,1
36623,1,1
36624,1,1
36625,0,1
36626,1,1
36627,0,2
36628,2,3
36629,0,2
36630,0,2
36631,1,1
36632,0,2
36633,2,0
36634,1,1
36635,1,1
36636,0,2
36637,1,1
36638,0,2
36639,1,1
36640,0,2
36641,1,1
36642,1,1
36643,0,1
36644,1,1
36645,0,1
36646,0,2
36647,1,1
36648,1,1
36649,1,1
36650,1,1
36651,0,2
36652,3,1
36653,1,1
36654,0,1
36655,0,2
36656,0,1
36657,0,1
36658,0,2
36659,1,1
36660,1,1
36661,1,1
36662,1,1
36663,1,1
36664,0,2
36665,1,1
36666,1,1
36667,0,1
36668,1,1
36669,1,1
36670,1,1
36671,0,2
36672,1,1
36673,1,1
36674,0,1
36675,0,1
36676,1,1
36677,1,1
36678,1,1
36679,1,1
36680,1,1
36681,1,1
36682,1,1
36683,0,2
36684,2,3
36685,0,2
36686,1,1
36687,2,0
36688,0,2
36689,1,1
36690,1,1
36691,1,1
36692,0,2
36693,1,1
36694,2,3
36695,1,1
36696,1,1
36697,1,1
36698,0,2
36699,1,1
36700,0,2
36701,1,1
36702,1,1
36703,2,3
36704,1,1
36705,1,1
36706,1,1
36707,1,1
36708,1,1
36709,1,1
36710,1,1
36711,1,1
36712,0,2
36713,1,1
36714,1,1
36715,1,1
36716,1,1
36717,1,1
36718,1,1
36719,0,1
36720,1,1
36721,0,1
36722,1,1
36723,1,1
36724,1,1
36725,1,1
36726,0,1
36727,1,1
36728,1,1
36729,1,1
36730,1,1
36731,0,2
36732,1,1
36733,1,1
36734,0,2
36735,1,1
36736,1,1
36737,0,2
36738,1,1
36739,1,1
36740,0,2
36741,0,2
36742,1,1
36743,0,1
36744,0,1
36745,1,1
36746,0,1
36747,0,2
36748,1,1
36749,0,2
36750,2,3
36751,1,1
36752,1,1
36753,1,1
36754,0,2
36755,0,1
36756,1,1
36757,1,1
36758,0,1
36759,1,1
36760,1,1
36761,1,1
36762,1,1
36763,0,2
36764,1,1
36765,1,1
36766,0,2
36767,1,1
36768,0,2
36769,1,1
36770,1,1
36771,0,2
36772,2,3
36773,0,2
36774,1,1
36775,0,1
36776,1,1
36777,0,2
36778,2,3
36779,0,2
36780,0,2
36781,1,1
36782,0,2
36783,2,3
36784,1,1
36785,0,1
36786,0,2
36787,1,1
36788,0,2
36789,1,1
36790,1,1
36791,1,1
36792,0,2
36793,0,1
36794,0,2
36795,0,1
36796,0,2
36797,1,1
36798,1,1
36799,1,1
36800,1,1
36801,1,1
36802,1,1
36803,0,2
36804,1,1
36805,0,1
36806,0,1
36807,1,1
36808,1,1
36809,0,1
36810,0,1
36811,1,1
36812,0,2
36813,1,1
36814,1,1
36815,1,1
36816,1,1
36817,1,1
36818,1,1
36819,1,1
36820,1,1
36821,1,1
36822,1,1
36823,1,1
36824,1,1
36825,0,2
36826,1,1
36827,1,1
36828,1,1
36829,1,1
36830,1,1
36831,1,1
36832,0,1
36833,1,1
36834,0,2
36835,1,1
36836,1,1
36837,1,1
36838,1,1
36839,0,1
36840,1,1
36841,0,2
36842,0,2
36843,0,2
36844,1,1
36845,1,1
36846,0,1
36847,1,1
36848,0,1
36849,0,2
36850,1,1
36851,1,1
36852,1,1
36853,0,2
36854,1,1
36855,1,1
36856,1,1
36857,1,1
36858,1,1
36859,1,1
36860,1,1
36861,0,2
36862,1,1
36863,1,1
36864,1,1
36865,1,1
36866,1,1
36867,1,1
36868,2,3
36869,1,1
36870,0,2
36871,1,1
36872,1,1
36873,1,1
36874,1,1
36875,0,2
36876,1,1
36877,0,2
36878,1,1
36879,1,1
36880,0,1
36881,1,1
36882,0,1
36883,1,1
36884,1,1
36885,2,3
36886,1,1
36887,1,1
36888,1,1
36889,1,1
36890,0,2
36891,0,1
36892,1,1
36893,1,1
36894,1,1
36895,1,1
36896,0,1
36897,1,1
36898,1,1
36899,1,1
36900,1,1
36901,1,1
36902,0,1
36903,2,3
36904,1,1
36905,1,1
36906,0,2
36907,1,1
36908,0,1
36909,1,1
36910,1,1
36911,0,1
36912,0,1
36913,0,2
36914,0,2
36915,0,1
36916,1,1
36917,1,1
36918,1,1
36919,1,1
36920,1,1
36921,1,1
36922,1,1
36923,2,3
36924,1,1
36925,1,1
36926,1,1
36927,0,2
36928,1,1
36929,1,1
36930,1,1
36931,0,1
36932,0,1
36933,1,1
36934,1,1
36935,0,1
36936,1,1
36937,1,1
36938,0,1
36939,1,1
36940,1,1
36941,0,2
36942,1,1
36943,2,3
36944,0,2
36945,1,1
36946,1,1
36947,0,1
36948,0,1
36949,1,1
36950,0,1
36951,0,2
36952,0,1
36953,1,1
36954,0,1
36955,0,1
36956,3,2
36957,0,2
36958,0,2
36959,1,1
36960,1,1
36961,0,1
36962,0,1
36963,0,1
36964,3,2
36965,1,1
36966,1,1
36967,1,1
36968,0,2
36969,1,1
36970,1,1
36971,1,1
36972,2,0
36973,0,2
36974,2,3
36975,0,2
36976,1,1
36977,0,2
36978,1,1
36979,2,3
36980,1,1
36981,1,1
36982,0,1
36983,1,1
36984,1,1
36985,0,1
36986,2,3
36987,1,1
36988,0,1
36989,0,2
36990,0,2
36991,0,1
36992,1,1
36993,1,1
36994,0,2
36995,0,1
36996,1,1
36997,1,1
36998,1,1
36999,1,1
37000,1,1
37001,0,1
37002,0,1
37003,1,1
37004,1,1
37005,1,1
37006,1,1
37007,0,2
37008,1,1
37009,2,0
37010,1,1
37011,2,0
37012,1,1
37013,1,1
37014,1,1
37015,1,1
37016,2,3
37017,1,1
37018,1,1
37019,1,1
37020,1,1
37021,0,1
37022,0,1
37023,1,1
37024,0,2
37025,2,3
37026,0,2
37027,1,1
37028,1,1
37029,1,1
37030,0,1
37031,0,2
37032,0,1
37033,0,2
37034,0,2
37035,1,1
37036,2,0
37037,0,2
37038,1,1
37039,0,2
37040,0,1
37041,1,1
37042,1,1
37043,1,1
37044,1,1
37045,1,1
37046,1,1
37047,1,1
37048,1,1
37049,1,1
37050,1,1
37051,1,1
37052,0,2
37053,0,2
37054,1,1
37055,1,1
37056,1,1
37057,0,1
37058,0,2
37059,1,1
37060,1,1
37061,1,1
37062,0,2
37063,0,2
37064,1,1
37065,1,1
37066,1,1
37067,1,1
37068,1,1
37069,1,1
37070,0,2
37071,1,1
37072,0,1
37073,1,1
37074,0,1
37075,0,1
37076,1,1
37077,0,1
37078,0,1
37079,0,2
37080,1,1
37081,1,1
37082,1,1
37083,0,2
37084,1,1
37085,1,1
37086,1,1
37087,1,1
37088,0,1
37089,1,1
37090,1,1
37091,2,3
37092,0,2
37093,1,1
37094,0,2
37095,1,1
37096,1,1
37097,0,2
37098,1,1
37099,0,1
37100,1,1
37101,0,1
37102,1,1
37103,1,1
37104,1,1
37105,2,0
37106,1,1
37107,1,1
37108,0,2
37109,1,1
37110,0,1
37111,2,3
37112,0,1
37113,0,2
37114,0,1
37115,1,1
37116,1,1
37117,1,1
37118,0,2
37119,0,2
37120,0,1
37121,1,1
37122,0,1
37123,0,2
37124,1,1
37125,1,1
37126,1,1
37127,0,2
37128,0,2
37129,0,2
37130,1,1
37131,1,1
37132,1,1
37133,0,2
37134,1,1
37135,1,1
37136,1,1
37137,1,1
37138,0,2
37139,1,1
37140,1,1
37141,1,1
37142,1,1
37143,1,1
37144,1,1
37145,1,1
37146,0,2
37147,0,2
37148,3,2
37149,3,2
37150,1,1
37151,1,1
37152,1,1
37153,1,1
37154,1,1
37155,1,1
37156,1,1
37157,0,2
37158,0,1
37159,1,1
37160,0,2
37161,0,1
37162,2,0
37163,0,1
37164,0,1
37165,1,1
37166,0,2
37167,1,1
37168,1,1
37169,1,1
37170,0,2
37171,1,1
37172,0,2
37173,1,1
37174,1,1
37175,1,1
37176,1,1
37177,1,1
37178,1,1
37179,1,1
37180,1,1
37181,0,2
37182,2,3
37183,1,1
37184,0,2
37185,0,2
37186,1,1
37187,1,1
37188,0,1
37189,1,1
37190,1,1
37191,1,1
37192,1,1
37193,0,2
37194,0,2
37195,0,2
37196,1,1
37197,0,2
37198,0,2
37199,0,2
37200,1,1
37201,2,0
37202,0,2
37203,1,1
37204,0,1
37205,0,2
37206,0,1
37207,0,2
37208,1,1
37209,1,1
37210,1,1
37211,1,1
37212,1,1
37213,1,1
37214,1,1
37215,1,1
37216,1,1
37217,1,1
37218,1,1
37219,0,2
37220,0,2
37221,1,1
37222,0,2
37223,1,1
37224,1,1
37225,1,1
37226,0,1
37227,1,1
37228,1,1
37229,1,1
37230,0,2
37231,1,1
37232,1,1
37233,1,1
37234,1,1
37235,0,2
37236,0,2
37237,1,1
37238,1,1
37239,1,1
37240,0,2
37241,1,1
37242,0,1
37243,1,1
37244,1,1
37245,0,1
37246,1,1
37247,1,1
37248,1,1
37249,1,1
37250,0,2
37251,1,1
37252,1,1
37253,1,1
37254,1,1
37255,1,1
37256,1,1
37257,1,1
37258,1,1
37259,1,1
37260,0,1
37261,0,2
37262,1,1
37263,0,2
37264,1,1
37265,1,1
37266,0,2
37267,0,2
37268,1,1
37269,1,1
37270,1,1
37271,0,1
37272,1,1
37273,0,2
37274,1,1
37275,0,2
37276,1,1
37277,1,1
37278,1,1
37279,1,1
37280,1,1
37281,0,2
37282,1,1
37283,1,1
37284,1,1
37285,1,1
37286,1,1
37287,0,2
37288,0,2
37289,1,1
37290,1,1
37291,1,1
37292,0,2
37293,1,1
37294,1,1
37295,0,2
37296,1,1
37297,1,1
37298,0,2
37299,1,1
37300,1,1
37301,1,1
37302,0,1
37303,0,1
37304,0,1
37305,1,1
37306,0,1
37307,1,1
37308,0,1
37309,1,1
37310,1,1
37311,0,2
37312,1,1
37313,1,1
37314,0,1
37315,1,1
37316,1,1
37317,1,1
37318,0,1
37319,1,1
37320,1,1
37321,0,1
37322,1,1
37323,1,1
37324,1,1
37325,1,1
37326,0,1
37327,1,1
37328,0,1
37329,1,1
37330,1,1
37331,0,2
37332,1,1
37333,0,2
37334,0,2
37335,1,1
37336,0,1
37337,1,1
37338,1,1
37339,1,1
37340,0,2
37341,1,1
37342,0,2
37343,0,2
37344,1,1
37345,0,2
37346,0,2
37347,1,1
37348,1,1
37349,1,1
37350,1,1
37351,1,1
37352,0,1
37353,1,1
37354,0,1
37355,1,1
37356,1,1
37357,0,1
37358,1,1
37359,0,2
37360,0,2
37361,0,1
37362,1,1
37363,1,1
37364,1,1
37365,1,1
37366,2,0
37367,1,1
37368,1,1
37369,0,1
37370,1,1
37371,1,1
37372,1,1
37373,0,1
37374,1,1
37375,1,1
37376,1,1
37377,0,1
37378,2,0
37379,3,2
37380,0,2
37381,1,1
37382,0,1
37383,0,2
37384,1,1
37385,1,1
37386,1,1
37387,1,1
37388,1,1
37389,1,1
37390,1,1
37391,1,1
37392,1,1
37393,1,1
37394,1,1
37395,0,2
37396,1,1
37397,0,2
37398,1,1
37399,0,2
37400,1,1
37401,1,1
37402,1,1
37403,1,1
37404,0,1
37405,1,1
37406,1,1
37407,0,2
37408,1,1
37409,1,1
37410,0,2
37411,1,1
37412,0,2
37413,0,1
37414,2,0
37415,1,1
37416,1,1
37417,1,1
37418,1,1
37419,1,1
37420,0,1
37421,1,1
37422,1,1
37423,1,1
37424,0,2
37425,3,2
37426,1,1
37427,1,1
37428,0,2
37429,1,1
37430,1,1
37431,1,1
37432,1,1
37433,1,1
37434,1,1
37435,0,2
37436,2,3
37437,0,1
37438,1,1
37439,1,1
37440,2,3
37441,1,1
37442,1,1
37443,1,1
37444,1,1
37445,0,1
37446,1,1
37447,1,1
37448,1,1
37449,1,1
37450,1,1
37451,0,2
37452,1,1
37453,1,1
37454,1,1
37455,1,1
37456,1,1
37457,0,2
37458,1,1
37459,1,1
37460,2,3
37461,0,2
37462,1,1
37463,1,1
37464,1,1
37465,1,1
37466,1,1
37467,0,1
37468,1,1
37469,2,3
37470,0,2
37471,1,1
37472,1,1
37473,1,1
37474,0,2
37475,0,2
37476,2,0
37477,1,1
37478,1,1
37479,1,1
37480,0,2
37481,1,1
37482,1,1
37483,0,1
37484,1,1
37485,1,1
37486,1,1
37487,1,1
37488,1,1
37489,1,1
37490,1,1
37491,0,1
37492,0,2
37493,1,1
37494,1,1
37495,1,1
37496,0,2
37497,1,1
37498,1,1
37499,1,1
37500,1,1
37501,1,1
37502,1,1
37503,1,1
37504,0,1
37505,0,1
37506,1,1
37507,1,1
37508,1,1
37509,1,1
37510,1,1
37511,1,1
37512,1,1
37513,2,3
37514,0,1
37515,1,1
37516,1,1
37517,1,1
37518,0,2
37519,1,1
37520,1,1
37521,1,1
37522,1,1
37523,0,1
37524,1,1
37525,0,2
37526,0,2
37527,1,1
37528,1,1
37529,1,1
37530,0,2
37531,0,2
37532,1,1
37533,1,1
37534,0,2
37535,1,1
37536,0,2
37537,0,1
37538,0,2
37539,1,1
37540,1,1
37541,0,2
37542,1,1
37543,1,1
37544,1,1
37545,2,0
37546,1,1
37547,1,1
37548,1,1
37549,0,1
37550,1,1
37551,1,1
37552,0,2
37553,2,0
37554,1,1
37555,1,1
37556,1,1
37557,1,1
37558,1,1
37559,1,1
37560,1,1
37561,1,1
37562,1,1
37563,0,2
37564,1,1
37565,1,1
37566,1,1
37567,0,2
37568,1,1
37569,1,1
37570,1,1
37571,1,1
37572,1,1
37573,1,1
37574,0,2
37575,0,2
37576,2,3
37577,1,1
37578,2,3
37579,0,2
37580,0,1
37581,1,1
37582,2,0
37583,1,1
37584,1,1
37585,0,2
37586,0,2
37587,0,2
37588,0,2
37589,0,1
37590,1,1
37591,1,1
37592,0,2
37593,1,1
37594,1,1
37595,2,3
37596,0,2
37597,1,1
37598,1,1
37599,1,1
37600,0,1
37601,1,1
37602,1,1
37603,0,1
37604,0,2
37605,0,2
37606,0,2
37607,1,1
37608,0,1
37609,0,2
37610,1,1
37611,0,2
37612,0,2
37613,1,1
37614,1,1
37615,1,1
37616,1,1
37617,0,2
37618,0,1
37619,1,1
37620,1,1
37621,1,1
37622,0,2
37623,1,1
37624,2,0
37625,1,1
37626,1,1
37627,0,2
37628,0,2
37629,1,1
37630,0,2
37631,0,2
37632,2,3
37633,1,1
37634,1,1
37635,0,2
37636,1,1
37637,1,1
37638,1,1
37639,0,2
37640,0,1
37641,1,1
37642,0,1
37643,1,1
37644,1,1
37645,1,1
37646,1,1
37647,1,1
37648,0,2
37649,0,2
37650,1,1
37651,1,1
37652,1,1
37653,1,1
37654,0,1
37655,1,1
37656,1,1
37657,1,1
37658,0,1
37659,0,1
37660,1,1
37661,1,1
37662,1,1
37663,1,1
37664,1,1
37665,1,1
37666,0,2
37667,0,2
37668,1,1
37669,1,1
37670,1,1
37671,1,1
37672,1,1
37673,1,1
37674,1,1
37675,1,1
37676,0,1
37677,2,3
37678,1,1
37679,1,1
37680,0,2
37681,0,2
37682,2,3
37683,1,1
37684,0,1
37685,1,1
37686,1,1
37687,1,1
37688,1,1
37689,1,1
37690,1,1
37691,2,0
37692,1,1
37693,0,2
37694,1,1
37695,1,1
37696,1,1
37697,0,2
37698,1,1
37699,1,1
37700,1,1
37701,1,1
37702,2,3
37703,0,1
37704,1,1
37705,1,1
37706,1,1
37707,1,1
37708,1,1
37709,1,1
37710,1,1
37711,0,2
37712,1,1
37713,1,1
37714,1,1
37715,1,1
37716,0,1
37717,0,1
37718,0,2
37719,1,1
37720,1,1
37721,1,1
37722,0,2
37723,1,1
37724,0,2
37725,1,1
37726,0,2
37727,0,2
37728,1,1
37729,1,1
37730,3,1
37731,0,2
37732,1,1
37733,0,2
37734,1,1
37735,1,1
37736,1,1
37737,1,1
37738,0,1
37739,1,1
37740,1,1
37741,1,1
37742,1,1
37743,0,2
37744,0,2
37745,0,2
37746,0,1
37747,0,1
37748,2,3
37749,0,2
37750,0,2
37751,0,1
37752,1,1
37753,0,2
37754,2,3
37755,0,2
37756,1,1
37757,1,1
37758,1,1
37759,1,1
37760,1,1
37761,0,2
37762,1,1
37763,0,1
37764,1,1
37765,2,3
37766,0,2
37767,1,1
37768,1,1
37769,0,1
37770,0,1
37771,0,2
37772,0,1
37773,0,2
37774,0,1
37775,2,3
37776,1,1
37777,1,1
37778,1,1
37779,1,1
37780,1,1
37781,0,2
37782,0,2
37783,1,1
37784,1,1
37785,1,1
37786,0,2
37787,1,1
37788,0,1
37789,0,2
37790,1,1
37791,1,1
37792,0,2
37793,1,1
37794,1,1
37795,1,1
37796,0,1
37797,0,2
37798,1,1
37799,0,2
37800,0,1
37801,2,3
37802,1,1
37803,1,1
37804,1,1
37805,0,1
37806,1,1
37807,1,1
37808,0,2
37809,1,1
37810,1,1
37811,0,1
37812,0,2
37813,1,1
37814,1,1
37815,0,1
37816,1,1
37817,1,1
37818,0,1
37819,1,1
37820,1,1
37821,0,1
37822,1,1
37823,1,1
37824,1,1
37825,0,2
37826,0,1
37827,0,2
37828,0,1
37829,1,1
37830,0,1
37831,1,1
37832,0,1
37833,1,1
37834,0,2
37835,1,1
37836,1,1
37837,1,1
37838,1,1
37839,0,1
37840,0,2
37841,1,1
37842,1,1
37843,0,1
37844,1,1
37845,0,2
37846,1,1
37847,1,1
37848,0,1
37849,1,1
37850,0,2
37851,1,1
37852,0,2
37853,0,1
37854,1,1
37855,1,1
37856,0,2
37857,1,1
37858,0,2
37859,1,1
37860,0,2
37861,1,1
37862,0,2
37863,2,3
37864,1,1
37865,1,1
37866,0,1
37867,0,1
37868,1,1
37869,1,1
37870,1,1
37871,1,1
37872,1,1
37873,0,1
37874,0,2
37875,1,1
37876,1,1
37877,1,1
37878,0,2
37879,2,3
37880,0,2
37881,1,1
37882,1,1
37883,0,2
37884,1,1
37885,1,1
37886,0,1
37887,1,1
37888,0,2
37889,1,1
37890,1,1
37891,1,1
37892,3,1
37893,0,1
37894,1,1
37895,1,1
37896,1,1
37897,1,1
37898,1,1
37899,1,1
37900,1,1
37901,0,1
37902,0,1
37903,0,2
37904,1,1
37905,2,3
37906,1,1
37907,1,1
37908,1,1
37909,0,1
37910,0,2
37911,1,1
37912,1,1
37913,1,1
37914,1,1
37915,0,2
37916,1,1
37917,0,1
37918,0,1
37919,0,2
37920,1,1
37921,1,1
37922,1,1
37923,0,2
37924,1,1
37925,1,1
37926,1,1
37927,1,1
37928,1,1
37929,1,1
37930,1,1
37931,0,1
37932,0,2
37933,1,1
37934,0,2
37935,0,2
37936,0,1
37937,1,1
37938,1,1
37939,1,1
37940,1,1
37941,1,1
37942,1,1
37943,0,1
37944,1,1
37945,1,1
37946,1,1
37947,0,2
37948,1,1
37949,0,2
37950,0,2
37951,0,2
37952,2,0
37953,1,1
37954,1,1
37955,0,2
37956,1,1
37957,2,3
37958,0,2
37959,0,1
37960,0,1
37961,2,0
37962,1,1
37963,0,2
37964,0,1
37965,0,1
37966,0,1
37967,1,1
37968,1,1
37969,1,1
37970,2,0
37971,0,2
37972,0,1
37973,0,2
37974,1,1
37975,1,1
37976,0,2
37977,1,1
37978,0,2
37979,1,1
37980,1,1
37981,1,1
37982,1,1
37983,0,2
37984,1,1
37985,2,0
37986,1,1
37987,0,1
37988,1,1
37989,1,1
37990,1,1
37991,1,1
37992,1,1
37993,1,1
37994,1,1
37995,0,2
37996,0,1
37997,1,1
37998,1,1
37999,1,1
38000,0,1
38001,0,2
38002,1,1
38003,1,1
38004,1,1
38005,1,1
38006,1,1
38007,1,1
38008,1,1
38009,1,1
38010,0,1
38011,2,3
38012,0,2
38013,1,1
38014,2,3
38015,1,1
38016,1,1
38017,1,1
38018,1,1
38019,0,1
38020,0,2
38021,0,2
38022,1,1
38023,2,3
38024,1,1
38025,0,1
38026,0,2
38027,1,1
38028,1,1
38029,0,2
38030,1,1
38031,0,1
38032,0,2
38033,2,0
38034,0,2
38035,0,1
38036,0,2
38037,0,2
38038,0,2
38039,1,1
38040,0,2
38041,2,3
38042,0,2
38043,1,1
38044,1,1
38045,1,1
38046,1,1
38047,1,1
38048,2,0
38049,1,1
38050,0,2
38051,1,1
38052,0,1
38053,0,2
38054,0,2
38055,1,1
38056,1,1
38057,1,1
38058,2,3
38059,1,1
38060,0,1
38061,1,1
38062,1,1
38063,1,1
38064,0,2
38065,1,1
38066,1,1
38067,1,1
38068,1,1
38069,1,1
38070,1,1
38071,1,1
38072,1,1
38073,1,1
38074,1,1
38075,1,1
38076,1,1
38077,0,1
38078,1,1
38079,1,1
38080,1,1
38081,1,1
38082,1,1
38083,0,2
38084,1,1
38085,1,1
38086,0,2
38087,0,1
38088,0,2
38089,0,1
38090,1,1
38091,1,1
38092,0,1
38093,0,2
38094,0,2
38095,0,2
38096,1,1
38097,2,0
38098,1,1
38099,2,3
38100,1,1
38101,1,1
38102,1,1
38103,1,1
38104,1,1
38105,0,2
38106,1,1
38107,0,2
38108,1,1
38109,0,1
38110,0,2
38111,0,2
38112,0,2
38113,1,1
38114,1,1
38115,1,1
38116,0,2
38117,2,0
38118,0,2
38119,2,3
38120,1,1
38121,2,0
38122,1,1
38123,0,2
38124,0,2
38125,0,2
38126,1,1
38127,1,1
38128,1,1
38129,1,1
38130,0,2
38131,0,2
38132,1,1
38133,0,2
38134,1,1
38135,1,1
38136,0,1
38137,1,1
38138,1,1
38139,1,1
38140,1,1
38141,1,1
38142,1,1
38143,1,1
38144,2,3
38145,1,1
38146,1,1
38147,0,2
38148,0,2
38149,1,1
38150,1,1
38151,0,2
38152,1,1
38153,1,1
38154,1,1
38155,1,1
38156,0,2
38157,0,2
38158,1,1
38159,1,1
38160,1,1
38161,0,1
38162,1,1
38163,0,1
38164,0,1
38165,1,1
38166,0,2
38167,0,2
38168,3,2
38169,0,2
38170,0,1
38171,1,1
38172,1,1
38173,1,1
38174,1,1
38175,0,1
38176,0,2
38177,1,1
38178,0,1
38179,0,2
38180,0,2
38181,1,1
38182,1,1
38183,1,1
38184,1,1
38185,0,2
38186,1,1
38187,0,2
38188,0,2
38189,0,1
38190,1,1
38191,1,1
38192,0,2
38193,2,3
38194,0,2
38195,1,1
38196,1,1
38197,2,3
38198,0,1
38199,1,1
38200,1,1
38201,1,1
38202,1,1
38203,1,1
38204,0,1
38205,1,1
38206,1,1
38207,1,1
38208,1,1
38209,0,2
38210,1,1
38211,0,2
38212,0,1
38213,2,3
38214,1,1
38215,0,1
38216,1,1
38217,1,1
38218,0,2
38219,0,1
38220,1,1
38221,1,1
38222,0,2
38223,2,3
38224,1,1
38225,0,1
38226,0,1
38227,1,1
38228,1,1
38229,1,1
38230,1,1
38231,2,3
38232,1,1
38233,1,1
38234,2,3
38235,0,2
38236,0,1
38237,1,1
38238,1,1
38239,0,2
38240,1,1
38241,1,1
38242,1,1
38243,0,2
38244,1,1
38245,0,2
38246,1,1
38247,0,2
38248,0,1
38249,1,1
38250,1,1
38251,0,2
38252,1,1
38253,1,1
38254,1,1
38255,1,1
38256,1,1
38257,1,1
38258,1,1
38259,0,2
38260,0,2
38261,0,2
38262,1,1
38263,0,2
38264,0,1
38265,1,1
38266,0,1
38267,1,1
38268,1,1
38269,0,1
38270,1,1
38271,0,2
38272,1,1
38273,1,1
38274,1,1
38275,1,1
38276,1,1
38277,0,2
38278,0,2
38279,1,1
38280,0,1
38281,0,1
38282,1,1
38283,2,0
38284,0,1
38285,1,1
38286,1,1
38287,1,1
38288,2,0
38289,1,1
38290,1,1
38291,0,2
38292,1,1
38293,0,2
38294,0,2
38295,1,1
38296,1,1
38297,1,1
38298,1,1
38299,0,2
38300,0,2
38301,1,1
38302,0,1
38303,0,2
38304,0,1
38305,0,1
38306,1,1
38307,1,1
38308,1,1
38309,1,1
38310,1,1
38311,1,1
38312,1,1
38313,0,2
38314,0,1
38315,0,2
38316,1,1
38317,1,1
38318,1,1
38319,1,1
38320,1,1
38321,1,1
38322,2,3
38323,1,1
38324,1,1
38325,0,2
38326,1,1
38327,0,2
38328,1,1
38329,1,1
38330,1,1
38331,1,1
38332,0,2
38333,1,1
38334,1,1
38335,2,3
38336,1,1
38337,1,1
38338,1,1
38339,0,2
38340,1,1
38341,0,2
38342,1,1
38343,1,1
38344,0,2
38345,0,1
38346,0,2
38347,1,1
38348,0,2
38349,0,2
38350,0,1
38351,0,2
38352,0,2
38353,1,1
38354,0,2
38355,1,1
38356,1,1
38357,1,1
38358,0,1
38359,0,2
38360,1,1
38361,0,1
38362,1,1
38363,1,1
38364,1,1
38365,1,1
38366,0,2
38367,0,2
38368,0,2
38369,1,1
38370,1,1
38371,1,1
38372,0,1
38373,0,2
38374,1,1
38375,0,2
38376,1,1
38377,0,1
38378,1,1
38379,0,2
38380,1,1
38381,0,1
38382,1,1
38383,1,1
38384,0,2
38385,2,3
38386,2,0
38387,1,1
38388,1,1
38389,1,1
38390,0,2
38391,1,1
38392,0,2
38393,0,1
38394,0,1
38395,1,1
38396,1,1
38397,0,1
38398,0,1
38399,1,1
38400,1,1
38401,1,1
38402,0,2
38403,2,0
38404,1,1
38405,0,2
38406,1,1
38407,0,2
38408,0,2
38409,1,1
38410,1,1
38411,1,1
38412,1,1
38413,1,1
38414,0,2
38415,0,1
38416,1,1
38417,0,2
38418,1,1
38419,1,1
38420,1,1
38421,0,2
38422,1,1
38423,1,1
38424,0,2
38425,1,1
38426,2,3
38427,1,1
38428,0,1
38429,1,1
38430,0,2
38431,1,1
38432,0,2
38433,1,1
38434,1,1
38435,0,1
38436,1,1
38437,0,2
38438,1,1
38439,1,1
38440,0,2
38441,1,1
38442,1,1
38443,1,1
38444,1,1
38445,0,2
38446,1,1
38447,0,1
38448,1,1
38449,0,2
38450,1,1
38451,1,1
38452,1,1
38453,1,1
38454,0,1
38455,1,1
38456,1,1
38457,1,1
38458,1,1
38459,1,1
38460,1,1
38461,1,1
38462,0,1
38463,0,2
38464,0,2
38465,0,2
38466,1,1
38467,1,1
38468,1,1
38469,0,2
38470,0,1
38471,1,1
38472,1,1
38473,1,1
38474,1,1
38475,0,2
38476,1,1
38477,1,1
38478,0,2
38479,0,1
38480,3,2
38481,0,1
38482,1,1
38483,0,1
38484,1,1
38485,0,2
38486,0,2
38487,0,2
38488,1,1
38489,1,1
38490,0,2
38491,1,1
38492,1,1
38493,2,3
38494,1,1
38495,0,2
38496,1,1
38497,0,2
38498,1,1
38499,0,1
38500,1,1
38501,1,1
38502,1,1
38503,1,1
38504,0,2
38505,1,1
38506,0,2
38507,1,1
38508,1,1
38509,1,1
38510,1,1
38511,1,1
38512,0,2
38513,0,2
38514,1,1
38515,1,1
38516,1,1
38517,1,1
38518,0,2
38519,1,1
38520,0,2
38521,1,1
38522,1,1
38523,0,2
38524,1,1
38525,0,2
38526,1,1
38527,1,1
38528,0,2
38529,0,2
38530,1,1
38531,0,1
38532,1,1
38533,0,1
38534,0,2
38535,0,2
38536,2,3
38537,1,1
38538,0,2
38539,1,1
38540,1,1
38541,1,1
38542,1,1
38543,1,1
38544,1,1
38545,1,1
38546,1,1
38547,1,1
38548,0,2
38549,2,3
38550,1,1
38551,1,1
38552,1,1
38553,1,1
38554,2,0
38555,0,1
38556,1,1
38557,1,1
38558,0,1
38559,0,2
38560,0,1
38561,1,1
38562,0,1
38563,1,1
38564,1,1
38565,1,1
38566,1,1
38567,1,1
38568,0,1
38569,2,3
38570,0,1
38571,1,1
38572,0,1
38573,0,2
38574,0,1
38575,1,1
38576,0,2
38577,1,1
38578,1,1
38579,1,1
38580,1,1
38581,1,1
38582,2,3
38583,0,2
38584,1,1
38585,1,1
38586,1,1
38587,0,2
38588,1,1
38589,1,1
38590,1,1
38591,1,1
38592,0,1
38593,1,1
38594,2,0
38595,0,2
38596,1,1
38597,1,1
38598,1,1
38599,1,1
38600,0,1
38601,1,1
38602,1,1
38603,1,1
38604,1,1
38605,0,1
38606,1,1
38607,1,1
38608,1,1
38609,2,0
38610,2,0
38611,0,2
38612,1,1
38613,0,2
38614,1,1
38615,1,1
38616,1,1
38617,1,1
38618,2,0
38619,1,1
38620,1,1
38621,0,1
38622,1,1
38623,2,3
38624,1,1
38625,0,1
38626,0,1
38627,1,1
38628,0,2
38629,1,1
38630,1,1
38631,1,1
38632,1,1
38633,1,1
38634,1,1
38635,1,1
38636,2,3
38637,0,2
38638,1,1
38639,1,1
38640,0,2
38641,0,2
38642,1,1
38643,1,1
38644,1,1
38645,1,1
38646,2,3
38647,1,1
38648,1,1
38649,1,1
38650,0,2
38651,0,2
38652,1,1
38653,0,2
38654,0,2
38655,0,2
38656,0,1
38657,1,1
38658,0,1
38659,1,1
38660,1,1
38661,1,1
38662,0,2
38663,1,1
38664,0,2
38665,0,1
38666,0,1
38667,2,3
38668,1,1
38669,1,1
38670,0,1
38671,0,2
38672,0,2
38673,0,1
38674,1,1
38675,0,2
38676,1,1
38677,0,2
38678,1,1
38679,1,1
38680,1,1
38681,1,1
38682,0,1
38683,1,1
38684,0,2
38685,1,1
38686,1,1
38687,1,1
38688,0,1
38689,1,1
38690,1,1
38691,1,1
38692,1,1
38693,0,2
38694,1,1
38695,0,1
38696,1,1
38697,1,1
38698,1,1
38699,1,1
38700,1,1
38701,1,1
38702,1,1
38703,0,1
38704,0,2
38705,1,1
38706,2,3
38707,1,1
38708,1,1
38709,0,2
38710,0,2
38711,0,2
38712,0,2
38713,0,2
38714,1,1
38715,1,1
38716,1,1
38717,0,1
38718,0,1
38719,0,2
38720,1,1
38721,2,3
38722,0,2
38723,1,1
38724,0,1
38725,1,1
38726,0,2
38727,1,1
38728,0,1
38729,1,1
38730,1,1
38731,0,1
38732,0,1
38733,1,1
38734,0,1
38735,1,1
38736,1,1
38737,1,1
38738,3,2
38739,0,2
38740,1,1
38741,1,1
38742,1,1
38743,1,1
38744,1,1
38745,1,1
38746,0,2
38747,1,1
38748,1,1
38749,1,1
38750,1,1
38751,2,3
38752,1,1
38753,1,1
38754,1,1
38755,0,2
38756,0,2
38757,1,1
38758,0,2
38759,1,1
38760,2,3
38761,1,1
38762,1,1
38763,1,1
38764,0,2
38765,1,1
38766,1,1
38767,0,1
38768,0,2
38769,0,2
38770,1,1
38771,1,1
38772,1,1
38773,0,1
38774,0,1
38775,1,1
38776,1,1
38777,0,1
38778,0,1
38779,0,1
38780,0,2
38781,1,1
38782,0,1
38783,0,1
38784,0,1
38785,0,1
38786,0,2
38787,1,1
38788,0,2
38789,0,2
38790,1,1
38791,1,1
38792,0,1
38793,1,1
38794,1,1
38795,1,1
38796,0,1
38797,1,1
38798,0,2
38799,0,2
38800,0,2
38801,0,2
38802,1,1
38803,0,1
38804,1,1
38805,0,2
38806,1,1
38807,1,1
38808,1,1
38809,1,1
38810,0,2
38811,1,1
38812,1,1
38813,1,1
38814,1,1
38815,1,1
38816,1,1
38817,1,1
38818,1,1
38819,1,1
38820,1,1
38821,1,1
38822,1,1
38823,1,1
38824,1,1
38825,1,1
38826,0,2
38827,1,1
38828,0,1
38829,2,3
38830,0,2
38831,1,1
38832,0,2
38833,1,1
38834,1,1
38835,1,1
38836,1,1
38837,0,2
38838,1,1
38839,1,1
38840,0,1
38841,0,2
38842,0,1
38843,0,1
38844,1,1
38845,1,1
38846,1,1
38847,1,1
38848,1,1
38849,0,2
38850,0,2
38851,1,1
38852,1,1
38853,1,1
38854,1,1
38855,1,1
38856,1,1
38857,0,1
38858,1,1
38859,1,1
38860,0,2
38861,0,2
38862,1,1
38863,1,1
38864,3,1
38865,1,1
38866,1,1
38867,1,1
38868,0,2
38869,0,2
38870,0,2
38871,0,1
38872,0,1
38873,0,2
38874,1,1
38875,2,3
38876,1,1
38877,1,1
38878,0,2
38879,0,1
38880,0,1
38881,1,1
38882,1,1
38883,0,1
38884,0,2
38885,1,1
38886,1,1
38887,1,1
38888,0,1
38889,1,1
38890,0,1
38891,0,2
38892,0,2
38893,2,3
38894,1,1
38895,1,1
38896,1,1
38897,1,1
38898,1,1
38899,0,1
38900,0,2
38901,1,1
38902,1,1
38903,0,1
38904,0,2
38905,0,2
38906,1,1
38907,0,1
38908,1,1
38909,1,1
38910,1,1
38911,0,2
38912,0,2
38913,1,1
38914,1,1
38915,1,1
38916,0,1
38917,1,1
38918,0,1
38919,1,1
38920,1,1
38921,1,1
38922,1,1
38923,0,2
38924,0,2
38925,1,1
38926,1,1
38927,0,2
38928,2,3
38929,1,1
38930,1,1
38931,1,1
38932,1,1
38933,1,1
38934,1,1
38935,1,1
38936,1,1
38937,0,1
38938,0,1
38939,1,1
38940,1,1
38941,1,1
38942,0,1
38943,1,1
38944,1,1
38945,1,1
38946,1,1
38947,0,2
38948,2,3
38949,1,1
38950,0,1
38951,1,1
38952,0,1
38953,1,1
38954,0,2
38955,0,1
38956,0,2
38957,0,2
38958,1,1
38959,1,1
38960,0,2
38961,1,1
38962,1,1
38963,1,1
38964,1,1
38965,0,1
38966,2,3
38967,1,1
38968,0,2
38969,1,1
38970,0,1
38971,1,1
38972,1,1
38973,0,2
38974,0,1
38975,0,2
38976,1,1
38977,0,2
38978,1,1
38979,1,1
38980,0,1
38981,1,1
38982,0,2
38983,0,2
38984,1,1
38985,1,1
38986,0,1
38987,0,2
38988,1,1
38989,1,1
38990,1,1
38991,1,1
38992,1,1
38993,1,1
38994,2,3
38995,1,1
38996,0,2
38997,0,2
38998,1,1
38999,0,1
39000,1,1
39001,1,1
39002,1,1
39003,1,1
39004,1,1
39005,1,1
39006,1,1
39007,3,2
39008,0,2
39009,1,1
39010,1,1
39011,1,1
39012,1,1
39013,1,1
39014,0,2
39015,1,1
39016,0,1
39017,0,2
39018,0,2
39019,1,1
39020,1,1
39021,1,1
39022,1,1
39023,1,1
39024,0,1
39025,1,1
39026,0,2
39027,1,1
39028,0,2
39029,2,0
39030,0,1
39031,1,1
39032,1,1
39033,2,3
39034,1,1
39035,0,2
39036,1,1
39037,1,1
39038,1,1
39039,0,1
39040,2,3
39041,2,3
39042,0,2
39043,1,1
39044,0,2
39045,0,2
39046,1,1
39047,1,1
39048,1,1
39049,1,1
39050,1,1
39051,2,3
39052,1,1
39053,1,1
39054,0,2
39055,0,2
39056,1,1
39057,1,1
39058,1,1
39059,1,1
39060,1,1
39061,0,2
39062,0,1
39063,0,1
39064,1,1
39065,0,2
39066,1,1
39067,0,1
39068,1,1
39069,1,1
39070,1,1
39071,1,1
39072,0,2
39073,0,1
39074,0,1
39075,1,1
39076,1,1
39077,1,1
39078,1,1
39079,0,2
39080,1,1
39081,2,3
39082,0,2
39083,1,1
39084,1,1
39085,1,1
39086,0,2
39087,0,1
39088,1,1
39089,1,1
39090,3,2
39091,1,1
39092,0,1
39093,1,1
39094,1,1
39095,0,1
39096,1,1
39097,1,1
39098,2,3
39099,1,1
39100,0,2
39101,1,1
39102,1,1
39103,1,1
39104,0,1
39105,1,1
39106,1,1
39107,1,1
39108,1,1
39109,0,2
39110,1,1
39111,1,1
39112,0,2
39113,1,1
39114,1,1
39115,1,1
39116,2,0
39117,1,1
39118,1,1
39119,3,2
39120,1,1
39121,0,1
39122,1,1
39123,1,1
39124,1,1
39125,1,1
39126,1,1
39127,1,1
39128,1,1
39129,0,2
39130,2,0
39131,1,1
39132,0,1
39133,1,1
39134,1,1
39135,0,1
39136,1,1
39137,2,3
39138,1,1
39139,0,1
39140,1,1
39141,0,2
39142,0,2
39143,0,1
39144,2,3
39145,1,1
39146,0,2
39147,1,1
39148,1,1
39149,0,2
39150,1,1
39151,1,1
39152,1,1
39153,2,3
39154,1,1
39155,1,1
39156,1,1
39157,1,1
39158,1,1
39159,1,1
39160,1,1
39161,0,1
39162,0,2
39163,2,3
39164,1,1
39165,0,2
39166,0,2
39167,1,1
39168,1,1
39169,1,1
39170,0,1
39171,1,1
39172,1,1
39173,0,1
39174,1,1
39175,1,1
39176,1,1
39177,1,1
39178,0,2
39179,1,1
39180,0,2
39181,1,1
39182,0,2
39183,1,1
39184,1,1
39185,1,1
39186,0,2
39187,1,1
39188,1,1
39189,0,1
39190,0,2
39191,1,1
39192,1,1
39193,1,1
39194,1,1
39195,0,2
39196,1,1
39197,0,2
39198,1,1
39199,1,1
39200,1,1
39201,0,2
39202,1,1
39203,1,1
39204,1,1
39205,3,1
39206,2,3
39207,1,1
39208,1,1
39209,1,1
39210,1,1
39211,1,1
39212,1,1
39213,0,2
39214,1,1
39215,1,1
39216,1,1
39217,1,1
39218,1,1
39219,1,1
39220,1,1
39221,2,0
39222,2,3
39223,0,1
39224,1,1
39225,1,1
39226,0,2
39227,1,1
39228,0,1
39229,1,1
39230,1,1
39231,1,1
39232,1,1
39233,0,2
39234,1,1
39235,1,1
39236,1,1
39237,1,1
39238,1,1
39239,0,2
39240,1,1
39241,1,1
39242,1,1
39243,1,1
39244,1,1
39245,0,2
39246,0,2
39247,1,1
39248,0,2
39249,1,1
39250,1,1
39251,1,1
39252,1,1
39253,0,2
39254,0,2
39255,1,1
39256,1,1
39257,0,2
39258,1,1
39259,0,2
39260,1,1
39261,1,1
39262,1,1
39263,0,1
39264,0,2
39265,1,1
39266,1,1
39267,1,1
39268,0,1
39269,1,1
39270,0,1
39271,0,2
39272,0,2
39273,1,1
39274,1,1
39275,0,1
39276,0,2
39277,1,1
39278,2,3
39279,1,1
39280,2,0
39281,1,1
39282,0,2
39283,1,1
39284,0,1
39285,1,1
39286,1,1
39287,1,1
39288,1,1
39289,2,3
39290,1,1
39291,1,1
39292,1,1
39293,0,2
39294,1,1
39295,2,0
39296,0,2
39297,0,1
39298,1,1
39299,3,2
39300,1,1
39301,1,1
39302,0,2
39303,1,1
39304,1,1
39305,0,2
39306,0,2
39307,0,1
39308,1,1
39309,1,1
39310,1,1
39311,1,1
39312,1,1
39313,0,1
39314,1,1
39315,1,1
39316,2,3
39317,0,2
39318,0,2
39319,1,1
39320,0,2
39321,0,2
39322,0,2
39323,1,1
39324,1,1
39325,1,1
39326,0,2
39327,1,1
39328,0,1
39329,1,1
39330,1,1
39331,1,1
39332,0,2
39333,0,2
39334,1,1
39335,1,1
39336,1,1
39337,1,1
39338,1,1
39339,1,1
39340,1,1
39341,1,1
39342,1,1
39343,1,1
39344,2,3
39345,1,1
39346,0,2
39347,1,1
39348,1,1
39349,0,2
39350,2,3
39351,1,1
39352,1,1
39353,0,1
39354,0,2
39355,1,1
39356,1,1
39357,1,1
39358,1,1
39359,0,2
39360,1,1
39361,0,2
39362,2,3
39363,1,1
39364,0,2
39365,1,1
39366,1,1
39367,0,1
39368,1,1
39369,1,1
39370,1,1
39371,0,1
39372,1,1
39373,1,1
39374,1,1
39375,0,1
39376,1,1
39377,1,1
39378,1,1
39379,1,1
39380,1,1
39381,0,2
39382,1,1
39383,1,1
39384,1,1
39385,0,2
39386,1,1
39387,1,1
39388,1,1
39389,1,1
39390,1,1
39391,1,1
39392,1,1
39393,0,1
39394,1,1
39395,1,1
39396,1,1
39397,1,1
39398,0,1
39399,0,1
39400,1,1
39401,1,1
39402,0,1
39403,1,1
39404,1,1
39405,1,1
39406,1,1
39407,0,1
39408,1,1
39409,1,1
39410,0,2
39411,0,2
39412,0,2
39413,0,1
39414,1,1
39415,1,1
39416,0,2
39417,0,2
39418,0,2
39419,1,1
39420,1,1
39421,1,1
39422,1,1
39423,1,1
39424,0,2
39425,1,1
39426,0,1
39427,1,1
39428,0,2
39429,0,1
39430,0,1
39431,1,1
39432,1,1
39433,1,1
39434,1,1
39435,1,1
39436,1,1
39437,1,1
39438,1,1
39439,1,1
39440,0,1
39441,0,2
39442,1,1
39443,0,2
39444,1,1
39445,1,1
39446,1,1
39447,0,1
39448,1,1
39449,1,1
39450,1,1
39451,0,2
39452,0,2
39453,1,1
39454,1,1
39455,0,2
39456,1,1
39457,0,1
39458,1,1
39459,1,1
39460,1,1
39461,1,1
39462,2,3
39463,0,2
39464,0,2
39465,1,1
39466,0,2
39467,1,1
39468,1,1
39469,1,1
39470,3,2
39471,1,1
39472,2,0
39473,1,1
39474,1,1
39475,0,2
39476,1,1
39477,1,1
39478,0,1
39479,0,1
39480,1,1
39481,0,1
39482,0,2
39483,1,1
39484,1,1
39485,1,1
39486,0,1
39487,1,1
39488,0,2
39489,1,1
39490,1,1
39491,0,1
39492,0,2
39493,1,1
39494,1,1
39495,0,2
39496,1,1
39497,1,1
39498,2,3
39499,0,1
39500,1,1
39501,0,2
39502,1,1
39503,0,1
39504,0,2
39505,2,3
39506,1,1
39507,1,1
39508,1,1
39509,0,1
39510,1,1
39511,0,1
39512,1,1
39513,1,1
39514,1,1
39515,2,0
39516,2,0
39517,1,1
39518,0,2
39519,1,1
39520,1,1
39521,0,2
39522,1,1
39523,1,1
39524,1,1
39525,1,1
39526,0,2
39527,1,1
39528,0,2
39529,1,1
39530,0,2
39531,0,2
39532,1,1
39533,0,2
39534,1,1
39535,0,1
39536,1,1
39537,0,1
39538,0,1
39539,1,1
39540,0,2
39541,1,1
39542,0,2
39543,1,1
39544,0,1
39545,0,1
39546,1,1
39547,1,1
39548,1,1
39549,1,1
39550,1,1
39551,1,1
39552,1,1
39553,1,1
39554,1,1
39555,1,1
39556,1,1
39557,1,1
39558,2,3
39559,1,1
39560,0,2
39561,0,2
39562,1,1
39563,1,1
39564,1,1
39565,0,2
39566,1,1
39567,0,2
39568,0,2
39569,0,1
39570,1,1
39571,0,2
39572,1,1
39573,1,1
39574,1,1
39575,0,1
39576,1,1
39577,0,1
39578,0,2
39579,1,1
39580,1,1
39581,1,1
39582,1,1
39583,1,1
39584,0,1
39585,0,2
39586,0,2
39587,1,1
39588,0,1
39589,0,2
39590,1,1
39591,1,1
39592,1,1
39593,1,1
39594,1,1
39595,1,1
39596,0,2
39597,1,1
39598,1,1
39599,0,1
39600,1,1
39601,1,1
39602,1,1
39603,1,1
39604,0,2
39605,1,1
39606,1,1
39607,1,1
39608,1,1
39609,1,1
39610,1,1
39611,1,1
39612,0,1
39613,0,2
39614,1,1
39615,2,3
39616,1,1
39617,1,1
39618,1,1
39619,0,2
39620,1,1
39621,0,1
39622,0,2
39623,0,2
39624,1,1
39625,1,1
39626,1,1
39627,0,1
39628,1,1
39629,1,1
39630,1,1
39631,0,1
39632,2,3
39633,1,1
39634,1,1
39635,1,1
39636,1,1
39637,2,3
39638,1,1
39639,1,1
39640,0,2
39641,2,0
39642,2,0
39643,0,2
39644,1,1
39645,0,2
39646,0,2
39647,1,1
39648,1,1
39649,1,1
39650,0,2
39651,1,1
39652,1,1
39653,1,1
39654,1,1
39655,2,3
39656,1,1
39657,1,1
39658,1,1
39659,0,2
39660,1,1
39661,1,1
39662,1,1
39663,1,1
39664,1,1
39665,0,2
39666,1,1
39667,1,1
39668,1,1
39669,0,2
39670,1,1
39671,1,1
39672,1,1
39673,1,1
39674,1,1
39675,1,1
39676,1,1
39677,0,2
39678,1,1
39679,1,1
39680,1,1
39681,1,1
39682,1,1
39683,1,1
39684,1,1
39685,1,1
39686,1,1
39687,1,1
39688,1,1
39689,1,1
39690,0,2
39691,0,2
39692,1,1
39693,1,1
39694,1,1
39695,1,1
39696,0,2
39697,1,1
39698,2,0
39699,1,1
39700,1,1
39701,1,1
39702,0,1
39703,1,1
39704,1,1
39705,1,1
39706,0,2
39707,0,2
39708,0,1
39709,1,1
39710,1,1
39711,1,1
39712,1,1
39713,1,1
39714,1,1
39715,2,3
39716,0,2
39717,1,1
39718,1,1
39719,1,1
39720,1,1
39721,1,1
39722,1,1
39723,0,2
39724,1,1
39725,1,1
39726,1,1
39727,1,1
39728,1,1
39729,1,1
39730,1,1
39731,1,1
39732,1,1
39733,1,1
39734,0,2
39735,1,1
39736,1,1
39737,0,2
39738,0,1
39739,0,1
39740,3,1
39741,1,1
39742,0,2
39743,0,2
39744,1,1
39745,1,1
39746,0,1
39747,0,1
39748,0,2
39749,1,1
39750,2,3
39751,1,1
39752,1,1
39753,0,2
39754,0,1
39755,1,1
39756,1,1
39757,0,1
39758,1,1
39759,0,2
39760,1,1
39761,1,1
39762,1,1
39763,1,1
39764,1,1
39765,2,3
39766,1,1
39767,1,1
39768,0,1
39769,0,1
39770,0,2
39771,1,1
39772,1,1
39773,0,1
39774,1,1
39775,1,1
39776,1,1
39777,1,1
39778,1,1
39779,3,2
39780,1,1
39781,1,1
39782,1,1
39783,2,3
39784,0,2
39785,1,1
39786,1,1
39787,0,2
39788,1,1
39789,1,1
39790,1,1
39791,0,1
39792,1,1
39793,1,1
39794,1,1
39795,1,1
39796,2,3
39797,0,1
39798,0,2
39799,0,2
39800,1,1
39801,1,1
39802,1,1
39803,2,3
39804,1,1
39805,1,1
39806,1,1
39807,1,1
39808,1,1
39809,0,2
39810,1,1
39811,1,1
39812,2,3
39813,1,1
39814,1,1
39815,0,1
39816,0,2
39817,1,1
39818,0,2
39819,1,1
39820,3,1
39821,1,1
39822,1,1
39823,1,1
39824,0,1
39825,1,1
39826,1,1
39827,1,1
39828,1,1
39829,1,1
39830,1,1
39831,1,1
39832,0,1
39833,0,2
39834,1,1
39835,1,1
39836,1,1
39837,1,1
39838,1,1
39839,2,3
39840,1,1
39841,1,1
39842,1,1
39843,1,1
39844,1,1
39845,1,1
39846,0,2
39847,0,1
39848,1,1
39849,0,2
39850,1,1
39851,0,2
39852,0,1
39853,1,1
39854,1,1
39855,1,1
39856,0,2
39857,1,1
39858,1,1
39859,1,1
39860,1,1
39861,1,1
39862,1,1
39863,0,2
39864,1,1
39865,1,1
39866,0,1
39867,1,1
39868,0,2
39869,1,1
39870,1,1
39871,1,1
39872,0,2
39873,1,1
39874,1,1
39875,1,1
39876,0,2
39877,1,1
39878,2,0
39879,1,1
39880,0,2
39881,1,1
39882,0,2
39883,0,2
39884,1,1
39885,1,1
39886,0,2
39887,1,1
39888,2,3
39889,0,2
39890,1,1
39891,0,1
39892,0,1
39893,1,1
39894,1,1
39895,0,2
39896,1,1
39897,1,1
39898,0,2
39899,1,1
39900,1,1
39901,0,2
39902,0,2
39903,0,2
39904,1,1
39905,1,1
39906,0,2
39907,1,1
39908,1,1
39909,1,1
39910,0,1
39911,1,1
39912,1,1
39913,1,1
39914,1,1
39915,0,2
39916,0,1
39917,1,1
39918,1,1
39919,1,1
39920,1,1
39921,1,1
39922,1,1
39923,0,1
39924,1,1
39925,0,2
39926,1,1
39927,0,2
39928,1,1
39929,1,1
39930,0,2
39931,1,1
39932,0,2
39933,1,1
39934,1,1
39935,1,1
39936,0,2
39937,1,1
39938,0,2
39939,1,1
39940,1,1
39941,0,2
39942,0,1
39943,1,1
39944,1,1
39945,1,1
39946,0,2
39947,1,1
39948,1,1
39949,0,2
39950,0,1
39951,2,3
39952,0,2
39953,1,1
39954,1,1
39955,0,2
39956,0,1
39957,1,1
39958,1,1
39959,1,1
39960,2,0
39961,1,1
39962,1,1
39963,0,2
39964,1,1
39965,1,1
39966,0,2
39967,1,1
39968,1,1
39969,1,1
39970,1,1
39971,1,1
39972,0,1
39973,0,2
39974,1,1
39975,0,2
39976,1,1
39977,2,3
39978,1,1
39979,0,1
39980,1,1
39981,1,1
39982,0,2
39983,0,1
39984,1,1
39985,0,2
39986,1,1
39987,0,2
39988,1,1
39989,1,1
39990,1,1
39991,0,2
39992,1,1
39993,1,1
39994,1,1
39995,1,1
39996,1,1
39997,0,1
39998,0,2
39999,0,1
40000,1,1
40001,2,3
40002,1,1
40003,1,1
40004,1,1
40005,1,1
40006,1,1
40007,0,1
40008,1,1
40009,1,1
40010,2,3
40011,1,1
40012,0,2
40013,1,1
40014,2,3
40015,1,1
40016,0,1
40017,1,1
40018,1,1
40019,1,1
40020,1,1
40021,1,1
40022,1,1
40023,0,2
40024,0,2
40025,1,1
40026,0,2
40027,1,1
40028,0,2
40029,0,1
40030,2,3
40031,1,1
40032,1,1
40033,1,1
40034,1,1
40035,1,1
40036,1,1
40037,1,1
40038,1,1
40039,1,1
40040,1,1
40041,1,1
40042,2,3
40043,1,1
40044,1,1
40045,1,1
40046,1,1
40047,1,1
40048,1,1
40049,1,1
40050,1,1
40051,1,1
40052,0,1
40053,0,1
40054,0,1
40055,1,1
40056,0,1
40057,0,1
40058,1,1
40059,1,1
40060,1,1
40061,1,1
40062,1,1
40063,1,1
40064,0,2
40065,0,1
40066,1,1
40067,1,1
40068,1,1
40069,0,2
40070,1,1
40071,1,1
40072,1,1
40073,1,1
40074,2,3
40075,2,3
40076,1,1
40077,1,1
40078,2,0
40079,0,2
40080,1,1
40081,1,1
40082,1,1
40083,1,1
40084,1,1
40085,0,2
40086,1,1
40087,0,2
40088,1,1
40089,1,1
40090,1,1
40091,1,1
40092,0,2
40093,1,1
40094,1,1
40095,1,1
40096,0,2
40097,1,1
40098,1,1
40099,1,1
40100,0,1
40101,0,2
40102,0,2
40103,1,1
40104,1,1
40105,1,1
40106,0,2
40107,1,1
40108,1,1
40109,0,2
40110,1,1
40111,1,1
40112,2,3
40113,0,2
40114,1,1
40115,0,2
40116,1,1
40117,0,2
40118,1,1
40119,1,1
40120,1,1
40121,0,2
40122,1,1
40123,1,1
40124,1,1
40125,1,1
40126,1,1
40127,1,1
40128,1,1
40129,0,2
40130,1,1
40131,1,1
40132,1,1
40133,1,1
40134,1,1
40135,1,1
40136,1,1
40137,0,2
40138,1,1
40139,1,1
40140,0,2
40141,2,3
40142,1,1
40143,1,1
40144,0,1
40145,2,3
40146,1,1
40147,0,2
40148,0,2
40149,1,1
40150,0,2
40151,0,2
40152,1,1
40153,0,2
40154,1,1
40155,1,1
40156,0,2
40157,1,2
40158,1,1
40159,1,1
40160,0,1
40161,1,1
40162,1,1
40163,1,1
40164,0,1
40165,0,1
40166,0,2
40167,1,1
40168,0,2
40169,0,2
40170,0,2
40171,1,1
40172,1,1
40173,1,1
40174,0,1
40175,0,2
40176,0,1
40177,1,1
40178,0,1
40179,1,1
40180,0,2
40181,0,2
40182,0,1
40183,1,1
40184,1,1
40185,1,1
40186,0,2
40187,0,2
40188,1,1
40189,2,3
40190,1,1
40191,0,1
40192,0,2
40193,1,1
40194,1,1
40195,1,1
40196,1,1
40197,1,1
40198,0,2
40199,0,1
40200,1,1
40201,0,1
40202,0,1
40203,1,1
40204,1,1
40205,1,1
40206,0,1
40207,0,1
40208,1,1
40209,1,1
40210,1,1
40211,1,1
40212,0,1
40213,1,1
40214,1,1
40215,0,2
40216,1,1
40217,0,2
40218,1,1
40219,0,2
40220,1,1
40221,1,1
40222,1,1
40223,1,1
40224,1,1
40225,0,1
40226,1,1
40227,1,1
40228,1,1
40229,0,2
40230,1,1
40231,1,1
40232,1,1
40233,0,1
40234,2,3
40235,2,3
40236,1,1
40237,1,1
40238,1,1
40239,0,2
40240,0,1
40241,1,1
40242,0,2
40243,0,2
40244,0,1
40245,1,1
40246,1,1
40247,1,1
40248,0,2
40249,1,1
40250,1,1
40251,1,1
40252,0,2
40253,1,1
40254,1,1
40255,0,2
40256,2,3
40257,1,1
40258,1,1
40259,0,1
40260,0,2
40261,1,1
40262,1,1
40263,0,2
40264,1,1
40265,0,1
40266,1,1
40267,0,2
40268,0,2
40269,1,1
40270,0,1
40271,0,2
40272,1,1
40273,0,2
40274,2,3
40275,1,1
40276,0,2
40277,0,2
40278,1,1
40279,1,1
40280,1,1
40281,0,2
40282,1,1
40283,0,1
40284,1,1
40285,0,2
40286,0,1
40287,0,1
40288,1,1
40289,1,1
40290,0,2
40291,0,2
40292,0,2
40293,1,1
40294,1,1
40295,1,1
40296,0,1
40297,0,2
40298,1,1
40299,1,1
40300,1,1
40301,0,1
40302,0,2
40303,1,1
40304,0,2
40305,1,1
40306,1,1
40307,1,1
40308,0,2
40309,1,1
40310,1,1
40311,0,2
40312,1,1
40313,1,1
40314,0,2
40315,0,2
40316,0,1
40317,1,1
40318,1,1
40319,1,1
40320,0,2
40321,1,1
40322,1,1
40323,1,1
40324,1,1
40325,1,1
40326,0,1
40327,0,1
40328,0,2
40329,1,1
40330,2,3
40331,1,1
40332,0,1
40333,0,2
40334,1,1
40335,1,1
40336,1,1
40337,1,1
40338,0,2
40339,0,2
40340,0,2
40341,1,1
40342,0,2
40343,1,1
40344,1,1
40345,0,1
40346,1,1
40347,0,2
40348,1,1
40349,0,2
40350,1,1
40351,1,1
40352,1,1
40353,1,1
40354,1,1
40355,0,2
40356,1,1
40357,1,1
40358,1,1
40359,0,1
40360,1,1
40361,0,1
40362,1,1
40363,1,1
40364,0,2
40365,1,1
40366,2,0
40367,1,1
40368,1,1
40369,1,1
40370,2,3
40371,0,2
40372,1,1
40373,1,1
40374,0,1
40375,1,1
40376,1,1
40377,0,2
40378,1,1
40379,1,1
40380,1,1
40381,0,2
40382,2,3
40383,1,1
40384,1,1
40385,0,1
40386,1,1
40387,0,1
40388,1,1
40389,1,1
40390,0,1
40391,1,1
40392,1,1
40393,1,1
40394,1,1
40395,0,2
40396,0,2
40397,1,1
40398,0,2
40399,1,1
40400,1,1
40401,1,1
40402,0,2
40403,0,2
40404,1,1
40405,1,1
40406,1,1
40407,1,1
40408,1,1
40409,0,2
40410,0,2
40411,1,1
40412,0,2
40413,1,1
40414,1,1
40415,0,1
40416,0,1
40417,1,1
40418,1,1
40419,0,2
40420,0,1
40421,1,1
40422,0,2
40423,1,1
40424,1,1
40425,1,1
40426,1,1
40427,0,2
40428,1,1
40429,1,1
40430,1,1
40431,0,2
40432,1,1
40433,1,1
40434,0,1
40435,1,1
40436,1,1
40437,0,2
40438,1,1
40439,1,1
40440,0,1
40441,1,1
40442,1,1
40443,1,1
40444,1,1
40445,0,2
40446,1,1
40447,1,1
40448,1,1
40449,0,2
40450,0,2
40451,1,1
40452,0,1
40453,1,1
40454,1,1
40455,0,1
40456,1,1
40457,1,1
40458,0,2
40459,1,1
40460,0,2
40461,0,2
40462,0,1
40463,1,1
40464,1,1
40465,0,1
40466,1,1
40467,1,1
40468,1,1
40469,0,2
40470,0,1
40471,2,0
40472,1,1
40473,1,1
40474,3,2
40475,0,1
40476,1,1
40477,0,2
40478,1,1
40479,1,1
40480,0,2
40481,0,2
40482,0,1
40483,0,2
40484,1,1
40485,1,1
40486,1,1
40487,1,1
40488,1,1
40489,0,2
40490,1,1
40491,0,2
40492,1,1
40493,0,2
40494,2,3
40495,0,2
40496,1,1
40497,1,1
40498,0,1
40499,1,1
40500,1,1
40501,1,1
40502,0,1
40503,1,1
40504,1,1
40505,1,1
40506,1,1
40507,1,1
40508,0,1
40509,1,1
40510,0,2
40511,0,1
40512,1,1
40513,1,1
40514,2,3
40515,1,1
40516,0,1
40517,0,2
40518,1,1
40519,2,3
40520,0,2
40521,0,2
40522,1,1
40523,0,2
40524,0,2
40525,1,1
40526,0,1
40527,1,1
40528,0,1
40529,0,1
40530,1,1
40531,1,1
40532,1,1
40533,1,1
40534,1,1
40535,0,2
40536,0,2
40537,0,1
40538,1,1
40539,0,2
40540,1,1
40541,1,1
40542,1,1
40543,0,2
40544,0,2
40545,1,1
40546,1,1
40547,0,1
40548,1,1
40549,1,1
40550,0,1
40551,1,1
40552,0,1
40553,0,2
40554,1,1
40555,0,2
40556,0,1
40557,1,1
40558,0,1
40559,1,1
40560,0,2
40561,0,1
40562,0,2
40563,1,1
40564,2,3
40565,1,1
40566,1,1
40567,0,2
40568,1,1
40569,1,1
40570,1,1
40571,1,1
40572,0,1
40573,0,2
40574,1,1
40575,2,0
40576,1,1
40577,1,1
40578,0,2
40579,1,1
40580,1,1
40581,0,1
40582,0,1
40583,1,1
40584,1,1
40585,1,1
40586,2,3
40587,0,2
40588,1,1
40589,2,3
40590,1,1
40591,1,1
40592,2,3
40593,1,1
40594,0,2
40595,0,2
40596,0,2
40597,1,1
40598,1,1
40599,0,2
40600,0,2
40601,0,1
40602,1,1
40603,1,1
40604,1,1
40605,1,1
40606,1,1
40607,1,1
40608,1,1
40609,0,2
40610,1,1
40611,0,2
40612,0,2
40613,0,2
40614,0,2
40615,1,1
40616,1,1
40617,1,1
40618,1,1
40619,1,1
40620,0,2
40621,0,2
40622,1,1
40623,0,2
40624,0,1
40625,1,1
40626,0,2
40627,0,1
40628,0,2
40629,1,1
40630,0,2
40631,0,1
40632,1,1
40633,1,1
40634,0,2
40635,1,1
40636,1,1
40637,2,3
40638,1,1
40639,0,1
40640,0,1
40641,1,1
40642,1,1
40643,2,3
40644,0,2
40645,1,1
40646,1,1
40647,1,1
40648,1,1
40649,1,1
40650,1,1
40651,0,2
40652,1,1
40653,1,1
40654,1,1
40655,1,1
40656,0,2
40657,0,2
40658,0,1
40659,1,1
40660,1,1
40661,0,1
40662,0,1
40663,1,1
40664,1,1
40665,0,1
40666,1,1
40667,1,1
40668,1,1
40669,1,1
40670,0,2
40671,1,1
40672,0,2
40673,0,2
40674,0,1
40675,0,2
40676,1,1
40677,1,1
40678,1,1
40679,0,2
40680,0,1
40681,2,0
40682,1,1
40683,1,1
40684,1,1
40685,0,2
40686,2,0
40687,1,1
40688,0,2
40689,0,2
40690,0,1
40691,1,1
40692,1,1
40693,0,1
40694,0,2
40695,1,1
40696,0,1
40697,1,1
40698,1,1
40699,2,3
40700,1,1
40701,1,1
40702,0,2
40703,1,1
40704,1,1
40705,1,1
40706,2,3
40707,1,1
40708,1,1
40709,0,1
40710,1,1
40711,0,2
40712,0,2
40713,1,1
40714,0,2
40715,0,2
40716,1,1
40717,1,1
40718,1,1
40719,1,1
40720,1,1
40721,1,1
40722,1,1
40723,1,1
40724,1,1
40725,1,1
40726,2,3
40727,0,2
40728,1,1
40729,1,1
40730,0,1
40731,1,1
40732,0,2
40733,1,1
40734,1,1
40735,1,1
40736,0,2
40737,0,2
40738,1,1
40739,1,1
40740,0,1
40741,1,1
40742,1,1
40743,1,1
40744,1,1
40745,0,1
40746,1,1
40747,1,1
40748,1,1
40749,0,1
40750,1,1
40751,1,1
40752,1,1
40753,1,1
40754,1,1
40755,1,1
40756,0,2
40757,0,2
40758,1,1
40759,0,1
40760,0,2
40761,1,1
40762,1,1
40763,1,1
40764,1,1
40765,1,1
40766,1,1
40767,1,1
40768,0,2
40769,1,1
40770,1,1
40771,1,1
40772,1,1
40773,1,1
40774,1,1
40775,0,2
40776,0,2
40777,1,1
40778,0,1
40779,0,2
40780,1,1
40781,1,1
40782,0,2
40783,1,1
40784,1,1
40785,1,1
40786,0,2
40787,1,1
40788,0,2
40789,1,1
40790,1,1
40791,1,1
40792,1,1
40793,1,1
40794,1,1
40795,1,1
40796,1,1
40797,1,1
40798,1,1
40799,1,1
40800,0,1
40801,1,1
40802,1,1
40803,1,1
40804,1,1
40805,1,1
40806,1,1
40807,0,1
40808,1,1
40809,1,1
40810,1,1
40811,0,1
40812,1,1
40813,1,1
40814,1,1
40815,1,1
40816,0,2
40817,0,2
40818,1,1
40819,1,1
40820,1,1
40821,1,1
40822,1,1
40823,1,1
40824,1,1
40825,1,1
40826,1,1
40827,0,2
40828,0,1
40829,1,1
40830,1,1
40831,1,1
40832,0,2
40833,1,1
40834,0,1
40835,1,1
40836,1,1
40837,1,1
40838,0,1
40839,1,1
40840,1,1
40841,0,2
40842,1,1
40843,1,1
40844,1,1
40845,0,2
40846,1,1
40847,1,1
40848,1,1
40849,0,2
40850,0,2
40851,1,1
40852,0,2
40853,0,1
40854,1,1
40855,1,1
40856,1,1
40857,1,1
40858,1,1
40859,1,1
40860,0,1
40861,0,2
40862,2,0
40863,1,1
40864,0,2
40865,1,1
40866,0,1
40867,1,1
40868,0,2
40869,1,1
40870,1,1
40871,1,1
40872,1,1
40873,0,2
40874,1,1
40875,0,2
40876,0,1
40877,0,2
40878,0,1
40879,0,1
40880,0,1
40881,1,1
40882,1,1
40883,1,1
40884,0,2
40885,0,1
40886,1,1
40887,0,2
40888,1,1
40889,1,1
40890,0,2
40891,1,1
40892,1,1
40893,0,1
40894,1,1
40895,0,2
40896,0,2
40897,0,2
40898,1,1
40899,1,1
40900,1,1
40901,1,1
40902,0,2
40903,1,1
40904,1,1
40905,1,1
40906,1,1
40907,2,0
40908,1,1
40909,1,1
40910,1,1
40911,1,1
40912,0,1
40913,0,2
40914,1,1
40915,1,1
40916,0,1
40917,1,1
40918,1,1
40919,1,1
40920,1,1
40921,1,1
40922,1,1
40923,0,2
40924,0,1
40925,1,1
40926,1,1
40927,0,1
40928,1,1
40929,0,2
40930,1,1
40931,1,1
40932,0,2
40933,1,1
40934,1,1
40935,1,1
40936,1,1
40937,0,2
40938,1,1
40939,1,1
40940,1,1
40941,1,1
40942,1,1
40943,0,2
40944,0,2
40945,0,2
40946,1,1
40947,1,1
40948,1,1
40949,0,1
40950,1,1
40951,0,2
40952,1,1
40953,1,1
40954,1,1
40955,1,1
40956,0,1
40957,0,1
40958,0,2
40959,0,1
40960,0,2
40961,1,1
40962,1,1
40963,1,1
40964,0,2
40965,1,1
40966,0,2
40967,0,2
40968,1,1
40969,0,2
40970,1,1
40971,1,1
40972,1,1
40973,1,1
40974,1,1
40975,1,1
40976,0,2
40977,0,1
40978,1,1
40979,1,1
40980,1,1
40981,1,1
40982,2,3
40983,1,1
40984,1,1
40985,1,1
40986,1,1
40987,0,2
40988,1,1
40989,0,1
40990,1,1
40991,1,1
40992,1,1
40993,0,2
40994,1,1
40995,1,1
40996,1,1
40997,1,1
40998,1,1
40999,1,1
41000,1,1
41001,1,1
41002,0,1
41003,1,1
41004,0,1
41005,1,1
41006,0,2
41007,1,1
41008,1,1
41009,0,2
41010,0,1
41011,1,1
41012,1,1
41013,0,2
41014,1,1
41015,1,1
41016,1,1
41017,1,1
41018,1,1
41019,1,1
41020,0,2
41021,1,1
41022,1,1
41023,1,1
41024,1,1
41025,2,3
41026,1,1
41027,1,1
41028,1,1
41029,0,2
41030,1,1
41031,0,2
41032,1,1
41033,0,1
41034,1,1
41035,1,1
41036,0,1
41037,1,1
41038,1,1
41039,1,1
41040,0,2
41041,1,1
41042,0,1
41043,1,1
41044,1,1
41045,0,1
41046,1,1
41047,0,1
41048,1,1
41049,0,1
41050,1,1
41051,1,1
41052,1,1
41053,1,1
41054,2,3
41055,1,1
41056,1,1
41057,0,1
41058,0,1
41059,0,2
41060,1,1
41061,1,1
41062,0,2
41063,1,1
41064,1,1
41065,1,1
41066,1,1
41067,1,1
41068,0,2
41069,0,2
41070,2,0
41071,1,1
41072,1,1
41073,0,2
41074,0,1
41075,0,1
41076,1,1
41077,1,1
41078,1,1
41079,1,1
41080,1,1
41081,0,2
41082,3,2
41083,0,1
41084,0,2
41085,1,1
41086,0,1
41087,1,1
41088,1,1
41089,1,1
41090,0,2
41091,0,2
41092,0,1
41093,1,1
41094,0,2
41095,1,1
41096,1,1
41097,0,2
41098,0,2
41099,1,1
41100,0,1
41101,0,2
41102,2,3
41103,1,1
41104,1,1
41105,0,2
41106,0,2
41107,1,1
41108,0,2
41109,0,2
41110,1,1
41111,1,1
41112,1,1
41113,1,1
41114,0,2
41115,1,1
41116,0,2
41117,0,2
41118,1,1
41119,1,1
41120,0,2
41121,1,1
41122,0,2
41123,0,1
41124,1,1
41125,1,1
41126,0,1
41127,0,2
41128,0,1
41129,0,2
41130,1,1
41131,1,1
41132,1,1
41133,0,1
41134,1,1
41135,0,2
41136,1,1
41137,1,1
41138,1,1
41139,1,1
41140,0,2
41141,1,1
41142,1,1
41143,2,0
41144,0,2
41145,1,1
41146,0,2
41147,1,1
41148,1,1
41149,1,1
41150,1,1
41151,0,2
41152,0,1
41153,0,2
41154,1,1
41155,1,1
41156,1,1
41157,2,0
41158,1,1
41159,1,1
41160,1,1
41161,1,1
41162,0,2
41163,1,1
41164,1,1
41165,0,2
41166,0,2
41167,1,1
41168,0,2
41169,1,1
41170,1,1
41171,1,1
41172,1,1
41173,1,1
41174,1,1
41175,1,1
41176,2,3
41177,0,1
41178,1,1
41179,1,1
41180,0,2
41181,1,1
41182,1,1
41183,1,1
41184,1,1
41185,0,1
41186,0,1
41187,1,1
41188,1,1
41189,1,1
41190,0,1
41191,0,2
41192,0,2
41193,0,2
41194,0,1
41195,1,1
41196,1,1
41197,1,1
41198,0,2
41199,0,2
41200,1,1
41201,1,1
41202,1,1
41203,1,1
41204,1,1
41205,1,1
41206,0,2
41207,0,1
41208,1,1
41209,1,1
41210,0,2
41211,1,1
41212,1,1
41213,0,2
41214,1,1
41215,0,2
41216,0,1
41217,0,1
41218,0,1
41219,0,2
41220,1,1
41221,1,1
41222,1,1
41223,1,1
41224,1,1
41225,0,2
41226,0,2
41227,1,1
41228,1,1
41229,1,1
41230,0,2
41231,1,1
41232,1,1
41233,0,1
41234,1,1
41235,0,1
41236,0,2
41237,1,1
41238,1,1
41239,1,1
41240,2,0
41241,1,1
41242,1,1
41243,0,2
41244,1,1
41245,1,1
41246,1,1
41247,0,2
41248,1,1
41249,1,1
41250,1,1
41251,0,2
41252,1,1
41253,1,1
41254,0,2
41255,1,1
41256,2,3
41257,1,1
41258,1,1
41259,0,1
41260,0,1
41261,1,1
41262,0,1
41263,1,1
41264,0,2
41265,0,2
41266,2,3
41267,1,1
41268,0,2
41269,1,1
41270,0,2
41271,1,1
41272,1,1
41273,0,2
41274,1,1
41275,0,1
41276,1,1
41277,0,2
41278,2,3
41279,1,1
41280,1,1
41281,0,2
41282,0,2
41283,1,1
41284,1,1
41285,1,1
41286,0,1
41287,1,1
41288,2,3
41289,0,1
41290,1,1
41291,1,1
41292,1,1
41293,1,1
41294,1,1
41295,0,2
41296,1,1
41297,0,1
41298,2,3
41299,1,1
41300,1,1
41301,1,1
41302,0,1
41303,1,1
41304,1,1
41305,0,2
41306,1,1
41307,0,2
41308,1,1
41309,0,2
41310,1,1
41311,1,1
41312,0,2
41313,1,1
41314,1,1
41315,2,3
41316,1,1
41317,1,1
41318,1,1
41319,2,3
41320,2,3
41321,1,1
41322,1,1
41323,0,1
41324,1,1
41325,1,1
41326,0,1
41327,1,1
41328,1,1
41329,1,1
41330,0,1
41331,1,1
41332,1,1
41333,0,2
41334,1,1
41335,0,2
41336,1,1
41337,1,1
41338,0,1
41339,1,1
41340,0,2
41341,1,1
41342,0,1
41343,1,1
41344,0,2
41345,1,1
41346,1,1
41347,0,2
41348,0,2
41349,0,2
41350,0,1
41351,1,1
41352,0,1
41353,1,1
41354,1,1
41355,1,1
41356,1,1
41357,1,1
41358,2,0
41359,0,1
41360,1,1
41361,1,1
41362,0,2
41363,1,1
41364,0,2
41365,0,2
41366,1,1
41367,1,1
41368,0,1
41369,0,2
41370,2,3
41371,1,1
41372,0,1
41373,1,1
41374,1,1
41375,1,1
41376,2,3
41377,1,1
41378,1,1
41379,0,1
41380,1,1
41381,1,1
41382,2,3
41383,1,1
41384,0,2
41385,0,1
41386,0,1
41387,0,1
41388,1,1
41389,0,2
41390,0,2
41391,0,2
41392,0,1
41393,1,1
41394,1,1
41395,1,1
41396,0,2
41397,0,2
41398,1,1
41399,1,1
41400,0,2
41401,1,1
41402,0,2
41403,2,3
41404,1,1
41405,1,1
41406,0,1
41407,0,2
41408,1,1
41409,1,1
41410,0,2
41411,0,1
41412,1,1
41413,0,2
41414,1,1
41415,0,2
41416,0,2
41417,0,1
41418,1,1
41419,1,1
41420,1,1
41421,1,1
41422,0,1
41423,3,1
41424,1,1
41425,1,1
41426,1,1
41427,1,1
41428,1,1
41429,1,1
41430,1,1
41431,1,1
41432,1,1
41433,1,1
41434,1,1
41435,0,1
41436,0,2
41437,0,1
41438,1,1
41439,2,3
41440,1,1
41441,0,2
41442,1,1
41443,1,1
41444,1,1
41445,1,1
41446,1,1
41447,1,1
41448,0,1
41449,0,2
41450,1,1
41451,0,2
41452,1,1
41453,0,2
41454,1,1
41455,2,3
41456,1,1
41457,1,1
41458,1,1
41459,1,1
41460,1,1
41461,1,1
41462,1,1
41463,1,1
41464,1,1
41465,1,1
41466,1,1
41467,1,1
41468,2,3
41469,1,1
41470,1,1
41471,1,1
41472,0,2
41473,1,1
41474,1,1
41475,1,1
41476,0,2
41477,1,1
41478,1,1
41479,1,1
41480,1,1
41481,1,1
41482,0,2
41483,1,1
41484,2,3
41485,0,2
41486,1,1
41487,1,1
41488,1,1
41489,1,1
41490,1,1
41491,1,1
41492,1,1
41493,1,1
41494,1,1
41495,1,1
41496,1,1
41497,0,1
41498,0,1
41499,0,2
41500,1,1
41501,1,1
41502,1,1
41503,0,2
41504,0,1
41505,0,2
41506,1,1
41507,1,1
41508,0,1
41509,1,1
41510,1,1
41511,1,1
41512,0,2
41513,1,1
41514,0,1
41515,1,1
41516,0,2
41517,0,2
41518,0,2
41519,1,1
41520,1,1
41521,1,1
41522,1,1
41523,0,1
41524,0,2
41525,2,3
41526,1,1
41527,1,1
41528,1,1
41529,0,1
41530,2,3
41531,1,1
41532,1,1
41533,1,1
41534,2,3
41535,1,1
41536,0,2
41537,1,1
41538,1,1
41539,1,1
41540,0,2
41541,0,2
41542,1,1
41543,1,1
41544,0,1
41545,1,1
41546,1,1
41547,0,2
41548,0,2
41549,1,1
41550,2,3
41551,1,1
41552,1,1
41553,0,1
41554,0,2
41555,0,1
41556,1,1
41557,1,1
41558,1,1
41559,1,1
41560,0,2
41561,1,1
41562,1,1
41563,1,1
41564,1,1
41565,0,1
41566,0,2
41567,1,1
41568,0,1
41569,0,1
41570,1,1
41571,1,1
41572,0,2
41573,1,1
41574,1,1
41575,1,1
41576,1,1
41577,0,2
41578,0,1
41579,0,2
41580,1,1
41581,1,1
41582,1,1
41583,0,1
41584,0,1
41585,1,1
41586,0,2
41587,1,1
41588,1,1
41589,0,2
41590,1,1
41591,0,2
41592,0,1
41593,0,2
41594,0,2
41595,0,1
41596,0,2
41597,1,1
41598,1,1
41599,1,1
41600,1,1
41601,1,1
41602,1,1
41603,1,1
41604,1,1
41605,2,3
41606,1,1
41607,0,1
41608,0,1
41609,1,1
41610,1,1
41611,0,1
41612,1,1
41613,0,2
41614,0,1
41615,1,1
41616,1,1
41617,0,2
41618,1,1
41619,1,1
41620,2,3
41621,1,1
41622,1,1
41623,1,1
41624,1,1
41625,1,1
41626,0,1
41627,2,3
41628,1,1
41629,0,2
41630,1,1
41631,1,1
41632,1,1
41633,1,1
41634,1,1
41635,1,1
41636,1,1
41637,0,2
41638,1,1
41639,0,2
41640,1,1
41641,1,1
41642,1,1
41643,1,1
41644,0,2
41645,0,1
41646,0,1
41647,1,1
41648,1,1
41649,1,1
41650,0,1
41651,1,1
41652,1,1
41653,0,2
41654,0,2
41655,1,1
41656,1,1
41657,1,1
41658,1,1
41659,0,2
41660,1,1
41661,1,1
41662,1,1
41663,2,0
41664,1,1
41665,0,1
41666,1,1
41667,1,1
41668,1,1
41669,0,1
41670,1,1
41671,0,2
41672,1,1
41673,1,1
41674,0,2
41675,1,1
41676,2,3
41677,1,1
41678,0,2
41679,0,2
41680,0,1
41681,2,3
41682,1,1
41683,2,3
41684,2,3
41685,1,1
41686,1,1
41687,1,1
41688,1,1
41689,1,1
41690,0,2
41691,0,1
41692,1,1
41693,0,1
41694,0,2
41695,1,1
41696,0,2
41697,1,1
41698,2,3
41699,1,1
41700,0,2
41701,1,1
41702,1,1
41703,0,1
41704,0,2
41705,0,1
41706,1,1
41707,0,2
41708,1,1
41709,0,1
41710,1,1
41711,1,1
41712,1,1
41713,1,1
41714,1,1
41715,1,1
41716,0,1
41717,0,2
41718,1,1
41719,0,1
41720,1,1
41721,0,2
41722,0,2
41723,1,1
41724,1,1
41725,1,1
41726,1,1
41727,0,2
41728,0,1
41729,0,2
41730,0,2
41731,2,3
41732,1,1
41733,0,2
41734,1,1
41735,1,1
41736,1,1
41737,1,1
41738,1,1
41739,1,1
41740,1,1
41741,1,1
41742,0,1
41743,1,1
41744,1,1
41745,1,1
41746,0,2
41747,0,2
41748,1,1
41749,1,1
41750,0,2
41751,0,2
41752,1,1
41753,1,1
41754,1,1
41755,0,1
41756,1,1
41757,1,1
41758,1,1
41759,0,1
41760,0,2
41761,0,2
41762,0,1
41763,1,1
41764,0,2
41765,0,1
41766,1,1
41767,0,1
41768,1,1
41769,1,1
41770,1,1
41771,1,1
41772,0,1
41773,0,2
41774,1,1
41775,1,1
41776,1,1
41777,1,1
41778,0,2
41779,1,1
41780,2,0
41781,1,1
41782,1,1
41783,0,2
41784,1,1
41785,0,1
41786,1,1
41787,0,2
41788,1,1
41789,1,1
41790,2,3
41791,1,1
41792,0,2
41793,1,1
41794,1,1
41795,1,1
41796,1,1
41797,0,2
41798,1,1
41799,2,3
41800,1,1
41801,0,2
41802,1,1
41803,1,1
41804,1,1
41805,0,1
41806,1,1
41807,1,1
41808,1,1
41809,1,1
41810,1,1
41811,1,1
41812,0,1
41813,1,1
41814,1,1
41815,1,1
41816,0,2
41817,1,1
41818,1,1
41819,1,1
41820,1,1
41821,1,1
41822,0,1
41823,1,1
41824,0,1
41825,0,1
41826,1,1
41827,1,1
41828,0,1
41829,0,2
41830,1,1
41831,1,1
41832,0,2
41833,1,1
41834,1,1
41835,1,1
41836,0,2
41837,1,1
41838,1,1
41839,0,2
41840,0,2
41841,1,1
41842,0,2
41843,2,3
41844,2,3
41845,1,1
41846,0,2
41847,2,0
41848,0,2
41849,1,1
41850,1,1
41851,1,1
41852,1,1
41853,0,2
41854,1,1
41855,1,1
41856,0,2
41857,2,3
41858,1,1
41859,1,1
41860,0,2
41861,0,2
41862,1,1
41863,1,1
41864,1,1
41865,1,1
41866,1,1
41867,1,1
41868,1,1
41869,1,1
41870,1,1
41871,1,1
41872,1,1
41873,0,1
41874,1,1
41875,0,2
41876,1,1
41877,1,1
41878,0,1
41879,1,1
41880,1,1
41881,1,1
41882,0,1
41883,1,1
41884,1,1
41885,0,1
41886,0,2
41887,1,1
41888,1,1
41889,2,3
41890,1,1
41891,1,1
41892,0,2
41893,1,1
41894,1,1
41895,0,1
41896,1,1
41897,0,1
41898,1,1
41899,0,2
41900,1,1
41901,1,1
41902,1,1
41903,1,1
41904,1,1
41905,0,2
41906,0,2
41907,1,1
41908,0,1
41909,2,3
41910,1,1
41911,1,1
41912,1,1
41913,1,1
41914,0,2
41915,1,1
41916,1,1
41917,0,1
41918,1,1
41919,1,1
41920,0,2
41921,1,1
41922,3,2
41923,1,1
41924,0,2
41925,1,1
41926,1,1
41927,1,1
41928,1,1
41929,1,1
41930,0,2
41931,0,2
41932,1,1
41933,2,0
41934,1,1
41935,1,1
41936,1,1
41937,0,2
41938,0,2
41939,0,2
41940,1,1
41941,1,1
41942,0,2
41943,0,2
41944,1,1
41945,1,1
41946,2,3
41947,1,1
41948,0,2
41949,0,2
41950,1,1
41951,0,2
41952,0,1
41953,0,1
41954,1,1
41955,1,1
41956,1,1
41957,0,1
41958,1,1
41959,1,1
41960,2,0
41961,1,1
41962,1,1
41963,0,2
41964,1,1
41965,0,2
41966,0,2
41967,1,1
41968,0,1
41969,1,1
41970,1,1
41971,1,1
41972,0,2
41973,1,1
41974,1,1
41975,1,1
41976,0,2
41977,1,1
41978,0,2
41979,2,3
41980,1,1
41981,1,1
41982,0,2
41983,1,1
41984,2,3
41985,1,1
41986,1,1
41987,0,2
41988,2,3
41989,0,2
41990,0,1
41991,1,1
41992,2,3
41993,0,2
41994,1,1
41995,1,1
41996,0,1
41997,1,1
41998,0,1
41999,0,1
42000,0,1
42001,1,1
42002,0,1
42003,1,1
42004,1,1
42005,0,2
42006,1,1
42007,1,1
42008,1,1
42009,1,1
42010,1,1
42011,0,2
42012,2,3
42013,1,1
42014,0,1
42015,1,1
42016,1,1
42017,0,1
42018,0,1
42019,1,1
42020,1,1
42021,1,1
42022,0,2
42023,2,0
42024,1,1
42025,1,1
42026,1,1
42027,0,1
42028,1,1
42029,0,2
42030,2,3
42031,0,2
42032,0,2
42033,1,1
42034,0,1
42035,1,1
42036,0,2
42037,2,3
42038,1,1
42039,1,1
42040,1,1
42041,1,1
42042,1,1
42043,0,2
42044,0,2
42045,3,2
42046,0,1
42047,1,1
42048,0,2
42049,1,1
42050,1,1
42051,1,1
42052,1,1
42053,2,0
42054,1,1
42055,0,2
42056,1,1
42057,1,1
42058,1,1
42059,1,1
42060,1,1
42061,1,1
42062,1,1
42063,0,1
42064,1,1
42065,0,2
42066,1,1
42067,1,1
42068,1,1
42069,1,1
42070,1,1
42071,1,1
42072,3,1
42073,1,1
42074,0,2
42075,0,1
42076,1,1
42077,1,1
42078,1,1
42079,1,1
42080,0,1
42081,1,1
42082,0,1
42083,1,1
42084,1,1
42085,0,2
42086,0,2
42087,0,2
42088,1,1
42089,0,1
42090,0,2
42091,1,1
42092,1,1
42093,1,1
42094,1,1
42095,1,1
42096,1,1
42097,1,1
42098,1,1
42099,1,1
42100,2,3
42101,1,1
42102,1,1
42103,0,2
42104,2,3
42105,1,1
42106,2,3
42107,1,1
42108,1,1
42109,0,1
42110,1,1
42111,1,1
42112,1,1
42113,1,1
42114,0,1
42115,1,1
42116,1,1
42117,1,1
42118,0,1
42119,1,1
42120,0,1
42121,2,3
42122,0,2
42123,0,1
42124,0,1
42125,0,2
42126,0,2
42127,0,2
42128,0,2
42129,0,1
42130,1,1
42131,0,1
42132,0,2
42133,1,1
42134,0,1
42135,0,1
42136,1,1
42137,0,2
42138,1,1
42139,1,1
42140,1,1
42141,0,2
42142,1,1
42143,0,2
42144,0,2
42145,1,1
42146,1,1
42147,1,1
42148,0,2
42149,2,0
42150,1,1
42151,1,1
42152,1,1
42153,1,1
42154,0,1
42155,1,1
42156,1,1
42157,1,1
42158,1,1
42159,1,1
42160,0,2
42161,1,1
42162,1,1
42163,1,1
42164,0,2
42165,1,1
42166,0,2
42167,1,1
42168,1,1
42169,1,1
42170,1,1
42171,1,1
42172,0,1
42173,1,1
42174,0,2
42175,1,1
42176,0,1
42177,1,1
42178,1,1
42179,1,1
42180,0,1
42181,1,1
42182,1,1
42183,1,1
42184,0,2
42185,0,1
42186,0,2
42187,0,2
42188,0,2
42189,0,1
42190,1,1
42191,1,1
42192,0,2
42193,1,1
42194,1,1
42195,1,1
42196,0,2
42197,0,1
42198,1,1
42199,1,1
42200,1,1
42201,0,2
42202,1,1
42203,1,1
42204,1,1
42205,1,1
42206,0,1
42207,1,1
42208,0,2
42209,1,1
42210,1,1
42211,1,1
42212,1,1
42213,0,2
42214,0,2
42215,1,1
42216,1,1
42217,1,1
42218,1,1
42219,1,1
42220,0,2
42221,1,1
42222,1,1
42223,1,1
42224,0,1
42225,1,1
42226,1,1
42227,0,2
42228,1,1
42229,0,1
42230,2,3
42231,1,1
42232,1,1
42233,1,1
42234,0,2
42235,0,2
42236,1,1
42237,1,1
42238,2,3
42239,1,1
42240,3,2
42241,1,1
42242,0,1
42243,1,1
42244,0,2
42245,1,1
42246,1,1
42247,1,1
42248,0,1
42249,1,1
42250,2,3
42251,3,2
42252,0,2
42253,1,1
42254,0,2
42255,0,2
42256,1,1
42257,0,1
42258,0,2
42259,0,1
42260,1,1
42261,0,2
42262,0,2
42263,0,2
42264,2,0
42265,0,2
42266,1,1
42267,0,2
42268,1,1
42269,0,1
42270,0,2
42271,0,1
42272,1,1
42273,2,3
42274,0,2
42275,1,1
42276,0,2
42277,1,1
42278,0,1
42279,1,1
42280,1,1
42281,1,1
42282,1,1
42283,1,1
42284,0,2
42285,0,2
42286,1,1
42287,0,2
42288,1,1
42289,1,1
42290,1,1
42291,1,1
42292,0,1
42293,1,1
42294,0,2
42295,0,1
42296,1,1
42297,2,0
42298,0,2
42299,1,1
42300,1,1
42301,0,2
42302,0,1
42303,1,1
42304,0,1
42305,0,1
42306,1,1
42307,0,1
42308,1,1
42309,1,1
42310,0,1
42311,0,2
42312,0,2
42313,0,2
42314,0,2
42315,1,1
42316,1,1
42317,0,1
42318,0,1
42319,0,2
42320,0,1
42321,0,1
42322,1,1
42323,0,2
42324,1,1
42325,1,1
42326,1,1
42327,1,1
42328,1,1
42329,1,1
42330,1,1
42331,0,2
42332,2,3
42333,1,1
42334,0,1
42335,1,1
42336,1,1
42337,0,2
42338,0,2
42339,1,1
42340,1,1
42341,0,2
42342,0,2
42343,0,2
42344,1,1
42345,1,1
42346,0,2
42347,1,1
42348,0,1
42349,2,3
42350,1,1
42351,1,1
42352,1,1
42353,0,2
42354,0,2
42355,1,1
42356,0,2
42357,0,2
42358,1,1
42359,1,1
42360,1,1
42361,1,1
42362,1,1
42363,0,1
42364,1,1
42365,0,1
42366,0,2
42367,1,1
42368,1,1
42369,3,1
42370,1,1
42371,1,1
42372,0,2
42373,1,1
42374,0,1
42375,2,0
42376,0,1
42377,0,2
42378,1,1
42379,0,2
42380,1,1
42381,0,2
42382,1,1
42383,1,1
42384,1,1
42385,1,1
42386,0,1
42387,1,1
42388,1,1
42389,1,1
42390,1,1
42391,1,1
42392,1,1
42393,0,1
42394,1,1
42395,0,2
42396,1,1
42397,1,1
42398,0,2
42399,1,1
42400,0,1
42401,1,1
42402,1,1
42403,1,1
42404,1,1
42405,0,1
42406,1,1
42407,0,1
42408,1,1
42409,1,1
42410,1,1
42411,1,1
42412,1,1
42413,1,1
42414,1,1
42415,2,3
42416,1,1
42417,1,1
42418,1,1
42419,0,2
42420,1,1
42421,1,1
42422,1,1
42423,1,1
42424,0,1
42425,1,1
42426,1,1
42427,1,1
42428,1,1
42429,1,1
42430,0,1
42431,1,1
42432,1,1
42433,0,2
42434,1,1
42435,1,1
42436,0,2
42437,0,2
42438,0,2
42439,1,1
42440,0,2
42441,0,2
42442,1,1
42443,0,1
42444,1,1
42445,1,1
42446,0,1
42447,1,1
42448,2,3
42449,0,1
42450,1,1
42451,1,1
42452,0,2
42453,0,2
42454,0,2
42455,0,1
42456,1,1
42457,0,2
42458,2,3
42459,1,1
42460,0,2
42461,1,1
42462,0,2
42463,0,2
42464,1,1
42465,1,1
42466,1,1
42467,1,1
42468,0,2
42469,1,1
42470,1,1
42471,1,1
42472,1,1
42473,0,2
42474,1,1
42475,2,3
42476,1,1
42477,0,2
42478,2,3
42479,1,1
42480,1,1
42481,1,1
42482,1,1
42483,0,2
42484,1,1
42485,0,2
42486,0,2
42487,0,2
42488,2,3
42489,0,2
42490,1,1
42491,0,2
42492,1,1
42493,1,1
42494,0,2
42495,1,1
42496,1,1
42497,1,1
42498,0,1
42499,1,1
42500,0,2
42501,1,1
42502,1,1
42503,1,1
42504,0,2
42505,1,1
42506,1,1
42507,0,2
42508,0,2
42509,1,1
42510,1,1
42511,2,3
42512,1,1
42513,1,1
42514,1,1
42515,1,1
42516,0,2
42517,1,1
42518,2,3
42519,1,1
42520,1,1
42521,0,1
42522,1,1
42523,1,1
42524,1,1
42525,0,2
42526,1,1
42527,1,1
42528,1,1
42529,0,2
42530,1,1
42531,1,1
42532,0,1
42533,1,1
42534,0,2
42535,1,1
42536,0,2
42537,0,2
42538,0,2
42539,1,1
42540,1,1
42541,1,1
42542,2,3
42543,0,1
42544,1,1
42545,3,2
42546,1,1
42547,1,1
42548,0,1
42549,1,1
42550,1,1
42551,0,2
42552,0,2
42553,1,1
42554,0,2
42555,1,1
42556,1,1
42557,2,3
42558,0,1
42559,1,1
42560,0,2
42561,0,2
42562,0,2
42563,1,1
42564,2,0
42565,1,1
42566,1,1
42567,1,1
42568,1,1
42569,1,1
42570,1,1
42571,1,1
42572,1,1
42573,1,1
42574,1,1
42575,1,1
42576,1,1
42577,1,1
42578,0,2
42579,1,1
42580,0,2
42581,0,1
42582,0,2
42583,0,2
42584,1,1
42585,1,1
42586,0,2
42587,1,1
42588,0,2
42589,1,1
42590,0,1
42591,0,2
42592,0,2
42593,1,1
42594,0,2
42595,1,1
42596,0,2
42597,0,2
42598,1,1
42599,1,1
42600,1,1
42601,0,2
42602,1,1
42603,1,1
42604,1,1
42605,1,1
42606,1,1
42607,1,1
42608,1,1
42609,0,2
42610,0,2
42611,0,1
42612,2,3
42613,0,2
42614,0,1
42615,1,1
42616,1,1
42617,1,1
42618,1,1
42619,1,1
42620,0,2
42621,0,2
42622,1,1
42623,0,2
42624,0,2
42625,1,1
42626,0,1
42627,1,1
42628,0,1
42629,1,1
42630,0,2
42631,0,2
42632,1,1
42633,0,2
42634,0,1
42635,0,2
42636,1,1
42637,1,1
42638,0,2
42639,1,1
42640,1,1
42641,1,1
42642,1,1
42643,1,1
42644,0,2
42645,0,2
42646,1,1
42647,1,1
42648,1,1
42649,2,3
42650,1,1
42651,0,2
42652,1,1
42653,1,1
42654,1,1
42655,1,1
42656,1,1
42657,1,1
42658,1,1
42659,0,2
42660,1,1
42661,1,1
42662,1,1
42663,1,1
42664,0,1
42665,1,1
42666,1,1
42667,1,1
42668,0,2
42669,0,2
42670,0,1
42671,1,1
42672,1,1
42673,1,1
42674,1,1
42675,1,1
42676,1,1
42677,1,1
42678,1,1
42679,1,1
42680,0,2
42681,0,2
42682,2,3
42683,1,1
42684,1,1
42685,1,1
42686,0,2
42687,1,1
42688,1,1
42689,1,1
42690,1,1
42691,1,1
42692,1,1
42693,0,2
42694,0,2
42695,0,2
42696,1,1
42697,0,2
42698,1,1
42699,1,1
42700,0,2
42701,1,1
42702,0,2
42703,0,2
42704,1,1
42705,0,2
42706,1,1
42707,0,2
42708,1,1
42709,1,1
42710,1,1
42711,2,3
42712,1,1
42713,1,1
42714,0,1
42715,0,2
42716,1,1
42717,1,1
42718,1,1
42719,2,3
42720,1,1
42721,1,1
42722,1,1
42723,1,1
42724,1,1
42725,1,1
42726,1,1
42727,1,1
42728,1,1
42729,0,2
42730,1,1
42731,0,1
42732,1,1
42733,1,1
42734,1,1
42735,1,1
42736,0,1
42737,0,2
42738,0,2
42739,0,2
42740,1,1
42741,1,1
42742,0,2
42743,0,2
42744,1,1
42745,1,1
42746,1,1
42747,0,2
42748,1,1
42749,1,1
42750,1,1
42751,1,1
42752,1,1
42753,2,3
42754,0,1
42755,1,1
42756,1,1
42757,1,1
42758,0,2
42759,1,1
42760,2,3
42761,1,1
42762,1,1
42763,0,1
42764,1,1
42765,1,1
42766,0,1
42767,0,2
42768,1,1
42769,2,0
42770,0,2
42771,1,1
42772,0,1
42773,0,2
42774,0,1
42775,2,3
42776,1,1
42777,0,1
42778,1,1
42779,1,1
42780,2,0
42781,1,1
42782,1,1
42783,1,1
42784,1,1
42785,0,1
42786,1,1
42787,0,2
42788,1,1
42789,1,1
42790,1,1
42791,1,1
42792,1,1
42793,1,1
42794,2,0
42795,0,1
42796,1,1
42797,1,1
42798,1,1
42799,0,1
42800,0,2
42801,1,1
42802,1,1
42803,1,1
42804,0,2
42805,1,1
42806,1,1
42807,1,1
42808,0,2
42809,0,1
42810,1,1
42811,1,1
42812,0,2
42813,0,1
42814,1,1
42815,1,1
42816,0,2
42817,1,1
42818,0,2
42819,1,1
42820,1,1
42821,1,1
42822,1,1
42823,0,1
42824,1,1
42825,0,1
42826,1,1
42827,1,1
42828,1,1
42829,1,1
42830,1,1
42831,2,0
42832,0,2
42833,1,1
42834,1,1
42835,1,1
42836,1,1
42837,1,1
42838,0,2
42839,0,1
42840,1,1
42841,1,1
42842,1,1
42843,0,1
42844,1,1
42845,1,1
42846,1,1
42847,1,1
42848,1,1
42849,0,1
42850,1,1
42851,1,1
42852,0,2
42853,1,1
42854,1,1
42855,1,1
42856,1,1
42857,1,1
42858,1,1
42859,0,1
42860,1,1
42861,0,1
42862,1,1
42863,1,1
42864,0,1
42865,1,1
42866,0,1
42867,1,1
42868,2,3
42869,0,1
42870,0,1
42871,0,1
42872,0,2
42873,1,1
42874,1,1
42875,1,1
42876,1,1
42877,0,1
42878,0,2
42879,0,2
42880,0,2
42881,0,1
42882,1,1
42883,1,1
42884,0,2
42885,1,1
42886,0,2
42887,1,1
42888,2,0
42889,0,1
42890,0,2
42891,1,1
42892,0,1
42893,1,1
42894,1,1
42895,1,1
42896,0,2
42897,0,2
42898,1,1
42899,0,1
42900,1,1
42901,0,2
42902,0,2
42903,1,1
42904,1,1
42905,1,1
42906,0,2
42907,1,1
42908,1,1
42909,1,1
42910,0,1
42911,0,2
42912,2,3
42913,1,1
42914,0,2
42915,1,1
42916,1,1
42917,0,2
42918,1,1
42919,1,1
42920,0,1
42921,1,1
42922,1,1
42923,1,1
42924,0,2
42925,1,1
42926,0,1
42927,2,3
42928,0,1
42929,1,1
42930,1,1
42931,1,1
42932,0,2
42933,1,1
42934,0,1
42935,1,1
42936,1,1
42937,0,2
42938,0,2
42939,0,2
42940,2,3
42941,1,1
42942,0,1
42943,1,1
42944,1,1
42945,1,1
42946,0,1
42947,0,1
42948,1,1
42949,0,1
42950,1,1
42951,1,1
42952,0,2
42953,1,1
42954,0,1
42955,1,1
42956,1,1
42957,0,1
42958,1,1
42959,3,2
42960,0,2
42961,2,3
42962,0,2
42963,1,1
42964,0,2
42965,1,1
42966,0,2
42967,1,1
42968,0,2
42969,1,1
42970,1,1
42971,1,1
42972,1,1
42973,1,1
42974,1,1
42975,0,2
42976,1,1
42977,2,3
42978,0,2
42979,1,1
42980,1,1
42981,0,1
42982,1,1
42983,1,1
42984,1,1
42985,0,1
42986,1,1
42987,1,1
42988,0,2
42989,1,1
42990,0,1
42991,0,1
42992,0,2
42993,1,1
42994,0,2
42995,0,1
42996,0,2
42997,0,2
42998,1,1
42999,0,1
43000,1,1
43001,0,1
43002,1,1
43003,1,1
43004,1,1
43005,0,1
43006,1,1
43007,0,1
43008,1,1
43009,1,1
43010,1,1
43011,1,1
43012,0,1
43013,0,1
43014,0,2
43015,0,2
43016,1,1
43017,1,1
43018,1,1
43019,0,2
43020,1,1
43021,0,2
43022,1,1
43023,0,2
43024,1,1
43025,1,1
43026,1,1
43027,0,2
43028,1,1
43029,0,2
43030,1,1
43031,0,1
43032,0,1
43033,1,1
43034,1,1
43035,0,1
43036,1,1
43037,1,1
43038,1,1
43039,0,2
43040,1,1
43041,1,1
43042,0,1
43043,0,1
43044,0,2
43045,0,2
43046,1,1
43047,1,1
43048,1,1
43049,1,1
43050,0,2
43051,1,2
43052,1,1
43053,0,1
43054,1,1
43055,0,2
43056,1,1
43057,0,2
43058,1,1
43059,1,1
43060,0,2
43061,1,1
43062,1,1
43063,1,1
43064,0,1
43065,1,1
43066,0,2
43067,0,2
43068,1,1
43069,1,1
43070,1,1
43071,1,1
43072,0,1
43073,1,1
43074,0,1
43075,1,1
43076,1,1
43077,1,1
43078,1,1
43079,1,1
43080,0,1
43081,1,1
43082,2,3
43083,1,1
43084,0,1
43085,1,1
43086,1,1
43087,0,2
43088,1,1
43089,0,2
43090,1,1
43091,1,1
43092,1,1
43093,1,1
43094,0,1
43095,2,3
43096,1,1
43097,1,1
43098,1,1
43099,1,1
43100,0,2
43101,2,0
43102,1,1
43103,0,2
43104,1,1
43105,0,2
43106,1,1
43107,0,1
43108,1,1
43109,1,1
43110,1,1
43111,0,2
43112,0,2
43113,0,2
43114,1,1
43115,0,1
43116,0,2
43117,1,1
43118,1,1
43119,1,1
43120,1,1
43121,1,1
43122,1,1
43123,1,1
43124,1,1
43125,1,1
43126,1,1
43127,0,1
43128,1,1
43129,0,1
43130,1,1
43131,3,2
43132,1,1
43133,1,1
43134,0,2
43135,1,1
43136,0,2
43137,1,1
43138,0,1
43139,1,1
43140,0,1
43141,1,1
43142,1,1
43143,0,2
43144,1,1
43145,1,1
43146,1,1
43147,0,2
43148,0,1
43149,1,1
43150,1,1
43151,2,3
43152,1,1
43153,1,1
43154,1,1
43155,0,2
43156,0,2
43157,1,1
43158,0,1
43159,1,1
43160,1,1
43161,1,1
43162,0,2
43163,0,2
43164,0,1
43165,0,1
43166,0,1
43167,1,1
43168,2,3
43169,0,2
43170,0,2
43171,0,2
43172,0,1
43173,1,1
43174,1,1
43175,1,1
43176,1,1
43177,1,1
43178,0,2
43179,1,1
43180,1,1
43181,1,1
43182,1,1
43183,0,2
43184,1,1
43185,0,1
43186,1,1
43187,2,0
43188,1,1
43189,0,2
43190,1,1
43191,1,1
43192,1,1
43193,0,2
43194,1,1
43195,0,1
43196,1,1
43197,0,2
43198,1,1
43199,1,1
43200,1,1
43201,0,2
43202,0,1
43203,1,1
43204,0,2
43205,0,2
43206,1,1
43207,1,1
43208,0,1
43209,0,2
43210,0,2
43211,1,1
43212,0,2
43213,1,1
43214,0,2
43215,0,2
43216,0,1
43217,0,1
43218,1,1
43219,0,1
43220,1,1
43221,1,1
43222,1,1
43223,1,1
43224,0,2
43225,1,1
43226,0,1
43227,0,2
43228,1,1
43229,1,1
43230,0,2
43231,0,2
43232,1,1
43233,1,1
43234,1,1
43235,1,1
43236,1,1
43237,1,1
43238,1,1
43239,0,1
43240,1,1
43241,1,1
43242,0,1
43243,1,1
43244,1,1
43245,0,1
43246,1,1
43247,1,1
43248,0,2
43249,1,1
43250,0,2
43251,1,1
43252,0,1
43253,1,1
43254,1,1
43255,0,1
43256,1,1
43257,0,2
43258,2,3
43259,1,1
43260,1,1
43261,1,1
43262,1,1
43263,0,1
43264,1,1
43265,1,1
43266,0,1
43267,1,1
43268,2,3
43269,1,1
43270,1,1
43271,1,1
43272,1,1
43273,0,1
43274,2,3
43275,0,2
43276,1,1
43277,1,1
43278,1,1
43279,1,1
43280,1,1
43281,1,1
43282,1,1
43283,1,1
43284,2,3
43285,0,2
43286,1,1
43287,0,1
43288,1,1
43289,0,2
43290,1,1
43291,1,1
43292,0,2
43293,1,1
43294,2,3
43295,1,1
43296,1,1
43297,1,1
43298,1,1
43299,0,2
43300,0,2
43301,1,1
43302,0,1
43303,0,1
43304,0,1
43305,1,1
43306,1,1
43307,1,1
43308,0,2
43309,1,1
43310,1,1
43311,2,0
43312,1,1
43313,2,3
43314,0,2
43315,0,2
43316,1,1
43317,1,1
43318,1,1
43319,1,1
43320,1,1
43321,1,1
43322,1,1
43323,0,2
43324,0,1
43325,1,1
43326,1,1
43327,1,1
43328,0,1
43329,0,2
43330,1,1
43331,1,1
43332,0,2
43333,0,2
43334,1,1
43335,0,1
43336,1,1
43337,0,2
43338,2,3
43339,1,1
43340,0,2
43341,1,1
43342,1,1
43343,0,1
43344,1,1
43345,2,3
43346,1,1
43347,1,1
43348,1,1
43349,1,1
43350,1,1
43351,1,1
43352,1,1
43353,1,1
43354,0,1
43355,0,2
43356,0,1
43357,1,1
43358,0,2
43359,1,1
43360,0,1
43361,0,2
43362,0,2
43363,1,1
43364,0,1
43365,1,1
43366,1,1
43367,0,1
43368,1,1
43369,0,2
43370,0,1
43371,0,2
43372,1,1
43373,0,2
43374,1,1
43375,1,1
43376,1,1
43377,0,1
43378,0,2
43379,0,1
43380,1,1
43381,1,1
43382,1,1
43383,0,1
43384,1,1
43385,2,3
43386,0,1
43387,1,1
43388,1,1
43389,1,1
43390,0,1
43391,0,2
43392,1,1
43393,1,1
43394,1,1
43395,0,2
43396,1,1
43397,0,2
43398,1,1
43399,1,1
43400,1,1
43401,0,2
43402,1,1
43403,0,1
43404,1,1
43405,0,1
43406,0,2
43407,0,2
43408,1,1
43409,0,2
43410,0,2
43411,1,1
43412,0,1
43413,1,1
43414,2,0
43415,1,1
43416,2,3
43417,1,1
43418,1,1
43419,0,1
43420,0,2
43421,1,1
43422,1,1
43423,1,1
43424,0,2
43425,1,1
43426,0,2
43427,1,1
43428,1,1
43429,1,1
43430,1,1
43431,0,2
43432,1,1
43433,1,1
43434,0,1
43435,0,2
43436,0,2
43437,1,1
43438,1,1
43439,1,1
43440,1,1
43441,0,1
43442,2,3
43443,0,1
43444,1,1
43445,1,1
43446,1,1
43447,0,2
43448,0,2
43449,2,3
43450,1,1
43451,0,2
43452,0,1
43453,0,2
43454,1,1
43455,1,1
43456,0,2
43457,1,1
43458,1,1
43459,0,1
43460,1,1
43461,0,2
43462,1,1
43463,0,2
43464,2,3
43465,0,2
43466,1,1
43467,1,1
43468,1,1
43469,1,1
43470,1,1
43471,0,1
43472,0,2
43473,0,2
43474,1,1
43475,1,1
43476,2,3
43477,1,1
43478,0,2
43479,1,1
43480,1,1
43481,1,1
43482,1,1
43483,1,1
43484,0,1
43485,1,1
43486,1,1
43487,2,0
43488,1,1
43489,1,1
43490,1,1
43491,0,2
43492,0,2
43493,1,1
43494,0,1
43495,1,1
43496,1,1
43497,1,1
43498,1,1
43499,1,1
43500,0,2
43501,0,2
43502,1,1
43503,1,1
43504,0,2
43505,0,1
43506,1,1
43507,0,2
43508,0,2
43509,0,2
43510,0,1
43511,1,1
43512,1,1
43513,1,1
43514,2,3
43515,1,1
43516,0,2
43517,2,3
43518,1,1
43519,1,1
43520,0,2
43521,1,1
43522,1,1
43523,0,2
43524,1,1
43525,1,1
43526,0,2
43527,1,1
43528,0,2
43529,1,1
43530,1,1
43531,0,1
43532,0,1
43533,0,2
43534,1,1
43535,1,1
43536,0,1
43537,2,3
43538,0,1
43539,1,1
43540,3,2
43541,1,1
43542,0,2
43543,0,2
43544,1,1
43545,1,1
43546,0,1
43547,0,1
43548,0,2
43549,0,2
43550,1,1
43551,1,1
43552,1,1
43553,1,1
43554,0,2
43555,1,1
43556,1,1
43557,0,2
43558,2,3
43559,1,1
43560,1,1
43561,0,1
43562,1,1
43563,1,1
43564,1,1
43565,0,1
43566,0,2
43567,1,1
43568,1,1
43569,0,2
43570,1,1
43571,0,2
43572,1,1
43573,1,1
43574,1,1
43575,1,1
43576,0,2
43577,0,2
43578,1,1
43579,1,1
43580,1,1
43581,1,1
43582,1,1
43583,1,1
43584,0,1
43585,1,1
43586,1,1
43587,0,1
43588,1,1
43589,0,2
43590,1,1
43591,2,3
43592,1,1
43593,2,3
43594,1,1
43595,3,2
43596,1,1
43597,0,2
43598,0,2
43599,1,1
43600,0,2
43601,1,1
43602,1,1
43603,0,2
43604,1,1
43605,2,0
43606,0,1
43607,1,1
43608,1,1
43609,1,1
43610,1,1
43611,2,3
43612,1,1
43613,1,1
43614,1,1
43615,1,1
43616,0,2
43617,1,1
43618,0,1
43619,0,2
43620,1,1
43621,1,1
43622,1,1
43623,1,1
43624,0,2
43625,0,2
43626,0,2
43627,1,1
43628,1,1
43629,1,1
43630,1,1
43631,1,1
43632,1,1
43633,1,1
43634,1,1
43635,1,1
43636,1,1
43637,2,3
43638,1,1
43639,0,2
43640,1,1
43641,0,2
43642,1,1
43643,1,1
43644,1,1
43645,1,1
43646,0,2
43647,2,3
43648,1,1
43649,1,1
43650,1,1
43651,0,2
43652,1,1
43653,1,1
43654,1,1
43655,1,1
43656,1,1
43657,1,1
43658,1,1
43659,0,2
43660,1,1
43661,1,1
43662,1,1
43663,0,2
43664,0,2
43665,1,1
43666,2,3
43667,0,2
43668,1,1
43669,0,2
43670,1,1
43671,1,1
43672,0,2
43673,1,1
43674,1,1
43675,1,1
43676,1,1
43677,1,1
43678,1,1
43679,1,1
43680,1,1
43681,0,2
43682,0,2
43683,1,1
43684,1,1
43685,1,1
43686,1,1
43687,1,1
43688,1,1
43689,1,1
43690,1,1
43691,1,1
43692,1,1
43693,1,1
43694,1,1
43695,1,1
43696,0,2
43697,1,1
43698,3,2
43699,1,1
43700,0,1
43701,1,1
43702,1,1
43703,1,1
43704,0,1
43705,1,1
43706,1,1
43707,1,1
43708,1,1
43709,1,1
43710,1,1
43711,1,1
43712,1,1
43713,0,2
43714,1,1
43715,0,2
43716,0,2
43717,1,1
43718,1,1
43719,1,1
43720,0,2
43721,1,1
43722,0,1
43723,0,2
43724,0,2
43725,0,2
43726,1,1
43727,0,1
43728,1,1
43729,1,1
43730,0,2
43731,1,1
43732,0,2
43733,1,1
43734,1,1
43735,1,1
43736,1,1
43737,0,2
43738,1,1
43739,0,2
43740,1,1
43741,1,1
43742,1,1
43743,1,1
43744,2,3
43745,1,1
43746,1,1
43747,1,1
43748,1,1
43749,1,1
43750,1,1
43751,1,1
43752,1,1
43753,0,2
43754,1,1
43755,0,2
43756,0,1
43757,1,1
43758,0,2
43759,1,1
43760,1,1
43761,1,1
43762,1,1
43763,1,1
43764,1,1
43765,1,1
43766,2,3
43767,1,1
43768,1,1
43769,0,1
43770,1,1
43771,1,1
43772,0,2
43773,1,1
43774,1,1
43775,1,1
43776,1,1
43777,0,2
43778,1,1
43779,1,1
43780,1,1
43781,0,1
43782,1,1
43783,1,1
43784,0,1
43785,0,1
43786,0,1
43787,1,1
43788,0,1
43789,0,2
43790,1,1
43791,1,1
43792,1,1
43793,0,2
43794,0,2
43795,0,2
43796,0,2
43797,1,1
43798,1,1
43799,1,1
43800,1,1
43801,1,1
43802,1,1
43803,0,1
43804,1,1
43805,1,1
43806,0,2
43807,1,1
43808,0,2
43809,0,1
43810,1,1
43811,0,2
43812,0,1
43813,2,3
43814,0,1
43815,1,1
43816,1,1
43817,1,1
43818,1,1
43819,1,1
43820,1,1
43821,0,2
43822,1,1
43823,1,1
43824,1,1
43825,2,3
43826,0,2
43827,2,3
43828,1,1
43829,1,1
43830,0,2
43831,0,2
43832,1,1
43833,0,1
43834,1,1
43835,1,1
43836,0,1
43837,0,2
43838,1,1
43839,1,1
43840,1,1
43841,1,1
43842,1,1
43843,0,2
43844,1,1
43845,1,1
43846,1,1
43847,1,1
43848,1,1
43849,1,1
43850,0,2
43851,0,1
43852,1,1
43853,1,1
43854,0,2
43855,1,1
43856,0,2
43857,1,1
43858,0,1
43859,1,1
43860,1,1
43861,0,1
43862,0,2
43863,1,1
43864,1,1
43865,1,1
43866,1,1
43867,0,1
43868,1,1
43869,0,2
43870,0,2
43871,2,3
43872,1,1
43873,1,1
43874,0,2
43875,1,1
43876,1,1
43877,0,2
43878,0,2
43879,1,1
43880,1,1
43881,1,1
43882,0,2
43883,1,1
43884,0,2
43885,0,1
43886,1,1
43887,0,2
43888,1,1
43889,1,1
43890,1,1
43891,0,1
43892,1,1
43893,2,0
43894,1,1
43895,1,1
43896,2,3
43897,1,1
43898,1,1
43899,1,1
43900,0,1
43901,1,1
43902,0,1
43903,1,1
43904,1,1
43905,1,1
43906,1,1
43907,1,1
43908,0,2
43909,1,1
43910,0,2
43911,1,1
43912,1,1
43913,0,2
43914,1,1
43915,1,1
43916,0,2
43917,1,1
43918,0,1
43919,1,1
43920,0,2
43921,0,1
43922,0,1
43923,1,1
43924,1,1
43925,1,1
43926,1,1
43927,0,1
43928,1,1
43929,1,1
43930,1,1
43931,1,1
43932,1,1
43933,1,1
43934,1,1
43935,1,1
43936,1,1
43937,1,1
43938,1,1
43939,1,1
43940,0,2
43941,0,2
43942,1,1
43943,1,1
43944,0,2
43945,0,1
43946,0,1
43947,0,2
43948,1,1
43949,0,2
43950,1,1
43951,1,1
43952,0,1
43953,1,1
43954,1,1
43955,0,1
43956,0,1
43957,0,2
43958,1,1
43959,0,1
43960,1,1
43961,1,1
43962,1,1
43963,1,1
43964,0,2
43965,1,1
43966,1,1
43967,1,1
43968,2,0
43969,1,1
43970,0,1
43971,1,1
43972,1,1
43973,0,2
43974,1,1
43975,0,2
43976,1,1
43977,1,1
43978,0,1
43979,1,1
43980,1,1
43981,0,2
43982,1,1
43983,1,1
43984,2,3
43985,1,1
43986,1,1
43987,1,1
43988,0,2
43989,1,1
43990,1,1
43991,1,1
43992,1,1
43993,1,1
43994,0,2
43995,1,1
43996,0,1
43997,1,1
43998,0,1
43999,1,1
44000,0,1
44001,1,1
44002,1,1
44003,0,2
44004,1,1
44005,0,2
44006,1,1
44007,1,1
44008,0,2
44009,1,1
44010,1,1
44011,0,2
44012,1,1
44013,1,1
44014,1,1
44015,0,2
44016,0,2
44017,0,1
44018,1,1
44019,1,1
44020,1,1
44021,0,1
44022,0,1
44023,1,1
44024,1,1
44025,0,2
44026,1,1
44027,1,1
44028,0,1
44029,1,1
44030,0,1
44031,1,1
44032,1,1
44033,0,2
44034,1,1
44035,1,1
44036,0,1
44037,1,1
44038,1,1
44039,1,1
44040,0,2
44041,0,1
44042,1,1
44043,1,1
44044,1,1
44045,0,2
44046,1,1
44047,0,2
44048,1,1
44049,0,2
44050,1,1
44051,1,1
44052,2,3
44053,1,1
44054,1,1
44055,1,1
44056,0,2
44057,0,1
44058,1,1
44059,1,1
44060,0,2
44061,1,1
44062,1,1
44063,0,2
44064,0,1
44065,1,1
44066,0,2
44067,0,2
44068,1,1
44069,1,1
44070,1,1
44071,1,1
44072,1,1
44073,1,1
44074,1,1
44075,1,1
44076,0,2
44077,1,1
44078,0,2
44079,1,1
44080,0,1
44081,0,2
44082,1,1
44083,0,2
44084,1,1
44085,1,1
44086,0,2
44087,1,1
44088,2,0
44089,1,1
44090,1,1
44091,0,2
44092,1,1
44093,1,1
44094,1,1
44095,1,1
44096,1,1
44097,1,1
44098,0,1
44099,1,1
44100,1,1
44101,0,2
44102,1,1
44103,1,1
44104,1,1
44105,0,2
44106,0,2
44107,1,1
44108,1,1
44109,1,1
44110,1,1
44111,0,2
44112,1,1
44113,0,2
44114,0,2
44115,1,1
44116,1,1
44117,0,1
44118,1,1
44119,0,2
44120,0,2
44121,1,1
44122,0,1
44123,1,1
44124,2,0
44125,1,1
44126,1,1
44127,1,1
44128,0,2
44129,1,1
44130,1,1
44131,1,1
44132,1,1
44133,1,1
44134,0,1
44135,1,1
44136,0,2
44137,1,1
44138,0,2
44139,1,1
44140,0,1
44141,1,1
44142,2,0
44143,1,1
44144,0,2
44145,1,1
44146,1,1
44147,1,1
44148,1,1
44149,1,1
44150,1,1
44151,1,1
44152,1,1
44153,1,1
44154,1,1
44155,1,1
44156,1,1
44157,2,0
44158,0,1
44159,1,1
44160,0,1
44161,0,1
44162,0,2
44163,0,2
44164,1,1
44165,1,1
44166,1,1
44167,1,1
44168,1,1
44169,1,1
44170,0,1
44171,1,1
44172,0,2
44173,2,3
44174,1,1
44175,1,1
44176,1,1
44177,1,1
44178,0,2
44179,1,1
44180,0,1
44181,0,2
44182,1,1
44183,1,1
44184,2,3
44185,1,1
44186,0,1
44187,2,0
44188,1,1
44189,1,1
44190,0,2
44191,0,2
44192,0,2
44193,0,2
44194,0,1
44195,1,1
44196,0,2
44197,1,1
44198,0,2
44199,1,1
44200,1,1
44201,1,1
44202,1,1
44203,1,1
44204,1,1
44205,1,1
44206,0,2
44207,0,1
44208,0,2
44209,1,1
44210,0,1
44211,0,2
44212,0,1
44213,3,2
44214,1,1
44215,0,1
44216,1,1
44217,0,2
44218,1,1
44219,1,1
44220,0,1
44221,1,1
44222,0,2
44223,1,1
44224,1,1
44225,1,1
44226,1,1
44227,1,1
44228,1,1
44229,1,1
44230,0,1
44231,0,1
44232,1,1
44233,1,1
44234,1,1
44235,1,1
44236,0,2
44237,0,2
44238,1,1
44239,0,1
44240,2,3
44241,0,2
44242,2,3
44243,1,1
44244,1,1
44245,1,1
44246,1,1
44247,1,1
44248,0,2
44249,2,3
44250,1,1
44251,1,1
44252,0,1
44253,2,3
44254,0,1
44255,0,2
44256,1,1
44257,1,1
44258,1,1
44259,1,1
44260,1,1
44261,1,1
44262,1,1
44263,0,2
44264,0,2
44265,1,1
44266,1,1
44267,1,1
44268,1,1
44269,1,1
44270,1,1
44271,1,1
44272,0,1
44273,1,1
44274,1,1
44275,0,1
44276,1,1
44277,1,1
44278,1,1
44279,2,3
44280,0,1
44281,1,1
44282,1,1
44283,1,1
44284,1,1
44285,0,2
44286,0,2
44287,0,2
44288,1,1
44289,0,2
44290,0,2
44291,0,2
44292,1,1
44293,0,2
44294,1,1
44295,1,1
44296,0,2
44297,0,2
44298,1,1
44299,1,1
44300,0,2
44301,0,1
44302,1,1
44303,1,1
44304,1,1
44305,1,1
44306,0,1
44307,1,1
44308,1,1
44309,0,1
44310,0,1
44311,1,1
44312,0,2
44313,1,1
44314,1,1
44315,1,1
44316,1,1
44317,1,1
44318,0,2
44319,1,1
44320,1,1
44321,1,1
44322,1,1
44323,0,1
44324,1,1
44325,1,1
44326,0,1
44327,0,1
44328,2,3
44329,1,1
44330,0,2
44331,0,2
44332,1,1
44333,0,2
44334,1,1
44335,0,2
44336,1,1
44337,1,1
44338,1,1
44339,1,1
44340,1,1
44341,1,1
44342,0,2
44343,1,1
44344,1,1
44345,0,1
44346,1,1
44347,1,1
44348,2,3
44349,0,1
44350,0,1
44351,1,1
44352,1,1
44353,0,1
44354,1,1
44355,0,2
44356,0,1
44357,1,1
44358,1,1
44359,1,1
44360,1,1
44361,0,1
44362,1,1
44363,0,2
44364,1,1
44365,1,1
44366,1,1
44367,0,1
44368,0,1
44369,1,1
44370,1,1
44371,1,1
44372,1,1
44373,1,1
44374,1,1
44375,2,3
44376,2,3
44377,1,1
44378,1,1
44379,1,1
44380,1,1
44381,0,2
44382,1,1
44383,1,1
44384,1,1
44385,1,1
44386,0,1
44387,1,1
44388,1,1
44389,1,1
44390,1,1
44391,0,1
44392,0,2
44393,1,1
44394,0,2
44395,1,1
44396,0,2
44397,2,3
44398,1,1
44399,1,1
44400,1,1
44401,1,1
44402,1,1
44403,1,1
44404,0,2
44405,0,1
44406,1,1
44407,1,1
44408,1,1
44409,1,1
44410,0,2
44411,0,1
44412,1,1
44413,1,1
44414,1,1
44415,1,1
44416,1,1
44417,0,2
44418,1,1
44419,0,1
44420,0,1
44421,0,1
44422,1,1
44423,1,1
44424,1,1
44425,1,1
44426,0,2
44427,0,2
44428,0,1
44429,1,1
44430,1,1
44431,2,0
44432,1,1
44433,1,1
44434,0,2
44435,0,1
44436,1,1
44437,1,1
44438,1,1
44439,1,1
44440,1,1
44441,1,1
44442,1,1
44443,2,3
44444,1,1
44445,1,1
44446,0,2
44447,1,1
44448,0,2
44449,0,1
44450,1,1
44451,0,1
44452,0,2
44453,1,1
44454,0,2
44455,1,1
44456,0,2
44457,1,1
44458,0,2
44459,0,1
44460,0,2
44461,0,2
44462,1,1
44463,1,1
44464,0,2
44465,1,1
44466,0,2
44467,1,1
44468,1,1
44469,1,1
44470,0,2
44471,0,2
44472,1,1
44473,1,1
44474,2,3
44475,1,1
44476,1,1
44477,1,1
44478,1,1
44479,1,1
44480,1,1
44481,0,2
44482,2,0
44483,1,1
44484,1,1
44485,0,1
44486,0,1
44487,1,1
44488,0,2
44489,1,1
44490,1,1
44491,1,1
44492,0,2
44493,1,1
44494,0,1
44495,1,1
44496,1,1
44497,1,1
44498,1,1
44499,0,2
44500,0,2
44501,1,1
44502,1,1
44503,0,2
44504,1,1
44505,1,1
44506,0,2
44507,0,2
44508,1,1
44509,1,1
44510,2,3
44511,1,1
44512,1,1
44513,1,1
44514,1,1
44515,0,2
44516,1,1
44517,0,2
44518,0,2
44519,0,2
44520,1,1
44521,1,1
44522,1,1
44523,0,1
44524,2,3
44525,1,1
44526,1,1
44527,1,1
44528,0,1
44529,1,1
44530,1,1
44531,1,1
44532,0,2
44533,1,1
44534,1,1
44535,0,1
44536,1,1
44537,1,1
44538,0,2
44539,1,1
44540,1,1
44541,0,1
44542,1,1
44543,0,2
44544,1,1
44545,1,1
44546,0,2
44547,1,1
44548,1,1
44549,0,1
44550,0,2
44551,1,1
44552,1,1
44553,1,1
44554,1,1
44555,1,1
44556,0,2
44557,1,1
44558,1,1
44559,0,2
44560,1,1
44561,1,1
44562,1,1
44563,1,1
44564,0,2
44565,1,1
44566,0,1
44567,0,2
44568,1,1
44569,0,1
44570,1,1
44571,1,1
44572,1,1
44573,1,1
44574,0,1
44575,1,1
44576,0,2
44577,0,1
44578,1,1
44579,0,2
44580,1,1
44581,2,3
44582,0,2
44583,1,1
44584,0,2
44585,0,2
44586,1,1
44587,0,1
44588,1,1
44589,0,2
44590,0,2
44591,2,3
44592,0,1
44593,1,1
44594,1,1
44595,0,1
44596,0,1
44597,1,1
44598,1,1
44599,1,1
44600,0,2
44601,0,1
44602,1,1
44603,1,1
44604,0,2
44605,1,1
44606,0,1
44607,1,1
44608,1,1
44609,1,1
44610,1,1
44611,1,1
44612,1,1
44613,1,1
44614,1,1
44615,1,1
44616,1,1
44617,1,1
44618,1,1
44619,1,1
44620,1,1
44621,1,1
44622,1,1
44623,1,1
44624,0,1
44625,1,1
44626,1,1
44627,0,2
44628,1,1
44629,1,1
44630,1,1
44631,0,1
44632,1,1
44633,1,1
44634,1,1
44635,0,2
44636,1,1
44637,0,2
44638,2,3
44639,0,2
44640,0,2
44641,1,1
44642,0,2
44643,0,2
44644,1,1
44645,1,1
44646,1,1
44647,1,1
44648,0,1
44649,1,1
44650,0,1
44651,1,1
44652,0,2
44653,0,2
44654,1,1
44655,1,1
44656,1,1
44657,1,1
44658,0,2
44659,1,1
44660,1,1
44661,1,1
44662,0,1
44663,1,1
44664,1,1
44665,0,2
44666,1,1
44667,0,2
44668,1,1
44669,1,1
44670,0,2
44671,1,1
44672,1,1
44673,1,1
44674,0,2
44675,1,1
44676,0,2
44677,0,2
44678,1,1
44679,0,2
44680,0,1
44681,0,1
44682,1,1
44683,0,1
44684,1,1
44685,1,1
44686,1,1
44687,0,2
44688,1,1
44689,1,1
44690,1,1
44691,1,1
44692,0,2
44693,1,1
44694,0,1
44695,0,1
44696,1,1
44697,0,1
44698,1,1
44699,1,1
44700,1,1
44701,1,1
44702,1,1
44703,0,1
44704,1,1
44705,1,1
44706,1,1
44707,0,1
44708,1,1
44709,0,1
44710,1,1
44711,1,1
44712,0,2
44713,0,1
44714,1,1
44715,1,1
44716,1,1
44717,0,1
44718,0,1
44719,0,2
44720,1,1
44721,1,1
44722,1,1
44723,1,1
44724,0,2
44725,0,1
44726,1,1
44727,1,1
44728,1,1
44729,1,1
44730,0,2
44731,1,1
44732,0,2
44733,1,1
44734,0,2
44735,1,1
44736,0,2
44737,1,1
44738,1,1
44739,0,1
44740,1,1
44741,0,1
44742,1,1
44743,1,1
44744,0,1
44745,1,1
44746,1,1
44747,1,1
44748,0,2
44749,0,1
44750,0,2
44751,0,1
44752,1,1
44753,0,1
44754,0,1
44755,1,1
44756,0,1
44757,0,2
44758,1,1
44759,0,1
44760,1,1
44761,1,1
44762,0,1
44763,1,1
44764,1,1
44765,1,1
44766,1,1
44767,1,1
44768,1,1
44769,2,3
44770,1,1
44771,1,1
44772,0,1
44773,1,1
44774,1,1
44775,1,1
44776,1,1
44777,1,1
44778,0,1
44779,1,1
44780,0,1
44781,1,1
44782,1,1
44783,1,1
44784,0,2
44785,0,2
44786,0,1
44787,0,2
44788,1,1
44789,0,1
44790,2,3
44791,0,2
44792,1,1
44793,0,2
44794,1,1
44795,0,2
44796,1,1
44797,0,2
44798,1,1
44799,0,1
44800,1,1
44801,0,2
44802,1,1
44803,1,1
44804,1,1
44805,1,1
44806,0,2
44807,1,1
44808,1,1
44809,1,1
44810,1,1
44811,0,1
44812,1,1
44813,0,1
44814,0,1
44815,1,1
44816,1,1
44817,1,1
44818,1,1
44819,1,1
44820,1,1
44821,1,1
44822,1,1
44823,1,1
44824,0,1
44825,1,1
44826,0,2
44827,1,1
44828,0,2
44829,1,1
44830,1,1
44831,0,2
44832,0,2
44833,0,2
44834,1,1
44835,1,1
44836,0,2
44837,0,2
44838,1,1
44839,0,1
44840,0,2
44841,1,1
44842,0,2
44843,1,1
44844,1,1
44845,0,2
44846,2,3
44847,1,1
44848,1,1
44849,0,2
44850,0,2
44851,0,2
44852,1,1
44853,0,1
44854,1,1
44855,1,1
44856,1,1
44857,1,1
44858,2,0
44859,1,1
44860,0,2
44861,1,1
44862,1,1
44863,1,1
44864,1,1
44865,0,1
44866,1,1
44867,1,1
44868,1,1
44869,1,1
44870,1,1
44871,1,1
44872,1,1
44873,0,2
44874,1,1
44875,1,1
44876,1,1
44877,1,1
44878,0,2
44879,1,1
44880,2,3
44881,1,1
44882,1,1
44883,1,1
44884,1,1
44885,0,2
44886,1,1
44887,1,1
44888,1,1
44889,1,1
44890,0,1
44891,1,1
44892,1,1
44893,1,1
44894,1,1
44895,1,1
44896,2,3
44897,1,1
44898,0,1
44899,1,1
44900,1,1
44901,0,2
44902,1,1
44903,1,1
44904,0,2
44905,1,1
44906,1,1
44907,1,1
44908,1,1
44909,1,1
44910,1,1
44911,0,2
44912,1,1
44913,0,2
44914,0,2
44915,1,1
44916,1,1
44917,1,1
44918,1,1
44919,1,1
44920,1,1
44921,1,1
44922,1,1
44923,0,2
44924,1,1
44925,1,1
44926,1,1
44927,1,1
44928,1,1
44929,0,1
44930,1,1
44931,1,1
44932,1,1
44933,1,1
44934,1,1
44935,1,1
44936,1,1
44937,0,1
44938,1,1
44939,1,1
44940,0,2
44941,0,2
44942,0,1
44943,2,3
44944,1,1
44945,1,1
44946,0,1
44947,1,1
44948,1,1
44949,1,1
44950,2,0
44951,2,3
44952,1,1
44953,1,1
44954,0,2
44955,1,1
44956,1,1
44957,1,1
44958,1,1
44959,1,1
44960,0,1
44961,0,1
44962,0,2
44963,1,1
44964,1,1
44965,1,1
44966,1,1
44967,0,1
44968,0,2
44969,1,1
44970,1,1
44971,1,1
44972,1,1
44973,3,2
44974,1,1
44975,0,2
44976,1,1
44977,1,1
44978,1,1
44979,1,1
44980,0,2
44981,1,1
44982,3,2
44983,1,1
44984,2,3
44985,1,1
44986,0,1
44987,3,2
44988,1,1
44989,1,1
44990,0,2
44991,1,1
44992,1,1
44993,0,1
44994,1,1
44995,0,2
44996,2,3
44997,0,2
44998,1,1
44999,1,1
45000,1,1
45001,0,2
45002,1,1
45003,0,1
45004,0,2
45005,1,1
45006,1,1
45007,1,1
45008,1,1
45009,0,2
45010,0,2
45011,0,1
45012,0,2
45013,0,1
45014,1,1
45015,0,2
45016,0,1
45017,3,2
45018,1,1
45019,1,1
45020,1,1
45021,2,3
45022,0,2
45023,1,1
45024,2,0
45025,0,2
45026,1,1
45027,1,1
45028,1,1
45029,1,1
45030,0,2
45031,0,2
45032,2,3
45033,1,1
45034,0,2
45035,1,1
45036,1,1
45037,0,1
45038,0,2
45039,1,1
45040,1,1
45041,1,1
45042,0,1
45043,1,1
45044,0,1
45045,1,1
45046,0,2
45047,1,1
45048,0,2
45049,0,2
45050,0,2
45051,0,2
45052,0,1
45053,1,1
45054,1,1
45055,0,2
45056,0,2
45057,1,1
45058,2,3
45059,1,1
45060,1,1
45061,0,1
45062,0,2
45063,1,1
45064,1,1
45065,1,1
45066,0,2
45067,0,2
45068,1,1
45069,1,1
45070,1,1
45071,0,2
45072,1,1
45073,0,1
45074,0,1
45075,0,2
45076,0,2
45077,1,1
45078,1,1
45079,1,1
45080,0,2
45081,1,1
45082,1,1
45083,1,1
45084,1,1
45085,0,1
45086,0,1
45087,1,1
45088,0,2
45089,1,1
45090,1,1
45091,1,1
45092,0,2
45093,1,1
45094,1,1
45095,1,1
45096,1,1
45097,1,1
45098,1,1
45099,0,2
45100,0,1
45101,0,2
45102,1,1
45103,1,1
45104,2,3
45105,0,2
45106,1,1
45107,1,1
45108,0,2
45109,0,1
45110,1,1
45111,2,0
45112,1,1
45113,1,1
45114,1,1
45115,0,2
45116,1,1
45117,2,3
45118,0,2
45119,0,2
45120,0,2
45121,2,3
45122,1,1
45123,1,1
45124,1,1
45125,0,2
45126,0,1
45127,0,1
45128,1,1
45129,1,1
45130,0,2
45131,0,2
45132,1,1
45133,1,1
45134,0,2
45135,1,1
45136,0,2
45137,1,1
45138,0,2
45139,1,1
45140,1,1
45141,1,1
45142,1,1
45143,1,1
45144,1,1
45145,1,1
45146,1,1
45147,0,2
45148,0,2
45149,0,1
45150,1,1
45151,1,1
45152,1,1
45153,1,1
45154,1,1
45155,1,1
45156,0,2
45157,1,1
45158,1,1
45159,1,1
45160,0,1
45161,1,1
45162,2,3
45163,1,1
45164,0,1
45165,1,1
45166,1,1
45167,2,3
45168,1,1
45169,1,1
45170,1,1
45171,0,2
45172,1,1
45173,1,1
45174,1,1
45175,1,1
45176,1,1
45177,1,1
45178,2,3
45179,1,1
45180,0,2
45181,1,1
45182,0,2
45183,1,1
45184,0,1
45185,2,3
45186,0,2
45187,0,1
45188,0,1
45189,0,2
45190,1,1
45191,1,1
45192,1,1
45193,1,1
45194,1,1
45195,0,1
45196,2,3
45197,0,2
45198,2,0
45199,1,1
45200,1,1
45201,1,1
45202,1,1
45203,1,1
45204,0,2
45205,1,1
45206,1,1
45207,1,1
45208,1,1
45209,1,1
45210,0,1
45211,1,1
45212,1,1
45213,1,1
45214,1,1
45215,1,1
45216,0,2
45217,0,2
45218,0,2
45219,0,2
45220,0,2
45221,0,2
